parent_asin,title,price,average_rating,rating_number,car,pack,unit_price,unit,fail_open,fail_open_reason,sampled,accessory_flag,z_car,z_value
B0B5Q98NL8,"Glad for Pets Clean & Go Waste Bag Dispenser & Antibacterial Soothing Aloe Hand Sanitizer Spray | With Poop Bag Holder, 15 Bags in Tropical Breeze Scent & Mini Hand Sanitizer",9.99,3.9,244,3.9856013505167374,,,,True,no pack size (sources_disagree),False,,-2.3845714365134203,
B009KAURMC,"Hand Sanitizer, Size 535mL, Foam",35.96,4.2,14,4.336900036088055,1 x 535 ml,1.9877834076028038,$/fl oz,False,,False,,-0.4547706525063396,-0.2489771328974493
B08FYCX181,"Itzy Ritzy Hand Sanitizer Holder; Fits 2-Ounce Bottles of Hand Sanitizer (Not Included); Clips to Diaper Bag, Purse or Travel Bag, Cognac",14.99,4.8,1090,4.7798157364108285,1 x 2 oz,,,True,non-dominant dimension (weight),False,,1.9783129337355763,
B071XDSC24,Germstar Hand Sanitizer 16oz. Original Pump Bottle (3 Pack),55.0,4.6,42,4.4719708588957054,,,,True,no pack size (sources_disagree),False,,0.28721840255309905,
B08R6JC7VC,"safeHands Alcohol-Free Hand Sanitizer 1 Gallon/128 oz Foaming Pump, No Alcohol Foaming Hand Sanitizer with Pump - Refillable – Made in the USA",23.99,4.6,292,4.564477463739848,,,,True,no pack size (sources_disagree),False,,0.795388019708751,
B008BVDQX8,"Purell Advanced Instant Hand Sanitizer Foam, 700 mL",40.21,4.0,12,4.3046848856664806,,,,True,no pack size (sources_disagree),False,,-0.631739212577538,
B004ZS9KR2,"PURELL TFX Touch-Free Hand Sanitizer Dispenser, Nickel, for 1200 mL PURELL TFX Hand Sanitizer Refills (Pack of 1) – 2780-12",62.87,3.6,28,4.1086488104144845,,,,True,no pack size (no_size_found),False,,-1.708630721863221,
B09J8Q165H,"Juniper CLEAN, 1 Pack Hand Sanitizing Wipes, Alcohol Free 75 Count Canister Disposable Hand Sanitizer Wipes, Fresh Scent, Lint Free & Durable",10.99,4.5,46,4.431092024539877,1 x 75 ct,,,True,non-dominant dimension (count),False,,0.06265733862290795,
B08XYF8NNL,"EO Organic Hand Sanitizer Spray: French Lavender, 2 Ounce, 6 Count",30.16,4.8,5134,4.795549190912487,6 x 2 oz,,,True,non-dominant dimension (weight),False,,2.064742044004127,
B09MHH98LK,MEABEN 8 PCS 30ML Hand Sanitizer Leather Keychain Holder Bottles Travel Empty Hand Sanitizer Squeeze Containers,23.99,4.6,182,4.547920349381304,1 x 8 ct,,,True,non-dominant dimension (count),False,,0.7044342712822498,
B089LGW538,"Kare & Kind 7x Silicone Hand Sanitizer Protective Cases (empty) - Soft Smooth Holders for 50 ML Bottles - Comes with Soft Adjustable Loops for Backpacks, Keychains - Use for Travel, Home",6.99,4.0,64,4.1704169699490485,,,,True,no pack size (only_weak_sources),False,,-1.369317631344193,
B0B9YS4G4F,Issengard Moisturizing Luxury Hand Cream & Sanitizer,9.99,4.8,10,4.439206288343558,1 x 1 oz,,,True,non-dominant dimension (weight),False,,0.10723169455742532,
B0BQQK326F,"PURELL 960524 Advanced Instant Hand Sanitizer, 2oz, Squeeze Bottle (Case of 24)",24.99,4.6,212,4.553793994187924,24 x 2 oz,,,True,non-dominant dimension (weight),False,,0.7367001601635591,
B08QNJWT2D,Studio Oh! Hand Sanitizer Holder with Travel Bottle Refillable Mini Bottle in Citrus Bliss Portable Keychain Holder Keeps Hands Clean & Germ-Free,8.5,4.5,738,4.491299498047964,,,,True,no pack size (no_size_found),False,,0.39339706054937773,
B08CK2FYSB,"Hand Sanitizer Holder Keychain - Compatible with Any Travel Size 2oz Sanitizer Bottle, Clip On Case for Purse, Bag, Pouch, 2 Pack Stocking Stuffers",15.99,4.5,70,4.444429052048289,2 x 2 oz,,,True,non-dominant dimension (weight),False,,0.135922076577162,
B06XJBSSHD,"Germstar 20056 Original Hand Sanitizer Refill, 32 oz Case of 6, 6, Original",170.0,4.7,10,4.423581288343558,6 x 32 oz,,,True,non-dominant dimension (weight),False,,0.021398361019406172,
B09BK6WL4R,"Purell Advanced Hand Sanitizer Foam CS6 Starter Kit, 1-1200 mL Green Certified Hand Sanitizer Foam Refill + 1 CS6 Graphite Touch-Free Sanitizer Dispenser (Pack of 1) - 6551-1G",54.82,4.5,54,4.436196319018405,,,,True,no pack size (title_is_kit),False,,0.09069692969182083,
B0BYQR5VDB,"Hand Sanitizer Holder Cute Pikachu Hand Sanitizer Holder for Backpack, For 1 oz Bottle Case",9.99,4.5,594,4.489366053169734,1 x 1 oz,,,True,non-dominant dimension (weight),False,,0.38277600332630396,
B07KY2ZBJZ,ECOLAB Instant Hand Sanitizer Gel 750ml - 1 Unit Per Order,10.99,4.8,10,4.439206288343558,1 x 750 ml,0.43335078652250003,$/fl oz,False,,False,,0.10723169455742532,0.9663468830790131
B09JB1QSR7,"Orbel Hand Sanitizer Dispenser with Wearable Clip for Travel, Work, and School, Sanitizing Clip-On Device for Clothes, Backpack, Purse, or Keychain, 6 Pack",59.99,3.3,27,4.014928425357873,1 x 6 ct,,,True,non-dominant dimension (count),False,,-2.2234680383352683,
B084TW2Y96,Bath Body Works Hand Gel Sanitizer Holder Turtle,20.0,4.7,166,4.619587283881763,,,,True,no pack size (no_size_found),False,,1.0981246324102658,
B0BHXH9ZRY,"ALŌ Sanitizing Hand Gel - Clean Hands, Clear Mind - On The Go Mint Hand Sanitizer Gel for Kids and Adults (Peppermint Eucalyptus and Aloe (2 Pack, 8 oz))",27.9,4.3,52,4.3368792684338455,,,,True,no pack size (sources_disagree),False,,-0.4548847361537367,
B0B2Q3XSLB,"Ellipse Gel Hand Sanitizer, Coconut, 1.28 Fl Oz",9.99,4.6,271,4.562182161396885,1 x 1.28 fl oz,7.8046875,$/fl oz,False,,False,,0.7827791588080045,-1.340214995200094
B09VY6FW1X,"Kleenex® Foam Hand Sanitizer (34136), Alcohol, Dye, & Fragrance Free, Clear, 1.5oz Pump Bottle, 12 Bottles / Case",117.38,3.2,21,4.044122699386503,,,,True,no pack size (sources_disagree),False,,-2.063094159288884,
B08KLZJ19H,Medical Grade Ethanol - 95% Ethyl Alcohol - for Hand Sanitizer Production - No Fermentation Smell - Does Not Contain Methanol (Ethyl Alcohol - Medical Grade (Pack of 4)),35.99,4.5,61,4.440080021339024,,,,True,no pack size (no_size_found),False,,0.11203140115729526,
B0873YDY7W,"TriDerma MD Moisturizing Hand Sanitizer Pump with Soothing Aloe and Vitamin E, Refreshes and Leaves Hands Feeling Clean and Soft, Fragrance Free, 8 Ounce Bottle",7.49,4.4,965,4.398536999464169,,,,True,no pack size (sources_disagree),False,,-0.116178266219449,
B09JVCWLXS,Duufin 60 Pieces Empty Travel Size Bottles with Keychain Holder Set Including 30 Pieces Clear Refillable Hand Sanitizer Bottles and 30 Pieces Hand Sanitizer Holder Keychain for Backpack and Purse,22.88,4.7,57,4.540623445531422,,,,True,no pack size (title_conflicting_counts),False,,0.6643499460379747,
B089QX26F3,"BodyMed Hand Sanitizer, 16 Ounce – Case of 16 – Gel Sanitizer with Pump – Formulated with 70% Ethyl Alcohol – Alcohol Based Sanitizing – Hand Sanitizer Gel with Alcohol",59.99,5.0,1,4.383803680981595,16 x 16 oz,,,True,non-dominant dimension (weight),False,,-0.1971132959433948,
B08VN59RZ8,arlind exclusives Hand Sanitizer Bracelet | Wearable Silicone Wristband | with Refill Bottle (Sanitizer Not Included) (Purple),11.99,1.0,1,4.311076408254323,,,,True,no pack size (no_size_found),False,,-0.5966284484112635,
B08HCY1749,"2oz Hand Sanitizer Travel Size Holder, Travel Keychain Bottles Sanitizer Holder Refillable Squeeze Containers for Kids and Adult (2oz, 5 Pack)",7.99,4.6,72,4.5024539877300604,1 x 5 ct,,,True,non-dominant dimension (count),False,,0.45467239068248155,
B08M4BVNZP,Bath & Body Works Hand Sanitizer Holder Light-up Snow Fairy Gel Sold Separate,15.99,4.2,29,4.312159065710695,,,,True,no pack size (no_size_found),False,,-0.5906810501034091,
B08LMB34NX,"Flents Lil' Squirt Hand Sanitizer Gel, 2.7 Fl Oz, Made in The USA",4.29,4.1,31,4.273049440635149,1 x 2.7 fl oz,1.5888888888888888,$/fl oz,False,,False,,-0.8055232576974061,-0.07026810092231353
B08CQHDQ7V,Bath & Body Works A Thousand Wishes Pocketbac Hand Sanitizer 1 Oz,9.99,4.5,48,4.432443161313605,1 x 1 oz,,,True,non-dominant dimension (weight),False,,0.0700795833176202,
B00TUEGZU6,Kimberly-Clark Professional Kleenex Instant Hand Sanitizer - 8 Oz Set of 2,23.89,3.4,11,4.207833883907504,,,,True,no pack size (sources_disagree),False,,-1.163774050175589,
B07J64GHJ2,"Vital Luxury Signature - Antibacterial Hand Sanitizer-Fresh Pomegranate,1 Fl,Oz Each(Pack of 15)",29.99,4.2,32,4.3082465401626475,1 x 15 fl oz,1.999333333333333,$/fl oz,False,,False,,-0.6121738571652701,-0.2535996512521132
B07CGNSH1J,"PURELL GOJ965606EA Instant Hand Sanitizer Refill Bag-In-Box 800 ml Bag, Clear",41.02,4.6,26,4.446365030674847,1 x 800 ml,1.5163827283171876,$/fl oz,False,,False,,0.14655705252441523,-0.0330022151978438
B0BKTLCB3V,"Cleanze Hand Sanitizer Gel with 70% Alcohol | Hand Sanitizing Gel with Alcohol Contains Aloe & Cucumber, Hand Sanitizer Kills More Than 99.9% bugs, 8 Fl Oz",6.9,4.5,4,4.3811931457584095,1 x 8 fl oz,0.8625,$/fl oz,False,,False,,-0.2114538361369585,0.41718908993328196
B08W8QP426,Colemerg Hand Wipes Sanitizer – 20pcs Antibacterial Hand Wipes (Pack of 12) – Non-Alcohol Wipes for Hand Disinfection – Quick and Easy Solution – Fresh Scent – Travel-Friendly Pack – Sanitary Wipes,4.99,4.7,9,4.419193689745836,,,,True,no pack size (sources_disagree),False,,-0.0027041806682236145,
B085W7S3CC,"Daisy Lane Hand Sanitizer Holder for Backpack Kids Travel Size Baseball Softball Keychain (Baseball, Pack of 2)",8.19,4.6,70,4.500880664951514,,,,True,no pack size (no_size_found),True,True,0.4460296041983885,
B0977XQCSR,"Instyle ActivEssence | Wild Melon | Hand Sanitizer Spray | Kills 99.99% Of Germs | Fast Drying | With Aloe | Non Greasy | CLEAN, Vegan, Paraben Free, Phthalate Free | 8 Fl Oz",9.99,4.5,123,4.46106894041801,1 x 8 fl oz,1.24875,$/fl oz,False,,False,,0.22733053023947902,0.12193013943431427
B092D43N19,"Ezindraw 2 PCS Portable Hand Sanitizer Holders, Hand Sanitizer Keychains with Door Opener Tool, Spray or Squeeze Empty Bottles, Hand Gel Holder Travel Size for Backpack, Red, Black",8.38,4.2,64,4.278891546220235,1 x 2 ct,,,True,non-dominant dimension (count),False,,-0.7734306242734699,
B08G8514FJ,"1000ML Automatic Hand Sanitizer Dispenser with Stand, Hand Sanitizer Station Kit ,Adjustable Mist Spray Machine for Offices Schools Public Area (Stainless Steel Floor Stand + Automatic soap dispenser)",21.48,4.0,38,4.218578287543345,,,,True,no pack size (title_is_kit),False,,-1.104751459395285,
B088H4WTWT,"Automatic Hand Sanitizer Dispenser Station System (Dispenser + Stand) 1000ML,Hand Sanitizer Dispenser and Floor Stand",79.95,4.3,10,4.361081288343558,,,,True,no pack size (no_size_found),False,,-0.32193497313267044,
B0BW5HG3N7,"Purell Advanced Green Certified Hand Sanitizer Gel, 1200 mL Sanitizer Refill for Purell LTX Touch-Free Dispenser (Pack of 2) - 1903-02",43.51,4.7,1464,4.688345983171271,,,,True,no pack size (only_weak_sources),False,,1.4758390880746945,
B088FZBVCN,"BodyMed Hand Sanitizer, 1 Gallon (128 oz.) – Gel Sanitizer, NO Pump – Formulated with 70% Ethyl Alcohol – Alcohol Based",17.99,3.9,31,4.200108264164561,,,,True,no pack size (sources_disagree),False,,-1.2062134547313605,
B08JFSJG5M,"HandiGuru Refillable Hand Sanitizer Bracelet Kit - Portable On the Go Silicone Travel Dispenser Wristband for Adults, Teens, Kids - with refill bottle - no liquids included (Camouflage)",10.46,3.7,351,3.7896523517382414,,,,True,no pack size (title_is_kit),False,,-3.4609846057035356,
B0C63ZR9WN,"Everyone Hand Sanitizer Spray, 2 Fl Oz (Pack of 6), Lavender and Aloe, Plant Derived Alcohol with Pure Essential Oils, 99% Effective Against Germs",23.94,4.8,2850,4.792048623434568,6 x 2 fl oz,1.995,$/fl oz,False,,False,,2.0455122599462365,-0.25186849944650486
B08PH38Z4G,"Wooden Mallet Hand Sanitizer Dispenser Floor Stand, Black, Model Number: HSS2BK",135.99,4.3,23,4.350768863038802,,,,True,no pack size (no_size_found),True,True,-0.3785845629418918,
B00U2KYUAY,"PURELL Advanced Hand Sanitizer Gel, Refreshing Aloe, 8 fl oz Sanitizer Counter Top Pump Bottles (Pack of 4) - 9674-04-EC",21.27,4.8,1271,4.782572982984141,4 x 8 fl oz,0.6646875,$/fl oz,False,,False,,1.993459408281094,0.6250463358749838
B09784HXDG,Duufin 40 Pieces Empty Travel Bottle Holders Keychain Set Include 20 Pieces Hand Sanitizer Holder Keychains and 20 Pieces Reusable Flip Cap Travel Bottles for Hand Sanitizer,16.99,4.7,241,4.64003119475928,,,,True,no pack size (title_conflicting_counts),True,True,1.2104298497652424,
B0899M92K9,"iSYFIX Please Use Hand Sanitizer Signs Stickers - 4 Pack 6x6 Inch - Yellow Premium Self-Adhesive Vinyl, Labels, Laminated for Ultimate UV, Weather, Scratch, Water and Fade Resistance, Indoor & Outdoor",6.95,4.6,139,4.5363171111605585,1 x 4 ct,,,True,non-dominant dimension (count),True,True,0.6406938158376206,
B09P477RLT,Dove Nourishing Hand Sanitizer 99.99 percent Effective Against Germs Lavender and Chamomile Antibacterial Gel with 61 percent Alcohol and Lasting Moisturization For Up to 8 Hours 2 oz 6 Count,17.82,4.7,1122,4.684956804807813,,,,True,no pack size (sources_disagree),False,,1.4572212015537025,
B08B2KJTTB,"Hand Sanitizer Holder Red Quilt Tassel Hand Sanitizer Holder for Backpack, For 1 oz Bottle Case (Red)",8.99,3.7,18,4.204294478527607,1 x 1 oz,,,True,non-dominant dimension (weight),False,,-1.183217183775521,
B08YPBMMB7,"SONO Hand Sanitizing Wipes - Medical Grade, Alcohol-free Sanitary Wipes - Sanitizer Wipes with Moisturizer and Bergamot Essential Oil - 6-Pack x 20 Count",17.5,4.7,72,4.559596844872918,6 x 20 ct,,,True,non-dominant dimension (count),False,,0.7685771533358124,
B07CP442T7,"Mrs. Meyer's Antibacterial Hand Sanitizer Spray, Travel Size, Removes 99.9% of Bacteria, Lavender, 2 oz",3.89,4.7,678,4.675832243789602,,,,True,no pack size (sources_disagree),False,,1.4070969462407974,
B0BYF86GL4,"Touchland Power Mist Hydrating Hand Sanitizer DYE FREE 3-PACK | Rainwater, Unscented, Beach Coco | 500-Sprays each, 1FL OZ (Set of 3)",29.99,4.7,2336,4.692597992658572,3 x 1 fl oz,9.996666666666666,$/fl oz,False,,False,,1.4991967935806396,-1.5377072665001938
B0921N8JGD,"KINIA 8 Pack Empty SPACE Kids Hand Sanitizer Travel Size Holder Keychain Carriers, 8-1 fl oz Flip Cap Reusable Portable Empty Bottles (8-Variety Pack SPACE)",9.95,4.5,4463,4.4984744747518235,1 x 8 ct,,,True,non-dominant dimension (count),False,,0.4328115993365687,
B07NRMJMKS,Bath and Body Works 6 Pack Rosewater & Ivy Pocketbac Hand Sanitizer 1 Oz. Travel Size Body Cream 1 Oz.,19.95,4.9,23,4.529989642259581,,,,True,no pack size (sources_disagree),False,,0.6059349199253625,
B00D654TPI,"PURELL Advanced Hand Sanitizer Foam ADX-7 Starter Kit, 1 – 700 mL Sanitizer Foam Refill + 1 – PURELL ADX-7 Chrome/Black Push-Style Dispenser - 8705-D1",41.79,4.0,41,4.211675815305134,,,,True,no pack size (title_is_kit),False,,-1.1426690403142763,
B09M2LZYHC,Limited Brands Bath Body Works Hand Sanitizer Holder Popcorn,7.74,4.4,32,4.382665144813811,,,,True,no pack size (no_size_found),True,True,-0.20336765464000314,
B089LGB5B4,"NuValu Aloha Piña Colada Scented Antibacterial Scented Hand Sanitizer (1fl. oz. bottles), 5 PACK (SAMPLE Pack)",11.49,4.6,884,4.586896804321948,5 x 1 fl oz,2.298,$/fl oz,False,,True,False,0.9185449309334424,-0.36468214737536253
B08H8QCDWP,"PURELL Advanced Hand Sanitizer Green Certified Foam, 1200 mL Refill for PURELL CS8 Touch-Free Hand Sanitizer Dispenser (Pack of 2) - 7851-02",84.28,3.1,12,4.141048522030117,,,,True,no pack size (only_weak_sources),False,,-1.5306483056302447,
B07MN9W1SF,"Kutol Health Guard EZ Foaming Instant Hand Sanitizer, Alcohol Free - 1000 mL/Bag, 6 Bags/Case",94.88,4.8,10,4.439206288343558,,,,True,no pack size (sources_disagree),False,,0.10723169455742532,
B00U5YPFZ6,Babyganics Alcohol-free Foaming On-The-Go Hand Sanitizer Bundle - 4 Items: Mandarin 50 ml Bottles,23.0,4.4,122,4.391529559397657,,,,True,no pack size (sources_disagree),True,False,-0.154672470409951,
B00BQMB86Q,"Purell Advanced Green Certified Hand Sanitizer Foam, Fragrance Free, 700 mL EcoLogo Certified Hand Sanitizer Refill for LTX-7 Touch-Free Dispenser (Pack of 3) - 1304-03",83.04,3.0,9,4.1763365468886935,,,,True,no pack size (only_weak_sources),False,,-1.3367994219448642,
B0BSDWXNV9,"Hygiene Clean Foaming Non-Alcohol Hand Sanitizer Alcohol-Free Foaming Hand Sanitizer with Aloe (4 Pack: Sping Bloom, Lavendar Blossom, Lilac Garden, Blueberry Lemonade) 8 Fl Oz",24.98,4.5,40,4.426693643127529,4 x 8 fl oz,0.780625,$/fl oz,False,,False,,0.03849556334012434,0.49676795204977575
B0BMM1C57B,"O’Keeffe’s Working Hands Moisturizing Hand Sanitizer, 2oz (Pack of 2)",17.99,4.8,29,4.521797619927563,,,,True,no pack size (sources_disagree),False,,0.5609334104741612,
B09GPT31HT,Halafs Hello Kitty PVC Designed Silicone 1 Oz Travel Size Pocketbac Lotion Hand Gel Sanitizer Holder Case Cover,10.99,4.4,173,4.393432609929461,1 x 1 oz,,,True,non-dominant dimension (weight),False,,-0.14421837946364424,
B017CSUVBU,"Purell Advanced Hand Sanitizer Refreshing Gel, Clean Scent, 1 Liter Pump Bottle (Pack of 2) - 3080-02-EC",36.99,4.8,830,4.773879188296366,2 x 1 l,0.5469624292584375,$/fl oz,False,,False,,1.9457014960156944,0.780578862816759
B07BYDJ1V2,"Bath and Body Works 2 Pack PocketBac Hand Sanitizer Holder""Sparkled Pink""",8.75,4.5,356,4.483193176717043,1 x 2 ct,,,True,non-dominant dimension (count),False,,0.3488663352653232,
B09F9CZ8KL,"HAAN Hydrating Hand Sanitizer with Aloe Vera (Travel Size), Cleanses Your Hands While Moisturizing, Wood Night Cedarwood Scent, 1.01 fl. oz.",15.99,4.2,85,4.266972679525091,1 x 1.01 fl oz,15.831683168316832,$/fl oz,False,,False,,-0.8389049321415954,-1.9045329939080768
B085DJXNJ9,Equate Hand Sanitizer with Vitamin E Travel Size 3oz,10.0,3.0,6,4.235153374233128,,,,True,no pack size (sources_disagree),True,False,-1.0136989829622742,
B0BNP7ZZRC,"Wet Ones Plant Based Antibacterial Hand Wipes, Travel Wipes | Antibacterial Wipes, Hand Sanitizer Wipes, Wet Ones Wipes, Plant Based Wipes, Lightly Scented Wipes, 20 ct. (10 pack)",19.9,4.8,31,4.528343558282208,10 x 20 ct,,,True,non-dominant dimension (count),False,,0.596892431921427,
B09NMVWFM6,"Live Clean Hand Sanitizer Lotion, Coconut & Organic Aloe, 8 Oz (Pack of 12)",65.88,4.2,36,4.303435582822086,12 x 8 oz,,,True,non-dominant dimension (weight),False,,-0.6386020495524442,
B087X91C6X,"OceanTeda 8 Pack 50ml/1.7 oz Clear Empty Hand Sanitizer Bottles, Travel Containers with Flip Cap - Refillable Containers, for Hand Sanitizer, Baby Shower",5.29,4.1,192,4.159793505910519,1 x 8 ct,,,True,non-dominant dimension (count),True,True,-1.4276758606016797,
B0096XXB5I,"Purell TFX Touch-Free Foam Hand Sanitizer Dispenser, Dove Grey, for PURELL TFX 1200 mL Foam Hand Sanitizer Refills (Pack of 1) - 2720-12",18.0,4.2,1761,4.205129037164732,,,,True,no pack size (no_size_found),False,,-1.1786326749846472,
B086N46K3H,"Body Merry 70% Ethyl Alcohol Hand Sanitizer Gel Kills Germs Without Drying Skin, CDC Strength Enriched w Certified Organic Extracts to Lift Dirt for a Deep Clean (8 oz)",10.99,3.6,37,4.058342884109756,1 x 8 oz,,,True,non-dominant dimension (weight),False,,-1.9849779443562,
B09935Q8WV,PEANUTS Hand Sanitizer Gel | Set of 4 Mini Hand Sanitizers with Peanuts Gang Characters| Travel Alcohol-Based Hand Sanitizer | Moisturizing Hand Sanitizer Gel with Aloe Vera,9.95,4.8,70,4.613783890757966,1 x 8 fl oz,1.24375,$/fl oz,False,,False,,1.0662446594408514,0.12513119055293637
B08J2KN39K,"Zogics Touch-Free Automatic Dispenser for Gel Hand Sanitizer and Liquid Soap, Wall-Mounted (Black)",37.95,4.4,10,4.376706288343558,,,,True,no pack size (no_size_found),False,,-0.23610163959465127,
B0BQ7PNXSM,"ALŌ Sweet Orange Bergamot + Aloe Sanitizing Hand Wipes - Clean Hands, Clear Mind - On The Go Hand Sanitizer Wipes for Kids and Adults - Travel Size (3 Pack, 20ct Wipes)",14.9,4.7,371,4.658374594009383,3 x 20 ct,,,True,non-dominant dimension (count),False,,1.3111962565527713,
B08NFJ7TG5,"Purell ES1 Hand Sanitizer Dispenser Starter Kit, Push-Style Dispenser with PURELL Advanced Hand Sanitizer Gel, 450 mL Refill (Pack of 1) - 4424-D6",18.53,4.7,1569,4.689099939897712,,,,True,no pack size (title_is_kit),False,,1.479980823701824,
B08NKH43GV,"The Honest Company Hand Sanitizer Spray, Fragrance Free, 2 Fluid Ounce - Packaging May Vary",2.99,4.0,2648,4.007442339916354,1 x 2 fl oz,1.495,$/fl oz,False,,False,,-2.2645916011254124,-0.021671387082024655
B085LMP9VM,Zep Alcohol Hand Sanitizer Liquid Refill (1 Gallon Case of 4) - Refill for Spray Dispensers Made in USA (90024),69.99,4.6,370,4.57101226993865,,,,True,no pack size (no_size_found),False,,0.8312858885131048,
B084HHMMVZ,"Babyganics Alcohol-Free Hand Sanitizer Wipes, Mandarin with Babyganics All Purpose Surface Wipes",26.41,4.5,25,4.41277471460744,,,,True,no pack size (no_size_found),False,,-0.037965750845904214,
B08M7NMM42,"Purell Advanced Hand Sanitizer Green Certified Gel, Fragrance Free, 1000 mL Refill for PURELL Push-Style CS2 Hand Sanitizer Dispenser (Pack of 8) - 4163-08",106.7,3.8,11,4.275526191599811,,,,True,no pack size (only_weak_sources),False,,-0.7919176390324193,
B09CRVT62R,"Hemp and Hand - Hemp Hand Sanitizer Spray (Fresh Citrus, 2 Ounce (2-Pack))",14.99,4.1,32,4.271037237837066,,,,True,no pack size (sources_disagree),False,,-0.8165769584279011,
B07CCNDC6D,PURELLÂ Portable Instant Hand Sanitizer,6.55,3.0,2,4.323378615249781,1 x 24 ct,,,True,non-dominant dimension (count),False,,-0.5290483244883891,
B099T7TFRG,"Dr. Bronner's - Peppermint Variety Pack - (1) 32 oz Pure-Castile Liquid Soap & (1) 2 oz Organic Hand Sanitizer Spray - Certified Organic, Non-GMO, Vegan, Cruelty-Free | 2-Pack",28.95,4.7,20,4.460935168297132,,,,True,no pack size (title_conflicting_weight),False,,0.22659567538703523,
B091GBLGLX,"Babyganics Kids Foaming Pump Hand Sanitizer, Alcohol Free, Cupcake, Kills 99.9% of Common Bacteria, Moisturizing, 8.45 Fl Oz (Pack of 3)",17.87,4.6,262,4.5611050710569225,3 x 8.45 fl oz,0.7049309664694281,$/fl oz,False,,True,False,0.7768623425263668,0.5781457789010491
B07B1248W8,Travel Hand Sanitizer Gel with Aloe Vera & Vitamin E Made by L’AUTRE PEAU - Citrus Scented Alcohol Based Liquid Instant Hand Cleaner Pocket Sanitizer with Carabiner Clip (2oz 6 Pack),19.49,4.5,87,4.451129095418352,,,,True,no pack size (sources_disagree),False,,0.17272764824448048,
B08DCTTK52,Hand Sanitizer Holder - Many Styles! (2 Pack Light Blue Silicone),14.0,3.7,10,4.267331288343558,,,,True,no pack size (only_weak_sources),False,,-0.8369349743607853,
B0013CLLSE,"PURELL Advanced Hand Sanitizer Foam Refill, 1200 mL Refill",49.48,4.6,36,4.463435582822086,1 x 1200 ml,1.21941520229375,$/fl oz,False,,False,,0.24033128587687275,0.14089660963120926
B012C5E4V6,Bath & Body Works PocketBac Hand Sanitizer Gel Noir For Men Lot of 5,21.92,4.8,246,4.723030674846625,,,,True,no pack size (no_size_found),True,False,1.6663736614656754,
B075MXL2LQ,"PURELL ES4 Push-Style Hand Sanitizer Dispenser, Graphite, for 1200 mL PURELL ES4 Hand Sanitizer Refills (Pack of 1) - 5024-01",8.42,4.0,38,4.218578287543345,,,,True,no pack size (no_size_found),False,,-1.104751459395285,
B08JYX6S6K,"Vish Hand Sanitizing Wipes, kills 99.9% of germs with Aloe Vera, hand sanitizer Cleansing Wipes (25 Count (Pack of 9)) Clean Refreshing Scent & Moisturizing, Perfect for Travel and On The Go - Premium",23.93,4.4,133,4.3920278206095595,9 x 25 ct,,,True,non-dominant dimension (count),False,,-0.1519353554793743,
B019666XGS,"PURELL Advanced Hand Sanitizer Naturals with Plant Based Alcohol, Citrus Scent, 2 fl oz Travel Size Pump Bottle (Pack of 24) - 9623-24",56.24,4.8,78,4.625069715560513,,,,True,no pack size (sources_disagree),False,,1.1282414571706867,
B07DGGHR4M,"Purell 642001 ES6 Touch Free Hand Sanitizer Dispenser, Plastic, 1200 mL, White",21.1,4.0,68,4.164829528311374,,,,True,no pack size (no_size_found),True,True,-1.4000113108136782,
B08VRLCCL7,Zep Premium Hand Sanitizer Gel 16.9 oz per bottle (Pack of 3 bottles) MADE IN U.S.A.,14.99,3.8,56,4.080992749581706,3 x 16.9 oz,,,True,non-dominant dimension (weight),False,,-1.8605546830669077,
B0C7742KFN,"Babyganics Foaming Pump Hand Sanitizer, Alcohol Free, Mandarin, Kills 99.9% of Common Bacteria, Moisturizing, 8.45 Fl Oz (Pack of 3)",17.18,4.7,18025,4.6990214725623085,3 x 8.45 fl oz,0.6777120315581855,$/fl oz,False,,False,,1.534483109935977,0.6095634776002835
B09SF2FQFY,"Dove Advanced Care Hand Sanitizer Lavender & Chamomile Pack of 4 for Soft, Smooth Skin, 99.99% Effective Against Many Germs, 8 oz",21.16,4.6,3900,4.5968915534785,4 x 8 oz,,,True,non-dominant dimension (weight),False,,0.9734494197643634,
B075NKR6B4,"PURELL ES8 Automatic Hand Sanitizer Dispenser, Graphite, for 1200 mL PURELL ES8 Hand Sanitizer Refills (Pack of 1) - 7724-01",10.8,4.4,67,4.387679359123866,,,,True,no pack size (no_size_found),False,,-0.17582290396441472,
B089FFBZR8,"Rapid Care First Aid Cleace Advanced Premium 75% Alcohol 17 oz Instant Hand Sanitizer Gel with Easy to Dispense Hand Pump, Pack of 6 (HS17-6)",13.26,4.2,64,4.278891546220235,,,,True,no pack size (sources_disagree),False,,-0.7734306242734699,
B004Q3RT5Q,"PURELL Advanced Hand Sanitizer Soothing Gel, Fresh Scent, with Aloe and Vitamin E, 1000 mL Gel Hand Sanitizer Refill for PURELL NXT Dispenser (Pack of 8) - 2137-08",116.11,4.5,62,4.440596572879205,,,,True,no pack size (only_weak_sources),False,,0.11486899095812202,
B09ZGT7RG9,"PURELL Singles Advanced Hand Sanitizer Gel, Fragrance-Free, 18 Count Single-Use Travel-Size Packets (Pack of 4) - 9630-04-18EC",15.99,4.8,25,4.5077114234682,4 x 18 ct,,,True,non-dominant dimension (count),False,,0.48355323773953135,
B08FWZRMPF,FLYGIENE Hand Sanitizer Travel Size 2oz (6 Pack) Made in USA | 70% Alcohol + Aloe | TSA Approved Travel Bottles | Small Hand Sanitizer Travel Size Toiletries for Airplane Travel Essentials for Flying,32.99,4.5,31,4.418931793576325,,,,True,no pack size (sources_disagree),False,,-0.004142863629502129,
B08MBJ7S2T,"SONO Disinfecting Wipes with Foaming Hand Sanitizer - Medical-Grade, Alcohol-Free Wipes, No Bleach, Counter Disinfectant Wipes - For Multi-Surface Cleaning, With Multi-Hour Hand Sanitizer",21.98,4.6,78,4.506887897378695,1 x 80 ct,,,True,non-dominant dimension (count),False,,0.4790293344103965,
B00STLKK3Y,"PURELL NXT Advanced Hand Sanitizer Gel, 1000 mL Hand Sanitizer Gel Refill for PURELL NXT Push-Style SPACE SAVER Dispenser (Pack of 4) - 2156-04",44.28,4.7,262,4.644016463461987,,,,True,no pack size (only_weak_sources),False,,1.2323222592243164,
B07X3XP1J9,"Isagel Hand Sanitizer Gel, 1645, 21 oz Bottle (each)",15.91,5.0,6,4.435153374233129,,,,True,no pack size (sources_disagree),False,,0.08496768632437188,
B06ZYQ9KDQ,PURELL Smart Dispenser with PURELL Green Certified Gel Hand Sanitizer - Dash Replenishment Enabled DRS (White Starter Kit),46.02,1.0,2,4.25195004382121,,,,True,no pack size (title_is_kit),False,,-0.9214292778050467,
B01IAIDP00,Purell Advanced Hand Sanitizer Refreshing Gel 2 oz (Pack of 10),24.9,4.3,82,4.328744135691085,,,,True,no pack size (sources_disagree),False,,-0.4995737321272017,
B09RX22LYV,"ZestWire Disposable Urine Bags and Single Use Hand Sanitizer Packets, 16 Pc. Bundle, Portable Camping, Car Travel, Emergency Toilet for Men, Women, and Kids, Odorless",24.99,4.9,9,4.447765118317265,1 x 16 ct,,,True,non-dominant dimension (count),False,,0.15424820065843942,
B095F1Q2N5,"MagiCare Hand Sanitizer Wipes (2 Canisters) - Disposable 75% Alcohol Wipes - Premium Unscented Sanitizing Wipes for Home, Travel, Classroom, Camping, etc. - Two, 100ct Hand Wipes Canisters (200pcs)",19.99,4.5,101,4.4555432416386305,,,,True,no pack size (title_conflicting_counts),False,,0.19697602487236718,
B004ZS7USS,"PURELL Advanced Hand Sanitizer Biobased Gel, Fragrance Free, 3 fl oz FST Rugged Travel Size Bottle (Pack of 24) - 9624-24",64.63,4.4,12,4.377412158393754,,,,True,no pack size (sources_disagree),False,,-0.23222406010966437,
B09RB7RPP4,Dr Lucid Eucalyptus Hand Sanitizer 1 Gallon Liquid 70% Alcohol Essential Oil Antibacterial Refreshing and Moisturizing,22.99,3.3,3,4.315950920245399,1 x 1 gal,0.179609375,$/fl oz,False,,False,,-0.5698511291430957,1.6690734025194942
B00TZNLB88,"PURELL Advanced Hand Sanitizer Foam, Clean Scent, 1200 mL Hand Sanitizer Foam Refill for PURELL TFX Touch-Free Dispenser (Pack of 2) - 5392-02",85.58,4.7,569,4.671603856266433,,,,True,no pack size (only_weak_sources),False,,1.3838690040581334,
B08FYZ1XHM,"NimJoy 8PCS Empty Mixed Kids Hand Sanitizer Travel Size Holder Keychain Carriers, 8-1 fl Oz. Flip Cap Reusable Portable Bottles w/Colorful Silicone Case",10.99,4.3,10,4.361081288343558,1 x 8 ct,,,True,non-dominant dimension (count),False,,-0.32193497313267044,
B097NP7KJS,"SAFE & SOFT Antibacterial Hand Sanitizer Wipes - Bulk Size | 72ct, (8-pack) | Alcohol Free | Light Fresh Scent | One-Step Sanitizing and Cleaning",35.0,3.8,16,4.241560035056968,8 x 72 ct,,,True,non-dominant dimension (count),False,,-0.9785050594193901,
B095XYDLR3,"SupplyAID 80% Alcohol Hand Sanitizer Gel w/Soothing Aloe FDA # 74035-1051-5, 16 Fl Oz, Pack of 2",14.07,4.6,8023,4.598478296701002,2 x 16 fl oz,0.4396875,$/fl oz,False,,False,,0.9821659292207597,0.9547645620833768
B08N5WHL9D,"Zogics Touch-Free Automatic Foaming Hand Sanitizer Dispenser, Tabletop Stand (White)",49.95,4.0,7,4.3296590566227495,,,,True,no pack size (no_size_found),False,,-0.4945477664639414,
B09RV3W27L,"SprayCare – The World's First Wristband Atomizer – Electronically Sprays – Portable Liquid Hand Sanitizer Dispenser for Adults, Teens, and Kids – Bracelet for Travel and Daily Use – Spray Care is Refillable and Reusable",32.99,3.6,38,4.053360896238997,,,,True,no pack size (no_size_found),False,,-2.012345664458163,
B09LDG9PC3,"BAR-D Antibacterial Hand Wipes | Peppermint Oil, Aloe Vera, Tea Tree Oil | 10 Wipes/Pack, 6-Pack | Sanitizing Hand Wipes with Essential Oils to Smell and Feel Great | Disinfecting Wipes Travel Size | Hand Sanitizer Wipes Travel Size",15.99,4.7,72,4.559596844872918,6 x 10 ct,,,True,non-dominant dimension (count),False,,0.7685771533358124,
B08CV5QDMD,"JAXPETY Floor Hand Sanitizer/Soap Dispenser Stand, Public Area Liquid Soap Non-Contact Floor Stand for School Office Toilet with Warning Signs Rack, Silver",69.99,3.9,12,4.286503067484663,,,,True,no pack size (no_size_found),False,,-0.7316180006945027,
B088GS88NT,Pullio - Faith Alcohol Free Hand Sanitizer Wet Wipes for Clean Hands | Travel Hand Sanitizer Bulk | Natural Citrus Scent (20ct X 8PK),9.99,4.3,40,4.341587260148806,8 x 20 ct,,,True,non-dominant dimension (count),False,,-0.42902216827121226,
B07FBRWGK2,Bath and Body Works Black Cherry Merlot Hand Cream & PocketBac Hand Sanitizer Duo Travel Size,17.0,4.9,22,4.525121084920891,,,,True,no pack size (only_weak_sources),False,,0.5791903115477148,
B018HUOASW,Purell 962424 Instant Hand Sanitizer Fst Military Bottle 3 Oz. Bottle Lemon Scent,71.18,4.7,73,4.560702381527463,,,,True,no pack size (sources_disagree),False,,0.7746502347059272,
B0886K21FS,"Handvana HydroClean Foam Hand Sanitizer - Alcohol-Free Foam Sanitizer Kills 99.9% of Germs & Softens Hands, Odor-free, Unscented Sanitizing Formula with Coconut Oil, Aloe Vera, & Hyaluronic Acid",18.44,4.7,677,4.675799182563594,1 x 7 fl oz,2.6342857142857143,$/fl oz,False,,False,,1.4069153299054962,-0.47364831890437936
B08KFMV7X9,"Care Touch Foaming Hand Sanitizer - Alcohol Free, Hand Sanitizer Travel Size, For Home, Travel, and Office Use, 1.62oz Bottles (Pack of 8)",19.99,4.5,357,4.483234069231115,8 x 1.62 oz,,,True,non-dominant dimension (weight),True,False,0.3490909714764933,
B00GMQMPU4,Bath and Body Works Twisted Peppermint Anti-bacterial Foaming Mousse Hand Sanitizer 1.8oz,20.2,4.1,4,4.353606938861858,1 x 1.8 oz,,,True,non-dominant dimension (weight),False,,-0.3629940663833926,
B095XQTMMW,LAFCO New York Champagne Hand Sanitizer: Scented Hand Sanitizer,20.0,5.0,5,4.425579702609961,,,,True,no pack size (no_size_found),False,,0.032376316749025136,
B08M7BK36F,"PURELL CS2 Push-Style Hand Sanitizer Dispenser, White, for 1000 mL PURELL CS2 Hand Sanitizer Refills (Pack of 1) - 4121-06",9.64,4.0,27,4.248261758691206,,,,True,no pack size (no_size_found),False,,-0.9416902575008489,
B07JG7JV45,My-Shield Hand Sanitizer Foam 1.7 oz (4 pack). Long-lasting protection. Softens hands with Aloe Vera. Formulated with Zetrisil. Alcohol FREE.,11.99,4.1,119,4.185024291641548,,,,True,no pack size (sources_disagree),False,,-1.2890747439887102,
B08D6XFTCL,"Refillable Pocket Hand Sanitizer | 0.3 FL oz Travel Size | Paraben Free Moisturizing Hand Sanitizer with Vitamin E, Eucalyptus & Camphor Infused | USA Made Eco Friendly Antiseptic by Stream2Sea",13.95,4.3,34,4.344422755158951,1 x 0.3 fl oz,46.5,$/fl oz,False,,False,,-0.4134458489783376,-2.764179559894924
B07XYF4ZFC,"McKesson Premium Hand Sanitizer 4 oz. Ethyl Alcohol Gel Bottle, 53-28032-4 - Sold by: Pack of One",9.83,4.7,7,4.409986925475208,1 x 4 oz,,,True,non-dominant dimension (weight),False,,-0.053280005848814066,
B08HR55YBC,"GINGI-PAK ProGuard Hand Sanitizer Gel with Aloe Vera, Fast Drying and Spreads Evenly, 2 oz, 12-Pack",14.99,4.7,14,4.439841212558643,12 x 2 oz,,,True,non-dominant dimension (weight),False,,0.11071954492060809,
B086PKKZXZ,Wish Hand Sanitizer 3.38oz Tube (1 Pack),4.0,4.2,1334,4.206706918194516,1 x 3.38 oz,,,True,non-dominant dimension (weight),False,,-1.1699648485070329,
B095Y4N58Y,RIIEYOCA 8 Piece Portable Travel Liquid Clear Plastic Empty Packaging Bag for Shampoo/Shower Gel/Hand Sanitizer/Cosmetic Divide Bag(Mix),8.99,4.1,248,4.148705968390687,,,,True,no pack size (no_size_found),False,,-1.4885834001892027,
B0BWFR1ZBJ,"Clorox Commercial Solutions Hand Sanitizer Pump, 16.9 Ounces | Liquid Gel Hand Sanitizer with Pump for Professional Use | Hand Sanitizer to Keep Hands Clean",18.87,4.6,2565,4.595307064701789,1 x 16.9 oz,,,True,non-dominant dimension (weight),True,False,0.9647452947302082,
B075ZHNM7N,Bath and Body Works Aromatherapy Stress Relief - Eucalyptus Spearmint with Essential Oil PocketBac Sanitizer Hand Gel [5-PACK],19.97,4.7,1136,4.68513378357478,1 x 5 fl oz,3.9939999999999998,$/fl oz,False,,False,,1.4581934049158918,-0.8057030072850391
B01CFAMKBE,"Disney Store Portable Hand Sanitizer - Pack of 2 Travel Size, Refillable Sanitizers w/Holders and Clip - Mickey and Minnie",13.3,4.8,1497,4.785112316217916,,,,True,no pack size (only_weak_sources),False,,2.007408812211893,
B08FVWZD6R,Hand Sanitizer Holder Compatible w/Bath and Body Works Hand Sanitizer- Many Styles! (Gingham Print),40.0,4.8,37,4.546254972021843,,,,True,no pack size (no_size_found),False,,0.6952857982991275,
B0BCHGFNFR,"Cleanze Antibacterial Hand Sanitizing Wipes | 100 Count Hand Wipes, Unscented Disinfecting Hand Sanitizer Wipes with Aloe | Antibacterial Hand Wipes Kill 99.9% of Most Illness Causing Germs",4.65,4.5,488,4.487286351391121,1 x 100 ct,,,True,non-dominant dimension (count),False,,0.3713515081952118,
B08VRDTB3Z,Zep Instant Hand Sanitizer Gel 70% Alcohol - 1 Gallon (Case of 4) 355825 - Pump Included - Exceeds CDC Recommendations - Kills 99.9% of Germs,89.99,4.8,119,4.666527181814958,4 x 1 gal,0.17576171875,$/fl oz,False,,False,,1.3559811390048604,1.686351197930824
B08HR1NCH5,"Raise Them Well Alcohol Free Kids Hand Sanitizer – ToxicFree® Hand Sanitizer Spray for Kids, Hand Sanitizer Travel Size (Pack of 3)",20.99,4.2,66,4.277576687116564,1 x 3 fl oz,6.996666666666666,$/fl oz,False,,False,,-0.7806535836335253,-1.2530162409150711
B08D6JHQZD,Bath and Body Works Hand Sanitizer Holder - Many Styles! (Engagement Ring),30.0,4.1,37,4.261639587406458,,,,True,no pack size (no_size_found),False,,-0.8682013849164821,
B00QYZTIX0,"PURELL Advanced Hand Sanitizer Gel Refill, 450 mL Sanitizer Refill for PURELL ES Everywhere System Starter Kit (Case of 6) – 1450-06",24.95,4.8,563,4.762575692794146,,,,True,no pack size (title_is_kit),False,,1.883607627242089,
B00MVUEFEO,"PURELL Advanced Hand Sanitizer Green Certified Gel, 700 mL Gel Hand Sanitizer Refill for PURELL ADX-7 Dispenser (Pack of 4) - 8703-04",58.06,4.7,278,4.646714465222855,,,,True,no pack size (only_weak_sources),False,,1.2471432822660304,
B08DHGSFJ4,Hand Sanitizer Holder - Many Styles! (Jasper Black Light-up Cat),22.95,5.0,4,4.415675904379099,,,,True,no pack size (no_size_found),False,,-0.022028548328917083,
B009NKTIGK,"PURELL Advanced Hand Sanitizer Foam, 1200 mL Sanitizer Refill for PURELL LTX-12 Touch-Free Dispenser (Pack of 2) - 1905-02",72.47,4.6,344,4.569118599130622,,,,True,no pack size (only_weak_sources),True,False,0.820883323516199,
B0BSW8DK1Z,"SIPA Hand Sanitizer, Original 16.9 Fl. Oz/ 500 ml (Pack of 4), Fresh Scent Gel, with Vitamin E and Aloe, Pump Bottle",21.99,4.2,17,4.331115527520954,4 x 16.9 fl oz,0.3252958579881657,$/fl oz,False,,False,,-0.48654688631072723,1.195183312706822
B09JL1ZB59,"SnappyScreen SNAP Wellness Touchless Mist Hand Sanitizer Device + Cartridge (Rooftop Garden Champagne - White Champagne Flowers, Orange Peel and Wild Berries)",79.95,3.4,45,3.930395984383714,1 x 6 fl oz,13.325000000000001,$/fl oz,False,,False,,-2.6878329151940132,-1.7670047288099504
B09Q8JTXCH,Lemyn Organics Medical Grade Hand Sanitizer Gel - 97% ORGANIC - 12 FL.OZ. (PACK OF 4),39.99,4.6,69,4.500074816699087,4 x 12 fl oz,0.833125,$/fl oz,False,,False,,0.4416028111211656,0.44483613410828465
B07FB7X9W9,"Medline Spectrum Advanced Gel Hand Sanitizer, With Aloe & Vitamin E, 2 oz (1 count)",4.21,3.8,41,4.12536002583145,,,,True,no pack size (title_size_count_ambiguous),False,,-1.6168304449537778,
B08J8BRZJQ,Advanced 75% Alcohol Antiseptic Hand Sanitizer Multipurpose Wipes ((50 Count x 1 Pack = 50 Wipes)),7.84,4.7,1324,4.687161975656014,1 x 50 ct,,,True,non-dominant dimension (count),False,,1.4693349401087097,
B01G1KP8C2,"PURELL SINGLES Advanced Hand Sanitizer Gel, Fragrance Free, 125 Count Single-Use Travel-Size Packets - 9620-12-125EC",18.98,4.8,13249,4.798264241333081,1 x 125 ct,,,True,non-dominant dimension (count),False,,2.0796567210168244,
B0883QWY4X,"Live Clean, Hand Sanitizer with Aloe, 16 Fl Oz",6.91,4.6,217,4.5546465035202495,1 x 16 fl oz,0.431875,$/fl oz,False,,True,False,0.7413832781069696,0.9690686547931404
B06XPQCDFX,"PURELL Advanced Hand Sanitizer Naturals with Plant Based Alcohol, Citrus Scent, 8 fl oz Pump Bottle (Pack of 12) - 9626-12-CMR",55.99,4.8,297,4.734214252005663,,,,True,no pack size (sources_disagree),False,,1.727808778805827,
B08QW78WPM,"Antibacterial Hand Sanitizer Spray | 32 Oz Refill | Paraben Free Moisturizing Hand Sanitizer with Vitamin E, Eucalyptus & Camphor Infused | USA Made Eco Friendly Antiseptic by Stream2Sea",23.95,3.9,31,4.200108264164561,1 x 32 oz,,,True,non-dominant dimension (weight),False,,-1.2062134547313605,
B08YLKW9SW,"Mediwiper 2000 Wipes Refreshing Wet Wipes Antibacterial Alcohol-Free Hand Wipes Travel Size | Travel Hand Sanitizer Wipes | 10 count, 200 pack",56.99,4.5,180,4.470552147239264,,,,True,no pack size (title_conflicting_counts),False,,0.2794249465017956,
B08NTTZHB9,"JOYIN 24 PCS Valentines Day Assorted Animals Hand Sanitizer Travel Bottle Keychain with Valentine’s Greeting Cards Including Dinosaur,for Kids Party Favors, Classroom Exchange Prizes, Valentine’s Gifts for Boys and Girls(Empty Bottles)",15.99,4.2,99,4.26084446048358,1 x 24 ct,,,True,non-dominant dimension (count),False,,-0.8725692821565776,
B09BNM9YMF,"Clean Buddies Hand Sanitizing Wipes Individually Wrapped for Advanced Defense – Individual Hand Sanitizer Packets Travel Size – Hand Wipes Individually Wrapped (100 Count (Pack of 1), 100)",19.95,4.4,212,4.394395497947322,1 x 100 ct,,,True,non-dominant dimension (count),False,,-0.13892891460625026,
B0BS281MCR,"eos Shea Better Hand Sanitizer 2 Pack- Coconut Waters and Pomegranate Raspberry, Kills 99.9% of Harmful Bacteria, Instantly Moisturizes, 8 fl oz",11.94,4.7,93,4.5796544384625015,2 x 8 fl oz,0.74625,$/fl oz,False,,False,,0.8787602010506755,0.5326989932460509
B0C263RT38,"Avant® Original Fragrance Free Gel Hand Sanitizer 16.9oz Bottle, 12-Pack bulk refil",91.99,4.4,2,4.3733786152497816,,,,True,no pack size (sources_disagree),False,,-0.25438165716672395,
B08CSZKTV4,Bath and Body Works Hand Gel Sanitizer Holder Pink Cheer Uniform Cheerleader,28.0,5.0,10,4.470456288343558,,,,True,no pack size (no_size_found),False,,0.2788983616334636,
B0BNBXJH4M,"HAAN Hydrating Hand Sanitizer Spray with Aloe Vera (3 Pack), Cleanses Your Hands (Sunset Fleur, Morning Glory, Citrus Noon)",24.99,4.4,232,4.3947874211677895,1 x 5 fl oz,4.997999999999999,$/fl oz,False,,False,,-0.13677594971001375,-0.9846190083308045
B08RWCL7D2,"JERMEE Moisturizing Hand Sanitizer Gel, 70% Alcohol - Kills 99.99% Germs, Enhanced with Vitamin E and Aloe Vera - Crystal Clear Gel, Refreshing Scent, Made in USA - 1 Gallon with Easy to Use Pump",30.95,4.6,2580,4.595333789845857,1 x 1 gal,0.241796875,$/fl oz,False,,False,,0.9648921048553075,1.4318584516162975
B08DP4RQTS,"KeriCure Medical 2 PACK Fun Beachy Coconut Lime Scented Hand Sanitizer 4oz Sprays, Safe for Hands, Skin and Clothes, Woman Owned Small Business, Made in the USA",12.95,4.5,4,4.3811931457584095,2 x 4 oz,,,True,non-dominant dimension (weight),False,,-0.2114538361369585,
B08QR33W9Z,"Life Is Simple | Alcohol-Free, Foaming | Moisturizing Formula | Hand Sanitizer 10 Fl Oz with Pump (Pack of 3)",18.99,4.5,105,4.45666165065401,3 x 10 fl oz,0.6329999999999999,$/fl oz,False,,False,,0.20311981841150425,0.6640191157791177
B00GG56KZ2,"3m Healthcare Sanitizer Hand Gel Avagard D with Moisturizer, 16.9 Oz ,(3 PACK) (3)",36.3,4.8,492,4.75770916200364,,,,True,no pack size (sources_disagree),False,,1.8568741513691607,
B08FBKQFQZ,"Purell Advanced Instant Hand Sanitizer, 16 Oz Pump Bottle (9636-12-P Ea)",7.99,4.4,16,4.378702892199825,1 x 16 oz,,,True,non-dominant dimension (weight),False,,-0.22513362905140571,
B08KYJC4TT,"Vitamin C Hand Sanitizer | Lightly Scented | Fast Absorbing Mist | Kills Bacteria | Perfect for Home, Office, or On the Go | Made in USA (2 oz)",10.0,4.6,11,4.410910806984426,1 x 2 oz,,,True,non-dominant dimension (weight),False,,-0.048204816746074595,
B002LMFQKO,Eo Hand Sanitizer Lvndr,44.93,4.7,117,4.596545043590572,,,,True,no pack size (only_weak_sources),False,,0.9715459254421406,
B00LSN65NE,Babyganics Alcohol Free Foaming Hand Sanitizer - Mandarin - 1.69 oz,8.0,4.4,132,4.391984959430042,,,,True,no pack size (sources_disagree),False,,-0.15217080622608564,
B09KPJ5KMH,"SnappyScreen SNAP Wellness Refill Cartridge for Touchless Mist Hand Sanitizer (Rooftop Garden Champagne - White Champagne Flowers, Fresh Orange Peel and Wild Berries)",37.5,4.5,21,4.408122699386503,1 x 6 fl oz,6.25,$/fl oz,False,,False,,-0.06352082118719023,-1.1629757359314676
B07FCSDCZD,"PURELL Advanced Hand Sanitizer Soothing Gel Metallic Design Series, Fresh scent, with Aloe and Vitamin E - 8 fl oz Pump Bottle (Pack of 4) - 9678-06-ECDECO",28.59,4.8,485,4.75715993034135,,,,True,no pack size (sources_disagree),False,,1.8538570387637876,
B087RR9YL1,"PURELL Advanced Hand Sanitizer Foam, 1200 mL Hand Sanitizer Refill for PURELL CS4 Push-Style Dispenser (Pack of 4) - 5192-04",39.59,4.5,133,4.463150815261966,,,,True,no pack size (only_weak_sources),False,,0.23876696274288267,
B00CMUH7HK,Young Living - Waterless Hand Sanitizer - 3 pack,24.96,4.6,32,4.457083749464973,1 x 3 ct,,,True,non-dominant dimension (count),False,,0.20543854788525406,
B0BVTXCTXZ,"EO Hand Sanitizer Gel, 8 Ounce (Pack of 1), Lavender, Organic Plant-Based, Botanical Extracts",16.66,4.7,1040,4.683829252700172,,,,True,no pack size (sources_disagree),False,,1.4510271819609581,
B07BVS3TH4,PURELL® Aloe Advanced Hand Sanitizer,10.19,4.4,49,4.385526237417357,,,,True,no pack size (no_size_found),False,,-0.1876507192337083,
B00777S8N0,"PURELL FMX-12 Push-Style Hand Sanitizer Foam Dispenser, Dove Grey, for 1200 mL PURELL FMX-12 Hand Sanitizer Foam Refill (Pack of 1) - 5120-06",18.84,4.3,494,4.307133581120415,,,,True,no pack size (no_size_found),False,,-0.6182877121851792,
B0C59PRCPJ,"Desert Essence Tea Tree Oil & Lavender Probiotic Hand Sanitizer 1.7 fl. oz. - Pack of 6 - Gluten Free, Vegan, Cruelty Free - Kills 99.99% Most Common Harmful Germs - Leaves Skin Soft & Moisturized",22.49,4.7,247,4.641226586225873,,,,True,no pack size (sources_disagree),False,,1.216996533570717,
B00MVUEMA6,"Purell Advanced Hand Sanitizer Foam, 1200 mL Foam Hand Sanitizer Refill ADX-12 Push-Style Dispenser (Pack of 3) - 8805-03",80.69,4.7,63,4.548796602170835,1 x 3 ct,,,True,non-dominant dimension (count),False,,0.7092478199508878,
B09NQRTTTW,Limited Brands Bath Body Works Hand Sanitizer Holder Koala Pom,13.99,4.5,6,4.385153374233129,,,,True,no pack size (no_size_found),False,,-0.1896989809972884,
B08JH8W6M1,Spoontiques Hand sanitizer Holder / Wonder Woman,9.59,4.5,23,4.410509122779061,,,,True,no pack size (no_size_found),False,,-0.0504114019861436,
B093CFSXCQ,"Antibacterial Hand Sanitizer Spray | 2 Fl Oz Travel Size Pack of 4 | Paraben Free & Moisturizing with Vitamin E, Eucalyptus & Camphor Infused | USA Made Eco Friendly Antiseptic by Stream2Sea",19.95,4.2,248,4.230825173688701,4 x 2 fl oz,2.49375,$/fl oz,False,,False,,-1.0374752313430275,-0.42990601883283286
B010U83BNO,Purell Advanced Hand Sanitizer for First Aid Providers 9651-640 4 Fl. Oz. (12 Pack),25.94,4.4,158,4.392967936103716,12 x 4 fl oz,0.5404166666666667,$/fl oz,False,,False,,-0.1467709876858264,0.7901848434291042
B0BBVKYT4Q,Mangiacotti Lavender Hand Sanitizer Spray,9.99,4.2,270,4.228732106339469,,,,True,no pack size (no_size_found),False,,-1.0489731480088962,
B08JD462BY,"Care Touch Alcohol-Free Foaming Hand Sanitizer - 8 Pack - 1.69oz Bottle - Travel Size, Fragrance-Free Moisturizing Hand Sanitizer for Home, Office, Gym",17.84,4.5,45,4.430395984383714,8 x 1.69 oz,,,True,non-dominant dimension (weight),False,,0.05883375802259944,
B08WLTD7M6,"Purell 2in1 Moisturizing Advanced Hand Sanitizer Gel, 12 oz Pump Bottle (Pack of 4) - 3698-06-EC",23.99,4.7,293,4.6490178745071695,,,,True,no pack size (sources_disagree),False,,1.2597966772980385,
B0BW4TJLVT,Bee Clean Natural Beeswax Hand Sanitizer - Lavender Scent - 4 Pack,22.09,4.8,38,4.54901307015204,1 x 4 ct,,,True,non-dominant dimension (count),False,,0.7104369507304756,
B09MZ5GC4R,4Pack Hand Sanitizer Holder Case Keychain Set + 6 Pack 60ML/2oz Empty Travel Bottle with Press Disk Bottle Cap,25.99,5.0,1,4.383803680981595,,,,True,no pack size (title_conflicting_pack_counts),False,,-0.1971132959433948,
B085RPCS1M,Ointment Parent (Clean Hands – Hand Sanitizer (72 Count)),17.99,4.2,10,4.345456288343558,1 x 72 ct,,,True,non-dominant dimension (count),False,,-0.4077683066706896,
B010DDJ9T6,Mckesson Hand Sanitizer -18oz.,11.17,4.7,158,4.616552841764093,1 x 18 oz,,,True,non-dominant dimension (weight),False,,1.0814554303374477,
B0C75KY58X,"Hygiene Clean 1.7 oz Foaming Hand Sanitizer 8-Pack (Multiple Fragances) (Blueberry Lemonade, Bubble Gum)",24.8,4.5,56,4.437356385945343,,,,True,no pack size (sources_disagree),False,,0.09706956402566023,
B08PH34MYK,"Wooden Mallet Hand Sanitizer Dispenser Floor Stand, Black, HSS1BK, HSS1BK, HSS1BK, HSS1BK",135.99,4.8,57,4.591974796882772,,,,True,no pack size (no_size_found),False,,0.9464400368007554,
B08N4FG526,"BYD CARE Hand Sanitizer with Pump 500ml (16.9 oz) Value Pack, Box of 4, 72% Ethyl Alcohol, Rinse Free Refreshing Gel (1 box)",18.99,4.3,129,4.321361762043649,,,,True,no pack size (sources_disagree),False,,-0.5401275714604935,
B01N7GT2ZM,"Purell Advanced Hand Sanitizer Gel, 800 mL Hand Sanitizer Gel Refill for GOJO 800 Series Bag-in-Box Push-Style Dispenser (Pack of 12) – 9657-12",138.77,4.4,48,4.385384337784194,,,,True,no pack size (only_weak_sources),False,,-0.18843022122041303,
B09H3FPLWX,"Dr. Bronner's - Organic Hand Sanitizer Spray (Peppermint, 2 Ounce, 12-Pack) - Simple & Effective Formula, Cleanses & Sanitizes, No Harsh Chemicals, Moisturizes & Cleans Hands",57.95,4.8,38,4.54901307015204,12 x 2 oz,,,True,non-dominant dimension (weight),False,,0.7104369507304756,
B07B3X8RK4,"Antibacterial Travel Hand Sanitizer Spray with Aloe Vera by L’AUTRE PEAU - Unique Flat Credit Card Shape - Citrus Scented Mini Sparkle Pocket Size (3 Pack - 20ML, Sparkle Black,Red,Blue)",11.49,4.4,169,4.3933148092107075,3 x 20 ml,5.6633309112187495,$/fl oz,False,,False,,-0.1448654980802088,-1.0843311877906154
B0977VDZSR,"Dr. YERMA 70% Alcohol Hand Sanitizer Wipes with Aloe Vera & Extra Moisturizers, 10 Packs of 20 (200 wipes), Travel Size, Vegan Fresh Scented",24.95,4.6,212,4.553793994187924,10 x 20 ct,,,True,non-dominant dimension (count),False,,0.7367001601635591,
B092PF3VD6,AMASS Alcohol Based Botanic Hand Sanitizer 2 FL Oz Pseudo Citrine Scent Travel Size,10.0,4.5,271,4.47879754601227,1 x 2 fl oz,5.0,$/fl oz,False,,False,,0.32471967053619033,-0.9849382165451394
B0BKNYKQQV,"Hand Sanitizer Wipes by Boogie Wipes, Alcohol-Free, Hypoallergenic and Moisturizing Aloe, Boogie Hand Wipes for Adults and Kids, 5 Packs of 20 (100 Total Wipes)…",9.98,4.8,237,4.720650180254253,5 x 20 ct,,,True,non-dominant dimension (count),False,,1.6532968111403943,
B077F16BPQ,"Brittanie's Thyme Organic Natural Hand Sanitizer Spray, 2 Pack, Rosemary & Peppermint",11.71,4.3,29,4.34709882474684,1 x 2 ct,,,True,non-dominant dimension (count),False,,-0.3987453066738141,
B09WPZ963J,"Old South Trading Advanced Hand Sanitizer Soothing Liquid, Fresh scent, 16 Fl Oz Bottle (16 oz/Pack of 2)",12.99,4.3,1570,4.302407144368219,,,,True,no pack size (sources_disagree),False,,-0.6442516048058249,
B09B14XBPG,Dr Lucid Premium Eucalyptus Hand Sanitizer Liquid 6x 3.4oz Spray Bottles 70% Ethyl Alcohol Moisturizing Refreshing,15.99,3.7,7,4.295232827114553,,,,True,no pack size (only_weak_sources),False,,-0.6836625210132796,
B08TQL2965,Wish Hand Sanitizer 67.6oz Vitamin E with Pump and Carry Handle,6.99,4.4,668,4.397935183454278,,,,True,no pack size (sources_disagree),False,,-0.1194842421750022,
B08XNF1ML9,"SaniFlex Hand Band Adjustable Sanitizer, Refillable Wristband for All Age Group (Dispenser) Pack of 2 (Black & Pink color)",10.0,2.4,7,4.1460524992457,,,,True,no pack size (only_weak_sources),False,,-1.503159790727093,
B0BW6C91HN,"Everyone Hand Sanitizer Wipes, 15 Wipes (Pack of 6), Lavender and Aloe, Plant Derived Alcohol with Pure Essential Oils",26.94,4.8,85,4.633879154345236,,,,True,no pack size (sources_disagree),False,,1.1766346410101658,
B01LRZ4TPS,"PURELL Advanced Hand Sanitizer Green Certified Gel, 1200 mL Sanitizer Refill for PURELL LTX-12 Touch-Free Dispenser (Pack of 1) – 1903-06-EC",32.8,4.2,20,4.325800033161997,,,,True,no pack size (no_size_found),False,,-0.5157466687255625,
B08CGRCFHY,Prefense Intoxicant-Free Foam Hand Sanitizer Unscented - 8 oz - Bottles May Vary,19.99,4.0,22,4.264594769131417,,,,True,no pack size (sources_disagree),False,,-0.8519675866019966,
B004NEW5LG,"PURELL Advanced Hand Sanitizer Skin Nourishing Foam, Fragrance Free, 535 mL Sanitizer Foam Pump Bottle (Pack of 4) - 5798-04",95.67,4.4,18,4.379294478527607,4 x 535 ml,1.3221026043198014,$/fl oz,False,,False,,-0.22188384814970746,0.07638799839153032
B004MDM3KQ,"PURELL LTX or TFX Table Top Dispenser Stand, White, Touch-Free Dispenser Stand for PURELL LTX or TFX Hand Sanitizer Dispenser (Pack of 1) - 2426-DS",27.08,3.7,52,4.042539645792337,,,,True,no pack size (no_size_found),False,,-2.07179040038691,
B08J4K8Z7Y,Hyalolex Hand Sanitizer Gel Lemon Scented 8oz 73% Ethyl Alcohol (Case of 12),29.99,4.0,11,4.309372345445965,12 x 8 oz,,,True,non-dominant dimension (weight),False,,-0.6059894334608319,
B08GC5GBLC,MonMed Automatic Hand Sanitizer Dispenser Spray White Touch Free Pump Cordless Battery Operated Hand Sanitizing Mist,17.99,2.8,8,4.169503265386899,,,,True,no pack size (no_size_found),False,,-1.374336915084238,
B0BN3GLCNC,GXXMEI 20PCS/set 30ml/1oz Travel Bottles With Silicone Sleeve Hand Sanitizer Bottles Keychain Bottles Squeeze Clear Containers with Flip Cap (10 Bottles with Silicone Sleeve and 10 funnels),9.99,4.2,30,4.310823838737949,1 x 20 ct,,,True,non-dominant dimension (count),False,,-0.5980158969578495,
B0B4X92H54,"Cutter Hand Sanitizer, 4 Ounces, Non-Sterile Antiseptic Solution",5.04,4.7,271,4.6455667767815,1 x 4 oz,,,True,non-dominant dimension (weight),False,,1.2408386470798187,
B0B85X6T1M,"Nite Ize Cinch-A-Lot Mini Stretch Strap, Adjustable Slider And Strap Holds Earbuds Cases, Hand Sanitizer And Lip Balm, Mint",6.99,4.5,236,4.476238629151682,,,,True,no pack size (no_size_found),False,,0.31066268721517226,
B0BFCHKC2X,"Dr. Talbot's Refreshing Gel Hand Sanitizer with Easy Pump, Fragrance Free, 1 Liter, 33.81 Fl Oz",12.99,4.4,401,4.396723521876896,1 x 1 l,0.38416014901687495,$/fl oz,False,,False,,-0.12614030312262575,1.06247955786508
B07QSLDTQN,"Purell Advanced Hand Sanitizer Variety Pack, Naturals and Refreshing Gel, 1 fl oz Travel Size Flip Cap Bottle with JELLY WRAP Carrier (Pack of 36) - 3900-36-CMRFRAG",55.99,4.7,504,4.668296061745497,36 x 1 fl oz,1.5552777777777782,$/fl oz,False,,False,,1.3656981861131283,-0.05320920011012036
B08NZBCL3Y,"Ducky Days Promotional Hand Sanitizers 1 oz Gel, Custom Hand Sanitizers - 12 Quantity - $2.99 Each - Personalized Bulk Hand Sanitizer with Your Logo/Customized (Set of 12)",35.95,4.3,14,4.357488271382172,,,,True,no pack size (sources_disagree),False,,-0.3416726130209549,
B08H8X9FYQ,RawHarvest Hand Sanitizer Sensitive Skin FDA (2 Pack),7.99,4.3,56,4.335538204127161,1 x 16 oz,,,True,non-dominant dimension (weight),True,False,-0.4622516494293578,
B097QTC1MD,"Cutter HG-96966 Foaming Hand Sanitizer, 3 Ounce, Travel Size Antiseptic Solution",5.0,4.9,12,4.468321249302845,1 x 3 oz,,,True,non-dominant dimension (weight),False,,0.26716988047517387,
B085KZXKS3,"Brittanies Thyme Organic Rosemary Peppermint Hand Sanitizer, 2 OZ",7.53,4.4,16,4.378702892199825,1 x 2 oz,,,True,non-dominant dimension (weight),False,,-0.22513362905140571,
B00449XA82,"Purell 9631EA Advanced Instant Hand Sanitizer w/Aloe, 4oz Flip-Cap Bottle",7.15,4.7,121,4.5989097283085005,,,,True,no pack size (sources_disagree),False,,0.9845359268569389,
B002YPEAVO,Jao Hand Sanitizer - 4oz,24.79,4.3,18,4.354294478527607,,,,True,no pack size (sources_disagree),False,,-0.3592171818105352,
B08MPYM2X9,"Travel Size Hand Sanitizer Holder,Bottle Case and Carabiner Carrier bag-Portable Mini Waist Bag for Liquids Clip On Belt Loop, Backpack and Purse - Includes Empty 60ml/ 2 oz Reusable Bottle (Blue)",8.99,4.5,42,4.428220858895705,,,,True,no pack size (title_is_kit),False,,0.04688506864664447,
B09P3RCGLG,"HAAN Hydrating Hand Sanitizer with Aloe Vera, Travel Size + Refill Bag | Cleanses Your Hands - Citrust Noon Scent, Travel Size (1.01 fl. oz.) + Refill Bag (3.4 fl.oz.)",19.9,4.3,60,4.334291249596383,,,,True,no pack size (title_conflicting_volume),False,,-0.4691015863347669,
B00F54FPDI,"Hempz Triple Moisture Moisturizing Herbal Hand Sanitizer, 8.5 Ounce",15.47,4.3,187,4.3162207570704885,,,,True,no pack size (sources_disagree),True,False,-0.5683688255137358,
B08P95LMYJ,Bath and Body Works Hand Sanitizer Holder Glittery Turtle Gel Sold Separate,23.9,4.7,144,4.610652537646403,,,,True,no pack size (no_size_found),False,,1.0490430929736456,
B008NNT0GQ,"GOJO 1905-02 PURELL LTX-12 LTX Instant Foam Hand Sanitizer, Shape, (Pack of 2)",48.39,4.2,36,4.303435582822086,,,,True,no pack size (no_size_found),True,False,-0.6386020495524442,
B00569AGFE,"PURELL Advanced Hand Sanitizer Refreshing Gel for Workplaces, Clean Scent, 1 Fl Oz Travel Size Flip-Cap Bottle with Jelly Wrap Carrier and Display Bowl (Pack of 25) – 3900-25-BWL",58.08,4.7,159,4.616944612460037,,,,True,no pack size (only_weak_sources),False,,1.0836075573656323,
B0B5G5TSVL,"ALŌ Lemongrass + Aloe Sanitizing Hand Mist - Clean Hands, Clear Mind - On The Go Hand Sanitizer Spray for Kids and Adults - (2 Pack Bottles, 8oz)",13.95,4.4,148,4.392619814128652,,,,True,no pack size (sources_disagree),False,,-0.14868333774006956,
B08G2ZRJMS,Medpride Hand Wipes With 75% Alcohol [100 Pack] – Gentle Sanitizing Wet Wipes - Cleaning Sanitizer Wipes With Aloe Vera - Disposable Moisturizing Personal Wipes- 5.5'' x 7.8'',7.99,4.3,643,4.305608611842163,1 x 100 ct,,,True,non-dominant dimension (count),False,,-0.6266648767736881,
B075MTC7MM,"PURELL ES6 Automatic Hand Sanitizer Dispenser, Graphite, Compatible with 1200 mL PURELL ES6 Hand Sanitizer Refills (Pack of 1) - 6424-01",10.45,4.1,181,4.1625923508680325,,,,True,no pack size (no_size_found),False,,-1.4123008722650763,
B072W9VRZX,"McKesson Foaming Hand Sanitizer with Aloe, 8 1/2 oz Pump Bottle, 1 Count, 1 Pack",13.01,4.4,18,4.379294478527607,,,,True,no pack size (sources_disagree),False,,-0.22188384814970746,
B08PKKYZH7,"LDIWEE Hand Sanitizer Holder, 3 Pack Mini Hand Sanitizer Bulk Holder, Portable Squeeze Bottles 2oz with Leather Case Keychain",10.68,3.9,69,4.1073918898698185,3 x 2 oz,,,True,non-dominant dimension (weight),False,,-1.7155354054050518,
B08HHDRBLD,Hyalolex Hand Sanitizer Gel Lemon Scented 1.7oz 73% Ethyl Alcohol (Case of 12),14.99,4.2,6,4.3551533742331285,12 x 1.7 oz,,,True,non-dominant dimension (weight),False,,-0.35449898139028657,
B08CY4LPFB,"Hear Clear PQS Hand Sanitizer Gel 16 OZ - 70% Alcohol w/ Hand Pump, Aloe & Mild Lemon Scent (6 Bottles)",34.99,4.8,11,4.44475696083058,,,,True,no pack size (sources_disagree),False,,0.1377233888255128,
B09JN3MLZ4,"PodShedz Hand Sanitizer Holder attaches to Cell Phone, Car Dashboards and Other Surfaces, Compatible with Bath & Body Works Pocketbac. (Black)",14.99,4.2,108,4.257464212678936,,,,True,no pack size (no_size_found),False,,-0.891138110141033,
B00LORVNRM,Mia Secret Professional Nail System Hand Sanitizer Antiseptic 4oz,12.95,4.7,396,4.660687116564417,1 x 4 oz,,,True,non-dominant dimension (weight),False,,1.3238997138187174,
B0C4Q161LB,"Hand Sanitizer Wipes by Williams, Antibacterial, Kills 99.99% of Common Bacteria, 70% Alcohol, With Moisturizing Gylcerin + Aloe, Fragrance Free, Keeps Hands Clean On The Go, 20 Wipes",8.99,4.4,1404,4.398977505112475,1 x 20 ct,,,True,non-dominant dimension (count),False,,-0.1137584218523193,
B06XD5J4MF,"McKesson 53-27037-18 Premium Hand Sanitizer with Aloe and Spring Water Scent, 18oz Bottle with Pump (Pack of 12)",70.19,4.8,43,4.56195054076276,12 x 18 oz,,,True,non-dominant dimension (weight),False,,0.7815067894548445,
B08SSRV37Q,Zep Foaming Hand Sanitizer (500 mL Case of 6) - Odor Free Formula Made in USA (88004),68.21,4.2,45,4.294032348020078,6 x 500 ml,0.672403483819375,$/fl oz,False,,False,,-0.6902571528546555,0.6158377623816168
B0028FMB2K,Purell Instant Hand Sanitizer With Aloe & Vitamin E - 2 oz,4.94,4.2,55,4.285405527100805,1 x 2 oz,,,True,non-dominant dimension (weight),False,,-0.7376471558842081,
B0892S5D23,"iGuard - Hand Sanitizer Spray - On The Go - Mobile, Travel, Home and Car Use (Orange Citrus, 6 pack)",19.97,4.6,710,4.583912568657052,1 x 6 ct,,,True,non-dominant dimension (count),False,,0.9021515296418531,
B00BOVKKGI,Germstar G2 - 12oz Hand Sanitizer Dispenser for 12oz refills (Black/Smoke),69.0,5.0,1,4.383803680981595,,,,True,no pack size (no_size_found),False,,-0.1971132959433948,
B005UXPBBK,"Purell Advanced Hand Sanitizer Foam TFX Starter Kit, 1-1200 mL Foam Hand Sanitizer Refill + 1 TFX Dove Grey Touch-Free Dispenser – 5392-D1",49.5,4.6,602,4.581264028131078,,,,True,no pack size (title_is_kit),False,,0.8876022136511406,
B0BG97KZW3,POCKET CARE | Mint Scented Hand Sanitizer Spray 1.5 Fl OZ 45 ml - natural Spray for Hands | Organic Spray | Hand Spray Travel Size - Travel Accessories | 100% natural (Mint)……,13.91,4.1,274,4.1448451294328885,1 x 1.5 fl oz,9.273333333333333,$/fl oz,False,,True,False,-1.5097922755812871,-1.4777808851513103
B08544QX5X,My-Shield Hand Sanitizer Foam 1.7 oz (4 pack). Long-lasting protection. Softens hands with Aloe Vera. Formulated with Zetrisil. Alcohol FREE.,11.99,4.1,121,4.184052585451358,,,,True,no pack size (sources_disagree),False,,-1.294412650006215,
B073X9BF78,Bath & Body Works PocketBac Hand Sanitizer Gel Noir For Men,7.7,4.7,118,4.597146525895278,1 x 1 fl oz,7.7,$/fl oz,False,,False,,0.9748500682438718,-1.329440533023877
B0013Y4E6I,"PURELL FMX-12 Push-Style Hand Sanitizer Foam Dispenser, Dove Grey, for 1200 mL PURELL FMX-12 Hand Sanitizer Foam Refill (Pack of 1) - 5120-06",18.39,4.3,495,4.307120587347883,,,,True,no pack size (no_size_found),False,,-0.6183590913091285,
B088HJGQ38,"Party Girl Kim Hand Sanitizer Holder - 1 oz Travel Size Hand Sanitizer Keychain Holder , Attaches Easily to Your Purse, Backpack, Diaper Bag with Key Ring and Carabiner Clip Sunflower Leopard",6.99,4.5,65,4.442094138268804,,,,True,no pack size (sources_disagree),False,,0.12309561685127411,
B08CMMCR1J,"MD Science Lab Hand Sanitizer with Benzalkonium Chloride, Foamer, 7.5 Oz.",16.0,4.6,32,4.457083749464973,,,,True,no pack size (sources_disagree),False,,0.20543854788525406,
B086VQV6V3,"M.D. Science Alcohol-Free Hand Sanitizer Spray with Benzalkonium Chloride, Tea Tree Oil & Aloe Vera, 12 Oz.",12.5,4.3,161,4.318182336995291,1 x 12 oz,,,True,non-dominant dimension (weight),False,,-0.5575932131011218,
B09Q8C32GD,Lemyn Organics Medical Grade Hand Sanitizer Gel - 97% ORGANIC - 2 FL.OZ. (PACK OF 6),23.97,4.7,67,4.553795061603205,6 x 2 fl oz,1.9974999999999998,$/fl oz,False,,False,,0.7367060238315195,-0.2528676992278028
B09362PQZQ,Noshinku Pocket Hand Sanitizer | Bundle (Limon Refillable (3-Pack)),26.0,4.3,534,4.306648303493176,1 x 1.8 fl oz,14.444444444444445,$/fl oz,False,,False,,-0.6209535039571682,-1.8313664962535603
B09QXN5H7H,Noshinku Pocket Hand Sanitizer Refill Kit (Eucalyptus),25.0,4.2,147,4.246314440069591,,,,True,no pack size (title_is_kit),False,,-0.9523875278210958,
B001R6KIJO,"PURELL Advanced Hand Sanitizer Soothing Gel, Fresh Scent, 2 fl oz Flip-Cap Bottle (Pack of 24) - 9682-24-CMR",45.3,4.5,47,4.431774281722651,24 x 2 fl oz,0.94375,$/fl oz,False,,False,,0.06640520475588417,0.345360741649676
B07XYGW3P5,"McKesson Gel Hand Sanitizer with Aloe, Cleanse and Moisturize, 4 oz, 1 Count, 1 Pack",7.69,4.9,43,4.606280437669977,,,,True,no pack size (sources_disagree),False,,1.0250256903792032,
B0BBL7YJHD,"SpaRoom Hand Sanitizer Spray, 70% Alcohol with Aloe Vera & Essential Oils, 4 Ounce Spray Bottle (Pack of 2)",12.99,4.4,642,4.397858049502856,,,,True,no pack size (only_weak_sources),False,,-0.11990796468248871,
B01C9LO1PW,"SafeHands #1 Alcohol Free Foam Hand Sanitizer Brand, Clean Linen, 1.75 Oz (2-Pack)",11.99,4.4,17,4.379002851464616,,,,True,no pack size (sources_disagree),False,,-0.22348585281955657,
B099SPS7WF,"Rubbermaid Commercial Products AutoFoam Tabletop Station, Hand Sanitizer Counter Stand",45.96,2.0,1,4.32925822643614,,,,True,no pack size (no_size_found),False,,-0.49674966029429873,
B089ZXCGTG,"MCombo Superfy Hand Sanitizer Gel with Pump, 2 Pack of 16 oz, Press Hand Washer with 70% Alcohol Quick-drying (32oz total)",26.99,4.6,1025,4.588609084758097,,,,True,no pack size (sources_disagree),False,,0.9279510581517868,
B08MTF4CKD,"Theorie Ultra Moisturizing Anti Microbial Instant Hand Sanitizer for Sensitive Skin | Alcohol Free | Ultra Lightweight with Argan Oil, Marula Oil, Vitamin E and Hyaluronic Acid (13.5 oz) 400 ML",13.98,3.4,46,3.9250920245398775,,,,True,no pack size (sources_disagree),False,,-2.716969334672303,
B09Y2FHJBS,Bath and Body Works Halloween 2021 Glow in the Dark and Speaking Ghost Kitty Hand Sanitizer Holder,29.99,4.0,6,4.335153374233129,1 x 1 fl oz,29.99,$/fl oz,False,,False,,-0.4643656483189487,-2.41424707905516
B0C9PLQPWX,"PURELL 145006 Advanced Instant Hand Sanitizer Gel Refill, 450mL (Case of 6)",33.05,4.8,289,4.732679890536407,6 x 450 ml,0.3620019081631944,$/fl oz,False,,False,,1.7193800197812819,1.109880505022984
B0B4TVTTBC,"Wet Ones Hydrating Hand Sanitizer Mist | Spray Hand Sanitizer Travel Size, 1.95 oz. | Lavender-Scented Hand Sanitizer Spray (3 Pack)",10.99,4.7,422,4.662834458936949,,,,True,no pack size (sources_disagree),False,,1.3356957812799564,
B07YZ4KH1Z,"PURELL&reg; ES6 Touch-Free Hand Soap/Sanitizer Dispenser, 12.1"" x 5.3"" x 8.6"", White",12.5,3.2,20,4.055529762891727,,,,True,no pack size (no_size_found),False,,-2.000431356950758,
B00RTHDATA,"EO Products Hand Sanitizer Spray for Everyone,Coconut+Lemon, 2 Fluid Ounce",8.0,4.8,1215,4.78180394204412,1 x 2 fl oz,4.0,$/fl oz,False,,False,,1.9892348100405033,-0.8069006971588113
B093Q8TZ28,Doggie Bag and Hand Sanitizer Holder Compatible w/ Bath and Body Works Hand Sanitizer (Labrador),11.77,3.8,16,4.241560035056968,,,,True,no pack size (no_size_found),False,,-0.9785050594193901,
B0BVSXMM2J,"JOYTUTUS Wipe Warmer for Car with Hand Sanitizer Holder, Tablet Storage Pocket and Mesh Pocket, Potable Wipe Dispenser for Fresh Wipes, Car Travel Accessories for Adult & Kids to Keep Clean",24.99,4.9,13,4.47476421573116,,,,True,no pack size (no_size_found),False,,0.30256324280578634,
B09Q7ZRWX8,Lemyn Organics Medical Grade Hand Sanitizer Gel - 97% ORGANIC - 8 FL.OZ. with PUMP (PACK OF 4),29.97,4.7,80,4.567979122790953,4 x 8 fl oz,0.9365625,$/fl oz,False,,False,,0.8146238001420222,0.35146042274110073
B09H278QC6,"Touch Sanitizing Spray, Moisturizing Hand Sanitizer Travel Size, FRESH Spray Hand Sanitizer, Great as Travel Toiletries, Scented Spray with Moisturizer, 12-Pack, 1 Oz Each (Variety)",59.99,5.0,2,4.394807186678353,12 x 1 oz,,,True,non-dominant dimension (weight),False,,-0.1366673711717267,
B08FZP5M9Q,Kids Face Mask -5 Packs Unisex Reusable Washable Boys Girls Cotton Face Bandanas & 1pcs Hand Sanitizer Keychain for Teen (Combo-Flower),7.99,4.4,423,4.396874638268319,5 x 1 ct,,,True,non-dominant dimension (count),False,,-0.1253101704104318,
B01IAI2GR8,Purell Advanced Hand Sanitizer Refreshing Aloe 2 oz (Pack of 2),9.89,4.2,113,4.255743727269388,,,,True,no pack size (sources_disagree),False,,-0.9005893100133588,
B08WRK7TPP,"Purell Advanced Hand Sanitizer Foam ES6 Starter Kit, 1-1200 mL Fragrance Free Sanitizer Foam Refill + 1 ES6 Graphite Touch-Free Sanitizer Dispenser (Pack of 1) - 6453-1G",41.56,4.6,80,4.508277630253639,,,,True,no pack size (title_is_kit),False,,0.486663600354963,
B007PKE0NG,"Purell Advanced Green Certified Instant Hand Sanitizer Foam, Fragrance Free, 1200 mL Sanitizer Refill ADX-12 Push-Style Dispenser (Pack of 3) - 8804-03",92.86,3.2,3,4.310687762350661,,,,True,no pack size (only_weak_sources),False,,-0.5987634099138006,
B09NHKGHNX,"Natscent GizmoClean Automatic Hand Sanitizer Dispenser with Bubble Gum Scented 80% Alcohol Included, Non-Sticky, Plug & Play, Portable, Rechargeable, Motion Sensor Activation, Home Car Office - Pink",39.95,3.6,8,4.272729071838512,,,,True,no pack size (no_size_found),False,,-0.8072831502911294,
B01B8M97O8,Travel Hand Sanitizer Gel with Aloe Vera & Vitamin E Made by L’AUTRE PEAU - Citrus Scented Alcohol Based Liquid Instant Hand Cleaner Pocket Sanitizer with Carabiner Clip (2oz 3 Pack),15.99,4.4,215,4.3944580016876875,,,,True,no pack size (sources_disagree),False,,-0.13858556072502282,
B08J9MNLVW,"Kurt Adler Hand Sanitizer and Toilet Paper Ornament, Set of 3",11.96,4.4,164,4.393161479146733,1 x 3 ct,,,True,non-dominant dimension (count),False,,-0.14570779123365035,
B077F2FCVL,Brittanie's Thyme Organic Natural Hand Sanitizer Spray 6 Pack (Lavender),33.0,4.0,31,4.236578852399855,1 x 4 oz,,,True,non-dominant dimension (weight),False,,-1.0058683562143809,
B005P0TX2G,"EO Hand Sanitizer Gel, 32 Ounce (Pack of 1), French Lavender, Organic Plant-Based, Botanical Extracts",30.7,4.7,1433,4.688103027877598,,,,True,no pack size (sources_disagree),False,,1.4745044536582699,
B003ZUO1RK,"EO Hand Sanitizer Spray- Organic Lavender, 2-Ounce (Pack of 2)",13.81,4.8,729,4.770509837105987,,,,True,no pack size (sources_disagree),False,,1.9271925267657402,
B000ITB3IG,"Core Products 8oz Pump Bottle with Holster for use with Oil, Lotion, Hand Sanitizer",20.94,4.3,107,4.3242807605837745,1 x 8 oz,,,True,non-dominant dimension (weight),False,,-0.5240925394418324,
B08C739MP9,"My-Shield Hand Sanitizer Foam 8.25 oz.(2-pack) Alcohol-Free, Long-lasting Protection. Kills 99.9% of Germs. Moisturizes With Aloe Vera. Formulated with Zetrisil.",17.5,4.4,78,4.3887060791968775,,,,True,no pack size (sources_disagree),False,,-0.17018278834988879,
B08WHR762T,"Babyganics Foaming Pump Hand Sanitizer, Alcohol Free, Travel Size, Fragrance Free, Kills 99.9% of Common Bacteria, Moisturizing, 1.69oz (Pack of 6)",27.0,4.3,5980,4.300647862521377,,,,True,no pack size (sources_disagree),False,,-0.6539159264408599,
B097MQQ8YZ,"Everyone Hand Sanitizer Wipes, 1 Pack of 30 Towelettes, Coconut and Lemon, Plant Derived Alcohol with Pure Essential Oils, 99% Effective Against Germs",14.0,4.7,874,4.680936640575418,1 x 30 ct,,,True,non-dominant dimension (count),False,,1.435137099317747,
B098X6DGFF,"Pop Fizz Designs Hand Sanitizer Wedding Favors (25 pack) Mini Hand Sanitizer Party Favors, Travel Size Hand Sanitizer, Mini Hand Sanitizer Party Favors | 25 Floral 1oz Gels",59.99,4.7,376,4.658858610358111,,,,True,no pack size (title_size_count_ambiguous),False,,1.313855119701457,
B08GPY58W3,Geti Airstream | Gallon Pump Dispenser | Shampoo – Conditioner – Hand Sanitizer - Detergent Jug Containers | 38/400 4cc | 1-Pack,6.99,4.1,61,4.227906108295546,,,,True,no pack size (no_size_found),False,,-1.0535106306076665,
B004EHZ78U,Clorox Commercial Solutions Hand Sanitizer Dispenser Refill Pouch 1L | Clorox Pro Healthcare Hand Sanitizer for Push Button Dispenser | Hand Sanitizer Refill Pouch for Clorox Hand Sanitizer Dispenser,109.99,3.8,33,4.155278189126295,,,,True,no pack size (only_weak_sources),False,,-1.4524800008621683,
B074H64BC4,"365 by Whole Foods Market, Hand Sanitizer Spray Lavender, 2 Fl Oz",2.79,4.8,847,4.774372033800208,1 x 2 fl oz,1.395,$/fl oz,False,,False,,1.9484088606565868,0.03356595390802294
B08MFRQLFN,"Lysol Mini Hand Sanitizer Travel Size 2oz, Pack of 48 (48x2oz) 70% Ethyl Alcohol, Lemon Scented",87.63,4.0,8,4.324341975064318,48 x 2 oz,,,True,non-dominant dimension (weight),False,,-0.52375626789458,
B08XZS6BGG,"PURELL Advanced Hand Sanitizer Naturals with Plant Based Alcohol, Citrus Scent, 8 fl oz Pump Bottle (Pack of 4), 9626-06-ECDECO",13.45,4.8,537,4.760929276571892,,,,True,no pack size (sources_disagree),False,,1.8745633141062723,
B08CQ5GMD1,"KeriCure Super Moisturizing Peppermint Hand Sanitizer Sprays, 3 PACK, Moisturizes Hands with Invigorating Peppermint Essential Oils, Made in the USA, Woman Owned Small Biz",14.95,3.9,10,4.298581288343558,1 x 8 oz,,,True,non-dominant dimension (weight),False,,-0.6652683072847471,
B087C94MWX,"DermaRite GelRite Instant Hand Sanitizer Gel 4 Ounce Travel Size, 6 Pack - Rinse Free, Waterless - Moisturizing Formula, Vitamin E Enriched, 65% Alcohol, No Sticky Residue - Instant Germ Eliminator",12.0,4.3,78,4.329615170105968,,,,True,no pack size (sources_disagree),False,,-0.49478884973003634,
B000NIRJJ4,"Germ-X Hand Sanitizer, Original, Pump Bottle, 8 Fluid Ounce",7.99,4.7,781,4.67881341611256,1 x 8 fl oz,0.99875,$/fl oz,False,,False,,1.4234735195739703,0.30016734870307327
B08ND7JJ9D,Hand Sanitizer 1 fl oz - Many Scents! (packaging may vary) (Winter Candy Apple),7.99,4.4,92,4.389789057904025,1 x 1 fl oz,7.99,$/fl oz,False,,False,,-0.16423362530443789,-1.3589377950895551
B08885RBH1,"Mediwiper 160 Wipes Refreshing Wet Wipes Antibacterial Hand Wipes Alcohol-Free Travel Size | Travel Hand Sanitizer Wipes | 80 count, 2 pack",16.45,4.8,16,4.470131463628396,2 x 80 ct,,,True,non-dominant dimension (count),True,True,0.2771139911939189,
B08F5K8G71,"ALTA + Hand Sanitizer Wipes, 90 Sanitizing Wipes, Resealable Packs",44.99,4.5,127,4.461929295325898,1 x 1080 ct,,,True,non-dominant dimension (count),False,,0.23205674654474914,
B001W418QS,"Purell Healthcare Advanced Hand Sanitizer Foam, Clean Scent, 18 fl oz Pump Bottle (Pack of 4) - 5792-04",27.99,4.8,103,4.652924856394826,,,,True,no pack size (sources_disagree),False,,1.2812590311854113,
B08JH8NK3C,Spoontiques Hand sanitizer Holder / Harry Potter Crest,9.95,4.6,25,4.444420284227693,,,,True,no pack size (no_size_found),False,,0.13587391201590765,
B0BF1CD3S8,"Rubbermaid Commercial FG750176 Wall Mount Manual Hand Sanitizer Dispenser, 400-Millileter Capacity, Metallic",24.99,3.8,33,4.155278189126295,,,,True,no pack size (no_size_found),False,,-1.4524800008621683,
B08CGBD157,Prefense Intoxicant-Free Foam Hand Sanitizer Unscented - 1.5 oz - Bottles May Vary,7.99,4.0,53,4.187936471532595,,,,True,no pack size (sources_disagree),False,,-1.2730771690824083,
B075MTC7MS,"PURELL ES6 Automatic Hand Sanitizer Dispenser, White, Compatible with 1200 mL PURELL ES6 Automatic Hand Sanitizer Refills (Pack of 1) - 6420-01",10.5,4.2,352,4.222929070083714,,,,True,no pack size (no_size_found),False,,-1.0808511605831965,
B08FM9LJ22,Touchless Hand Sanitizer Adjustable Wristband GO Band Sanitizer | Refillable Silicone Wristband for Hand Sanitizer,5.99,3.4,43,3.9413319840617294,,,,True,no pack size (no_size_found),False,,-2.6277578234861885,
B08DPKYN1W,"Live Clean, Hand Sanitizer with Aloe, 8 Fl Oz",10.0,4.7,162,4.618098159509203,1 x 8 fl oz,1.25,$/fl oz,False,,False,,1.0899443758374974,0.12113187931661282
B08X6FHFJW,"J.L. Childress Healthy Habits On-The-Go Clutch with Wipes Case, Hand Sanitizer, Mask Holder, Tissue Face Pack and More, Berry - Organize and Carry PPE",8.52,5.0,4,4.415675904379099,,,,True,no pack size (no_size_found),False,,-0.022028548328917083,
B08NV3TBZG,"Raikydal 4-Pack Leather Hand Sanitizer Holder - Refillable 1 oz/30ml Flip Cap Empty Travel Size Bottles for Lotion, Essential Oil, Soap and Hand Sanitizer (Black,Bright Brown,Yellow,Pink)",15.99,4.5,23,4.410509122779061,,,,True,no pack size (only_weak_sources),False,,-0.0504114019861436,
B0BSR7RVRB,Hygiene Clean Manual Wall-Mount Sanitizer Dispenser and Foaming Alcohol-Free Hand Sanitizer with Aloe and Coconut Oil (Cream + Luxury Clean Foaming Hand Sanitizer),23.98,4.6,4,4.388089697482547,,,,True,no pack size (no_size_found),False,,-0.1735687785753512,
B09S423Z12,"everyone for every body Hand Sanitizer Spray: Coconut and Lemon, Travel Size, 2 Ounce, 6 Count",26.71,4.9,4533,4.8937887949539975,,,,True,no pack size (sources_disagree),False,,2.604404936825753,
B08SP6GW1C,"Mediwiper 160 Wipes Refreshing Wet Wipes Antibacterial Hand Wipes Alcohol-Free Travel Size | Travel Hand Sanitizer Wipes | 80 count, 2 pack",9.5,4.7,134,4.605900013053127,2 x 80 ct,,,True,non-dominant dimension (count),False,,1.0229358911456572,
B0B1DS24XL,"STRONGER Portable Hand Sanitizer Holder Keychain Travel Size Bottle , 2 Pack 30 ML Leopard Print Pocket Empty Leakproof Plastic Bottle Backbag Decorations For Essential Oil, Shampoo, Liquid",9.99,4.1,5,4.349308516169284,1 x 2 ct,,,True,non-dominant dimension (count),False,,-0.38660673509757326,
B08T38G1HJ,"SIPA mini Alcohol Free Foaming Hand Sanitizer, Fresh Scent, Moisturizing Hand Perfect for Sensitive Skin Non-sticky, No Rinse. 1.69oz (PACK OF 8)",21.99,4.5,23,4.410509122779061,,,,True,no pack size (sources_disagree),False,,-0.0504114019861436,
B01IE2YK38,Purell Advanced Hand Sanitizer - 67.6 Fl Oz (2 Liters),29.78,4.8,187,4.704187562049742,1 x 67.6 fl oz,0.44053254437869827,$/fl oz,False,,False,,1.5628621615879534,0.9532326085729037
B07QYC7G4R,"Medline Spectrum Hand Sanitizer Wipes, with Aloe & Vitamin E, 160 Wipes Each Canister (Pack of 6)",125.03,3.3,4,4.298434525068754,6 x 160 ct,,,True,non-dominant dimension (count),False,,-0.6660745268762608,
B091SMCNCT,Alcohol Free Foaming Hand Sanitizer - Antibacterial and Moisturizing Hand Sanitizer that Kills 99.99% of Germs - Travel Size Hand Sanitizer 1.69 oz. Foam Pump Bottle (Pack of 6) - OPTIMAL™,14.99,4.6,379,4.57161478626787,,,,True,no pack size (sources_disagree),False,,0.8345957115561797,
B009A513AW,"PURELL TFX Touch-Free Hand Sanitizer Dispenser, Nickel, for 1200 mL PURELL TFX Hand Sanitizer Refills (Pack of 1) – 2780-12",56.58,3.6,28,4.1086488104144845,,,,True,no pack size (no_size_found),False,,-1.708630721863221,
B004FK3DIW,"Purell Hand Sanitizer with Aloe, 2 Fl Oz (Pack of 6)",9.07,4.7,469,4.666174383277223,6 x 2 fl oz,0.7558333333333334,$/fl oz,False,,False,,1.354043099032948,0.5225181054905003
B00CHHQWCE,"HAND SANITIZER, 18 OZ, GBG ALOE GEL by ""Healthlink, Inc""",18.99,4.4,256,4.395190975658025,,,,True,no pack size (sources_disagree),False,,-0.13455909037170058,
B000L8LH4E,"3M Avagard D Instant Hand Sanitizer with Moisturizers (61% w/w ethyl alcohol) 9221, 3 oz. each",8.57,4.6,258,4.560606418121755,1 x 3 oz,,,True,non-dominant dimension (weight),False,,0.7741230757293138,
B00J2L3H3K,"Babyganics Alcohol-Free Foaming Hand Sanitizer, Fragrance Free, 8.45oz Pump Bottle",13.99,4.2,198,4.236941279579317,,,,True,no pack size (sources_disagree),False,,-1.003877422903791,
B073XZFVV3,"PURELL Advanced Green Certified Hand Sanitizer Gel Refill, 1200mL, FragFree, 3/Carton",72.46,5.0,2,4.394807186678353,,,,True,no pack size (sources_disagree),False,,-0.1366673711717267,
B07K8SQZSY,"McKesson Premium Hand Sanitizer with Aloe, 18 oz Spring Water Scented Antiseptic solution - Formulized with Ethanol, Aloe, and Vitamin E to kill Kill 99% of Bacteria",11.64,4.8,252,4.7245398773006135,1 x 18 oz,,,True,non-dominant dimension (weight),False,,1.6746642136326877,
B08DP575PZ,"2 PACK Super Moisturizing Fresh Summer Lemonade Scented Hand Sanitizer Sprays with Organic Aloe Vera, Natural Cellulose and Vitamin E, Woman Owned Small Business, Made in the USA",9.95,3.8,15,4.247959455854895,1 x 2 oz,,,True,non-dominant dimension (weight),False,,-0.9433509077522784,
B08DG6TD35,Hand Sanitizer Labels Thank You Wedding Favor Stickers - Set of 60 (from New Mr & Mrs),10.95,4.8,170,4.696916082383874,,,,True,no pack size (no_size_found),False,,1.5229174998615287,
B08WB9SC87,"Amazon Basic Care Advanced Hand Sanitizer, 160 Count (Individual Gel Packets), Kills 99.9% of Germs",14.15,4.6,366,4.570736196319018,1 x 160 ct,,,True,non-dominant dimension (count),False,,0.8297693240923116,
B08STRJR1N,"SIPA Hand Sanitizer with Moisturizer 1.69 oz/ 50 ml, (Pack of 16), Gift Box for whole family, Travel Size, Scented Variety Pack with Aloe Vera, Ylang Ylang, Verbena, Lemon, Lavender, and Cherry Scent, Self-Care Package Gift",22.99,4.5,41,4.427465288989344,,,,True,no pack size (sources_disagree),False,,0.04273447128446986,
B086WNQ96H,"Chemical Guys HYG10016 Alcohol Antiseptic 80% Topical Solution Hand Sanitizer (16 oz), 16. Fluid Ounces",5.99,4.5,6354,4.498924657062108,1 x 16 oz,,,True,non-dominant dimension (weight),False,,0.43528460083363124,
B08DHXWD9B,Aura Cacia Lavender Hand Sanitizer Spray | Alcohol Antiseptic | 60ml (2 fl. oz.),1.49,4.7,122,4.599484104852204,1 x 60 ml,0.7344093174687499,$/fl oz,False,,False,,0.9876911686778727,0.5454600911588177
B08MFN7YFK,"Lysol Mini Hand Sanitizer Travel Size 2oz, Pack of 24 (24x2oz) 70% Ethyl Alcohol, Lemon Scented",51.2,4.7,38,4.507708722325954,24 x 2 oz,,,True,non-dominant dimension (weight),False,,0.48353839946475863,
B0BLC4Q3D1,"Mulaibdin 10 PCS Hand Sanitizer Holder, Travel Size Empty Squeeze Bottle, Leather Travel Bottles Hand Sanitizer Holder Keychain, Mini Hand Sanitizer Travel Size Toiletries Reusable Bottles (1 oz/ 30 ml)",15.99,4.4,18,4.379294478527607,1 x 10 ct,,,True,non-dominant dimension (count),False,,-0.22188384814970746,
B08R7CHFMB,"Care Touch Hand Sanitizer Wipes - 110 Hand Wipes Individually Wrapped - Travel Size Hand Wipe - Individual Wipes - Sanitizing Wet Wipes for Home, Office & Outdoor Use - Wet Wipes Individually Wrapped",10.99,4.5,6755,4.498987986848874,1 x 110 ct,,,True,non-dominant dimension (count),False,,0.43563249246309443,
B08CDW5P5F,"SONO TSA Approved Airplane Travel Essentials Alcohol Free Foaming Hand Sanitizer, Perfect For School Supplies With Refillable Bottle",24.98,4.6,38,4.4664043744998665,1 x 15.3 fl oz,1.6326797385620915,$/fl oz,False,,True,False,0.25663984819903674,-0.09196011734707293
B005E2C6XI,"PURELL 800 Series Bag-In-Box Hand Sanitizer Push-Style Dispenser, Dispenser for 800 mL Sanitizer Bag-in-Box Refills - 9621-12",23.99,4.1,119,4.185024291641548,,,,True,no pack size (no_size_found),False,,-1.2890747439887102,
B08H784L6L,Prefense Intoxicant-Free Foam Hand Sanitizer Unscented - 17 oz,39.99,4.4,24,4.38088721094856,,,,True,no pack size (sources_disagree),False,,-0.2131344380297372,
B000ZNQLQO,"PURELL Advanced Hand Sanitizer Foam, 1200 mL Foam Hand Sanitizer Refill for PURELL FMX-12 Push-Style Dispenser (Pack of 3) - 5192-03",85.78,4.4,27,4.38159509202454,1 x 3 ct,,,True,non-dominant dimension (count),False,,-0.20924581130974984,
B08HSHJXBJ,"PURELL SINGLES Advanced Hand Sanitizer Gel, Fragrance Free, 500 Single-Use Travel-Size Packets - 9630-5C",47.2,4.9,594,4.856032719836401,1 x 500 ct,,,True,non-dominant dimension (count),False,,2.3969982303518225,
B08C8R5XZS,R+Co Palm Reader Antiseptic Hand Sanitizer | Eliminates Germs + Hydrates + Softens | Vegan + Cruelty-Free | 6 Oz,8.0,4.2,23,4.320898733168672,1 x 6 oz,,,True,non-dominant dimension (weight),False,,-0.5426711434197659,
B09BK4P3B3,"Purell Advanced Hand Sanitizer CS4 Starter Kit, 1-1200 mL Advanced Hand Sanitizer Foam Refill + 1 CS4 White Push-Style Dispenser (Pack of 1) - 5192-1W",33.56,4.6,64,4.495840698762608,,,,True,no pack size (title_is_kit),False,,0.41834338986797637,
B07J682LRL,"Vital Luxury Signature - Antibacterial Hand Sanitizer-Coconut Lime,1 Fl,Oz Each(Pack of 48)",99.99,4.4,101,4.39038195131605,1 x 48 ct,,,True,non-dominant dimension (count),False,,-0.16097666415328307,
B09BHT49M1,Dr Lucid Hand Sanitizer Liquid Original Unscented 8x Pack 1.7 oz (50 mL) Spray Bottles 70% Ethyl Alcohol Moisturizing,11.99,4.3,9,4.362050832602979,,,,True,no pack size (only_weak_sources),False,,-0.31660894332154965,
B07W822X77,"Welly Human Repair Kit - Bravery Badges in Flexible Fabric, Singe Use Ointments Triple Antibiotic, Hand Sanitizer, and Hydrocortisone - 42 Count",8.94,4.8,1382,4.783920057419212,,,,True,no pack size (title_is_kit),False,,2.000859337195395,
B082BWKZV6,"Everyone Ruby Grapefruit Hand Sanitizer Spray, 2 FZ",3.79,4.8,385,4.747401372332546,1 x 2 fl oz,1.895,$/fl oz,False,,False,,1.8002500266409205,-0.21083833258669477
B0898LGZ9V,"Hand Sanitizer Gel 1 Gallon - 70% Alcohol w/ Aloe & Mild Lemon Scent (2x 1/2 Gallon Bottles, 128 Oz Total)",39.95,4.4,139,4.392275660383357,2 x 0.5 gal,0.312109375,$/fl oz,False,,False,,-0.15057388898540247,1.2281999251784974
B01M9JS4QD,You Smell Like Shit Hand Sanitizer 2 oz Funny Stocking Stuffers for Guys Gags for Friends Weird Gags for Men Unique White Elephant Ideas Unisex Dirty Santa Party Ideas Gags for Guy Friends Man Jokes,7.99,3.1,42,3.8157208588957054,,,,True,no pack size (sources_disagree),False,,-3.317781606043705,
B08XYCYHQN,safeHands Alcohol-Free Hand Sanitizer - No Alcohol Foaming Hand Sanitizer in Pump Bottle - Moisturizing and Lightly Scented - Made in the USA (7 Ounce - 3 Pack),17.99,4.6,248,4.559301994880753,3 x 7 oz,,,True,non-dominant dimension (weight),False,,0.7669574440416576,
B08YRNSPFW,"Amazon Basic Care - Aloe Hand Sanitizer 62%, 34 Fl Oz (Pack of 4)",24.8,4.8,5752,4.796022942207025,4 x 34 fl oz,0.1823529411764706,$/fl oz,False,,False,,2.067344517788329,1.6569780762346784
B007EWQCMW,"Purell Advanced Hand Sanitizer Refreshing Gel for First Aid Providers, 4 fl oz Flip-Cap Bottle (Pack of 24) - 9651-24",29.95,4.5,109,4.457725168429373,,,,True,no pack size (sources_disagree),False,,0.208962076071427,
B07R5KCL2K,"GOODYEZZ Hand Sanitizer Holder Cute Owl Hand Sanitizer Holder for Backpack, For 1 oz Bottle",6.99,4.4,60,4.386922828543752,1 x 1 oz,,,True,non-dominant dimension (weight),False,,-0.1799787786277517,
B00LUTZ474,"Purell Advanced Hand Sanitizer Gel Infused with Essential Oils, Scented Variety Pack, 1 fl oz Travel Size Flip Cap Bottles (Box of 12 Bottles)- 3901-24-CMRMETRY",12.79,4.7,2726,4.6936364037604275,,,,True,no pack size (sources_disagree),False,,1.5049011319137666,
B08BDZY7YG,"Table Top Stand with Advanced Hand Sanitizer Gel, includes (2x) 1000mL Refills",55.0,4.3,45,4.339486893474623,,,,True,no pack size (title_is_kit),False,,-0.4405601825622388,
B08Z7738JR,"Small Kids Hand Sanitizer Holder Keychain Travel size Refillable Container Empty Bottles Containers with Leak Proof Flip Cap for Backpack, Liquids, shampoo, Oils, Lotion Boys Girls 1 oz 2 PCS",9.99,4.6,25,4.444420284227693,1 x 2 ct,,,True,non-dominant dimension (count),False,,0.13587391201590765,
B07GLN1YBG,"365 by Whole Foods Market, Lavender Hand Sanitizer, 32 Fl Oz",16.29,3.8,114,3.9839833479404034,,,,True,no pack size (sources_disagree),False,,-2.3934596640206105,
B0B6GVGCGM,"OLIKA Ultra Hydrating Hand Sanitizer Essential Set, Bold",12.99,4.2,36,4.303435582822086,1 x 3.7 fl oz,3.5108108108108107,$/fl oz,False,,False,,-0.6386020495524442,-0.7028218542645047
B076FV7KN7,"PURELL 646202 Professional Advanced Hand Sanitizer Gel, 1200 mL, for ES6 Dispenser, 2/CT",90.0,5.0,31,4.601284734752796,,,,True,no pack size (only_weak_sources),False,,0.9975826289553815,
B08SJ6XRKR,"BCXY GP GPRHORW01018 Battery Replacement for PurelI ES8 Hand Sanitizer Dispenser, L91VP-F4C Battery",15.97,4.5,2,4.37695004382121,,,,True,no pack size (no_size_found),False,,-0.23476260950089353,
B082P98GMN,"Ducky Days Promotional Hand Sanitizer with Carabiner, Custom Hand Sanitizer - 12 Quantity - $2.20 Each - Promotional Product/Bulk with Your Logo/Customized",26.4,3.8,47,4.106031707465225,1 x 12 ct,,,True,non-dominant dimension (count),False,,-1.7230073407654378,
B0043E6UF8,"Avagard D 3M Healthcare Sanitizer Hand Gel with Moisturizer, 16.9 Fluid Ounce, White (9222)",17.0,4.8,1079,4.779619772686662,1 x 16.9 fl oz,1.0059171597633136,$/fl oz,False,,False,,1.9772364396749191,0.29446224097238116
B08BX1Q7NH,Sani-Effect Hand Sanitizer 1 Gallon,24.95,3.7,22,4.17775266386826,1 x 1 gal,0.194921875,$/fl oz,False,,False,,-1.329020219318562,1.6037968234177564
B08G2J567S,"GOODYEZZ Hand Sanitizer Holder Cute Doll Face Hand Sanitizer Holder for Backpack, For 1 oz Bottle Case - Black",10.99,4.1,56,4.2337200223089795,1 x 1 oz,,,True,non-dominant dimension (weight),False,,-1.0215728628843759,
B01M4GBIWB,"Purell Advanced Hand Sanitizer, Refreshing Gel, 8 fl oz Sanitizer Table Top Pump Bottles (Pack of 2) - 9652-06-EC2PK",11.99,4.5,350,4.482943570430663,,,,True,no pack size (sources_disagree),False,,0.34749516472887537,
B08T8RVFCS,"Sun Bum Sun Bum Hand Sanitizer Spray Antibacterial Spray With Soothing Coconut Oil and Aloe Vera Gluten Free and Vegan 3 Pack, 3 count",16.99,4.7,836,4.680122699386503,,,,True,no pack size (sources_disagree),False,,1.4306658490426485,
B08H4T2R4B,"PURELL Advanced Hand Sanitizer Green Certified Foam, Fragrance-Free, 1200 mL Refill for PURELL CS6 Touch-Free Hand Sanitizer Dispensers (Pack of 2) - 6551-02",69.74,4.6,33,4.458726464988365,,,,True,no pack size (only_weak_sources),False,,0.21446253184860692,
B08BT4MRCC,"The Body Shop Anti-bacterial Hand Sanitizer Blueberry, 2.5 Fl Oz",10.0,4.2,36,4.303435582822086,1 x 2.5 fl oz,4.0,$/fl oz,False,,False,,-0.6386020495524442,-0.8069006971588113
B0BN2CWMM9,"Purell Advanced Hand Sanitizer Gel Infused with Essential Oils, Energizing Mint, 2 fl oz Travel-Size Pump Bottle (Pack of 6) – 3907-04-EC",13.99,4.8,49,4.575817499553279,,,,True,no pack size (sources_disagree),False,,0.8576826165924186,
B085DC31Z2,"Hand Sanitizer By Olivia Care - Alcohol Based and Infused with Cleansing Lemon Essential Oils - 99.9 % Effective Germ-Killing, Portable, Moisturizing - Remove Impurities, Dirt - Disinfecting - 4 FL OZ",9.99,4.6,430,4.574605790194189,1 x 4 fl oz,2.4975,$/fl oz,False,,False,,0.8510262931639432,-0.43110490849656186
B00B7V26EO,"EO Lavender Hand Sanitizer, 32 FZ",36.54,4.8,26,4.511365030674847,1 x 32 fl oz,1.141875,$/fl oz,False,,False,,0.503623720042577,0.19331587530765632
B09NK4W1RY,"Natscent GizmoClean Automatic Hand Sanitizer Dispenser with Cucumber-Infused 80% Alcohol Included, Non-Sticky, Plug & Play, Portable, Rechargeable, Motion Sensor Activation, Home Car Office - Blue",39.95,4.1,5,4.349308516169284,,,,True,no pack size (no_size_found),False,,-0.38660673509757326,
B01C9LO828,"SafeHands #1 Alcohol Free Foam Hand Sanitizer Brand, Clean Linen, 7 Oz (4-Pack)",35.99,4.7,6,4.405153374233128,4 x 7 oz,,,True,non-dominant dimension (weight),False,,-0.07983231406862625,
B001ASGZGE,PURELL Instant Hand Sanitizer,64.29,4.6,2,4.380521472392639,1 x 8 fl oz,8.03625,$/fl oz,False,,False,,-0.2151435618350582,-1.3635428861174184
B09NCL5Z2B,"London Labs Hand Sanitizer Aloe Vera Gel Skin Moisturized, Refreshing, 16.9 Fl Oz (Pack of 02)",14.99,4.2,103,4.259294283146419,2 x 16.9 fl oz,0.4434911242603551,$/fl oz,False,,False,,-0.8810849230156886,0.9478921540887602
B086YBJQXX,"GiGi Hand Sanitizer with Pump, 16 oz.",8.97,4.9,12,4.468321249302845,1 x 16 oz,,,True,non-dominant dimension (weight),False,,0.26716988047517387,
B09YTF82SH,"Touchland Glow Mist Rejuvenating Hand Sanitizer Spray, Rosewater scented, 500-Sprays each, 1FL OZ",16.0,4.6,1231,4.590435177006994,1 x 1 fl oz,16.0,$/fl oz,False,,False,,0.9379823915963151,-1.9129707930205637
B0B6GVNVK9,"OLIKA Ultra Hydrating Hand Sanitizer Clip-On Sampler Set (Bold, Brave, Strong, Unstoppable)",22.99,5.0,8,4.453374233128835,,,,True,no pack size (only_weak_sources),False,,0.1850609380968082,
B01JAPWE2C,Bath & Body Works PocketBac Hand Gel Sanitizer Watermelon Lemonade Lot of 3,11.99,4.3,48,4.338325514254782,1 x 3 ct,,,True,non-dominant dimension (count),False,,-0.44694002575844627,
B075STYJP4,"Purell Advanced Hand Sanitizer Refreshing Gel, 1 Fl Oz",4.89,4.2,2225,4.204084775100478,1 x 1 fl oz,4.89,$/fl oz,False,,True,False,-1.1843691546046295,-0.9671893145002749
B08BQLZHSH,"NuValu Advanced Hand Sanitizer Flip Cap, Aloe Vera Scent Value Pack 70% Alcohol, 8 fl. oz. (236 ml) per Bottle (12 PACK)",37.95,4.4,35,4.383249465775144,12 x 8 fl oz,0.3953125,$/fl oz,False,,False,,-0.20015778481809274,1.0396471152542102
B01H7PTA92,"Purell Natural Hand Sanitizer, 2 Ounce",1.99,4.4,45,4.384941438929168,,,,True,no pack size (sources_disagree),False,,-0.1908632122698221,
B08ZHRLQCX,Travel Size Hand Sanitizer Holder Bottles & Keychain (Silicone) Cruise Essentials [1oz] Empty Refillable Bottle Dispenser Containers,8.99,4.3,88,4.327529594746392,,,,True,no pack size (no_size_found),False,,-0.5062456103992952,
B00443HOZ8,"PURELL 212006 NXT Instant Hand Sanitizer Dispenser, 1000mL, 5 1/8w x 4d x 10h, WE/Gray",26.07,4.5,87,4.451129095418352,,,,True,no pack size (no_size_found),False,,0.17272764824448048,
B09Q81C16W,Lemyn Organics Medical Grade Hand Sanitizer Gel - 97% ORGANIC - 8 FL.OZ. Flip-Top (PACK OF 4),27.97,4.4,52,4.3859358722074315,4 x 8 fl oz,0.8740625,$/fl oz,False,,False,,-0.18540045878153472,0.4065641878866011
B017MF6W5C,PURELL HAND SANITIZER | 1 OZ TRAVEL SIZE | #1 BRAND IN HOSPITALS | ANY QUANTITY (10 pack`),11.49,4.6,23,4.440379252649191,,,,True,no pack size (sources_disagree),False,,0.11367517849173538,
B075NMCSMZ,"PURELL Brand Advanced Hand Sanitizer Foam, Clean Scent, 1200 mL Refill for PURELL ES6 Automatic Hand Sanitizer Dispenser (Pack of 2) - 6453-02",67.8,4.6,193,4.550239686048533,,,,True,no pack size (only_weak_sources),False,,0.7171751607379451,
B07B122CX1,Travel Hand Sanitizer Gel with Aloe Vera & Vitamin E Made by L’AUTRE PEAU - Citrus Scented Alcohol Based Liquid Instant Hand Cleaner Pocket Sanitizer with Carabiner Clip (1oz 6 Pack),17.95,4.3,179,4.3167776929355695,,,,True,no pack size (sources_disagree),False,,-0.5653093911542617,
B07GY2B8BH,"My-Shield Hand Sanitizer Foam 8.25 oz.(2-pack) Alcohol-Free, Long-lasting Protection. Kills 99.9% of Germs. Moisturizes With Aloe Vera. Formulated with Zetrisil.",15.99,4.0,28,4.245234176268143,,,,True,no pack size (sources_disagree),False,,-0.9583217769845359,
B09NB18QYM,SWEDEY Faux Fur Fluffy large Pom Pom Keychain hand sanitizer holder. Refillable. Clips on any Backpack or Purse. (black),15.5,4.1,10,4.329831288343558,,,,True,no pack size (no_size_found),False,,-0.4936016402087087,
B0764MP5Q2,BushKlawz 2oz Hand Sanitizer Retail Bulk Pack No Rinse 75% Alcohol Instant Clean Travel Size Individual Retail Pack (Pack of 24) UNSCENTED,25.99,4.7,835,4.6801003402182095,24 x 2 oz,,,True,non-dominant dimension (weight),False,,1.430543022677862,
B0BY5T3TQW,"Pacific Blue Ultra Foam Hand Sanitizer Refill by GP PRO (Georgia-Pacific), Dye and Fragrance Free, 43337, 1000 mL Per Refill, 3 Refills Per Case",97.8,4.4,100,4.390319496454466,,,,True,no pack size (sources_disagree),False,,-0.16131974952706787,
B08P4TDV6K,"Everyone Ruby Grapefruit Hand Sanitizer Wipes, 15 CT",4.19,4.6,89,4.5140503668111025,1 x 15 ct,,,True,non-dominant dimension (count),False,,0.5183751665862506,
B012C4RYJG,Bath & Body Works PocketBac Hand Sanitizer Gel Noir For Men,7.88,4.6,74,4.5039781441717786,1 x 1 fl oz,7.88,$/fl oz,False,,False,,0.4630450900889526,-1.3478771641055773
B08BTG6SPF,Rveal | UVILIZER Go - UV Light Sanitizer & Ultraviolet Sterilizer Hand Wand,19.0,3.5,19,4.145331540465585,,,,True,no pack size (no_size_found),False,,-1.5071202576353033,
B07DG1GRFC,"365 by Whole Foods Market, Hand Sanitizer Carabiner Clip Lavender, 1 Fl Oz",3.29,4.5,335,4.482285867490971,1 x 1 fl oz,3.29,$/fl oz,False,,False,,0.34388218323821496,-0.6509932506421067
B00ZQE6V26,"McKesson Gel Hand Sanitizer with Aloe, Cleanse and Moisturize Hands - Spring Water Scent, 18 oz Pump Bottle, 1 Count, 12 Packs, 12 Total",61.71,5.0,15,4.508829021072286,,,,True,no pack size (title_size_count_ambiguous),False,,0.48969257392595106,
B08CZCGL8Y,"pullio - Hand Sanitizer Wet Wipes with Premium Fabric | Hypoallergenic Alcohol-Free Formula| Gentle Hand Cleaning Wipes for Everyone | Hand Wipes w/Citrus, Peppermint (Citrus 20 (4pks))",13.89,4.6,18,4.429294478527607,1 x 80 ct,,,True,non-dominant dimension (count),False,,0.0527828191719577,
B08VL1MXNZ,"PURELL PRIME DEFENSE Advanced Hand Sanitizer, 85%, Maximum Strength Formula, 12 fl oz Pump Bottles (Pack of 4) - 3699-06-EC2",19.19,4.8,1124,4.780398304290312,,,,True,no pack size (sources_disagree),False,,1.981513173294504,
B075MXM8KT,"PURELL CS6 Touch-Free Hand Sanitizer Dispenser, Graphite, for 1200 mL PURELL CS6 Hand Sanitizer Refills (Pack of 1) - 6524-01",10.0,3.0,28,3.903770761633997,,,,True,no pack size (no_size_found),False,,-2.8340941391812464,
B08D7R2TWB,"Pre de Provence Advanced Alcohol Based Hand Sanitizer Gel Moisturizes & Softens Hands, 3.4 Fluid Ounces, Cucumber",13.99,5.0,4,4.415675904379099,1 x 3.4 fl oz,4.114705882352942,$/fl oz,False,,False,,-0.022028548328917083,-0.8294586157377243
B002B30ZT0,"Purell Advanced Hand Sanitizer E3 Rated Gel, 1000 mL Hand Sanitizer Gel Refill NXT Push-Style SPACE SAVER Dispenser (Pack of 8) - 2163-08",85.14,4.5,12,4.395593976575571,,,,True,no pack size (only_weak_sources),False,,-0.13234527199269966,
B0002O06A8,"Purell 215608CT Advanced Instant Hand Sanitizer NXT Refill, 1000mL (Case of 8),Clear",84.99,4.5,218,4.474666185492602,,,,True,no pack size (sources_disagree),False,,0.3020247300273579,
B004NAGWUU,"Avant® Foaming Instant Hand Sanitizer 18oz Bottle, 12-Pack bulk refill",153.99,5.0,2,4.394807186678353,,,,True,no pack size (sources_disagree),False,,-0.1366673711717267,
B08M48PQKS,Hand Sanitizer Holder Compatible w/ Bath and Body Works Hand Sanitizer - Holiday 2020 - Many Styles! (Santa Hat),8.99,4.8,35,4.54055283656166,,,,True,no pack size (no_size_found),False,,0.6639620674298252,
B00BFEX82C,Germstar ONE 2oz Hand Sanitizer Spray Bottles (6/case),25.0,4.5,322,4.481673410781883,1 x 6 ct,,,True,non-dominant dimension (count),False,,0.34051775437493664,
B084C1ST76,"My-Shield Hand Sanitizer Foam - Alcohol-Free, Long-lasting Protection. Kills 99.999% of Germs. Moisturizes With Aloe Vera (1.7 oz, 2-Pack)",9.98,4.1,275,4.144708822048595,,,,True,no pack size (sources_disagree),False,,-1.5105410574807916,
B004ZS7V1O,"PURELL 9631CT Advanced Instant Hand Sanitizer w/Aloe, 4oz Flip-Cap Bottle (Case of 24)",55.0,5.0,7,4.444413154983405,,,,True,no pack size (sources_disagree),False,,0.13583474870052414,
B003CISSGU,9651-24 Hand Sanitizer Instant 4oz 24/Ctn 687367 Gojo,76.94,3.8,6,4.3151533742331285,1 x 4 oz,,,True,non-dominant dimension (weight),False,,-0.5742323152476158,
B08RRWN3V6,"Hand Sanitizer Holder Keychian,5 Pack Empty Travel Size Bottle and Hand Sanitizer Keychain Set Include 5pcs Flip Cap Reusable Bottles,5pcs Refillable Bottles Keychain Holders for Backpack and Kids(Marble Color)",7.99,4.5,353,4.483069293498741,5 x 5 ct,,,True,non-dominant dimension (count),True,True,0.3481858034511642,
B01C9LO382,"SafeHands #1 Alcohol Free Foam Hand Sanitizer Brand, Clean Linen (1.75 Oz (3-Pack))",15.99,3.4,2,4.337664329535495,3 x 1.75 oz,,,True,non-dominant dimension (weight),False,,-0.4505721338250576,
B08GY9K4HG,Hand Sanitizer Holder Hand Sanitizer- Many Styles! (Peach White Ombre),13.9,4.6,365,4.57066635430546,,,,True,no pack size (no_size_found),True,True,0.8293856586302497,
B0964JR4H4,"Natscent GizmoClean Automatic Hand Sanitizer Dispenser with Lavender-Infused 80% Alcohol Included, Non-Sticky, Plug & Play, Portable, Rechargeable, Motion Sensor Activation, Home Car Office - Blue",39.95,3.8,7,4.306708236950619,,,,True,no pack size (no_size_found),False,,-0.6206242694968336,
B08DG78XGD,Baby Shower Hand Sanitizer Favor Stickers - Set of 60 Labels (Jungle Safari),10.99,4.8,682,4.768626633769005,,,,True,no pack size (no_size_found),False,,1.9168474630765813,
B089V9QJ63,"Brittanie's Thyme Organic Travel Hand Sanitizer Spray, Rosemary & Peppermint 2oz 6 Count | Vitamin E Aloe Moisturizing | Non Greasy & Replenishes Moisture & Nourishes Skin",14.99,4.7,140,4.608810321927772,,,,True,no pack size (sources_disagree),False,,1.0389231879351648,
B00ZVUUEJG,"McKesson Premium Hand Sanitizer with Aloe, 18 oz. Ethanol Pump Bottle, 1 Each",11.1,4.7,1066,4.684204645048203,,,,True,no pack size (sources_disagree),False,,1.45308933726439,
B07NZQYR3W,"McKesson Gel Hand Sanitizer with Aloe, Cleanse and Moisturize Hands - Spring Water Scent, 18 oz Pump Bottle, 1 Count, 5 Packs, 5 Total",29.54,4.8,84,4.632675380101361,5 x 18 oz,,,True,non-dominant dimension (weight),False,,1.1700219078147118,
B012C4R2AC,Bath & Body Works PocketBac Hand Sanitizer Gel Ocean For Men,7.0,4.3,124,4.321961811539257,1 x 1 fl oz,7.0,$/fl oz,False,,False,,-0.5368312995567597,-1.2533962651761672
B07PQVJSGG,Mia Secret Professional Nail System Hand Sanitizer Antiseptic 8oz,12.5,4.6,418,4.573960174690651,,,,True,no pack size (sources_disagree),False,,0.8474797119893815,
B019666XKO,"Purell NATURALS Advanced Hand Sanitizer Gel, with Skin Conditioners and Essential Oils, 12 fl oz Counter Top Pump Bottle (Case of 12) - 9629-12",57.68,4.8,1195,4.781512572020807,,,,True,no pack size (sources_disagree),False,,1.9876342173752863,
B087QQS7Z6,Foaming Hand Sanitizer No Alcohol Dye and Fragrance Free 1 Gallon - 128 FL OZ,45.0,4.4,266,4.395341257668712,1 x 1 gal,0.3515625,$/fl oz,False,,False,,-0.13373354119102276,1.1332274938610618
B00IRSAEQ2,"Hand Sanitizer Spray, Coconut Lemon, 2-oz.",8.5,4.8,174,4.698724572166613,1 x 2 oz,,,True,non-dominant dimension (weight),False,,1.5328521370917343,
B09B375NCH,"goldblue Hand Sanitizer Holder, Pu Leather Hand Sanitizer Holder Keychain Accessories Portable Empty Travel Bottle Keychain, 1 oz/30 ml Small Squeeze Bottle Refillable Containers",7.99,4.3,14,4.357488271382172,,,,True,no pack size (no_size_found),False,,-0.3416726130209549,
B07C67KGGD,"Clorox CLO 02174 Bleach-Free Hand Sanitizer, 2.0 FL OZ, Contains Hand Moisturizers, Alcohol-Based",6.99,3.9,107,4.058442251267005,1 x 2 fl oz,3.495,$/fl oz,False,,False,,-1.984432087437743,-0.6992206010094478
B08KFHJC8N,"Crayola 4-Pack 4 Color Keychain Backpack Holder for Crayola 2 oz. Hand Sanitizer for Kids. Ideal for Backpack, Gym Bag, Belt Loop, Purse or Handbag",9.99,4.3,74,4.330540644171779,4 x 2 oz,,,True,non-dominant dimension (weight),False,,-0.489704912183057,
B09NQRMJR3,Bath Body Works Hand Sanitizer Holder Fox Pom,29.99,4.2,9,4.347765118317265,,,,True,no pack size (no_size_found),False,,-0.3950851339848812,
B08NWCM9CT,"Nature's Fusions Hand Sanitizer Spray (Lemon, 4 Pack)",19.99,4.4,100,4.390319496454466,1 x 20 fl oz,0.9994999999999999,$/fl oz,False,,False,,-0.16131974952706787,0.2995684289293566
B07DG4F5DK,"365 by Whole Foods Market, Hand Sanitizer Carabiner Clip Orange Blossom, 1 Fl Oz",3.19,4.4,350,4.396309907064326,1 x 1 fl oz,3.19,$/fl oz,False,,False,,-0.12841242716509382,-0.6263659584534744
B002LMUY0Q,Eo Products Hand Sanitizer Lavender 8 Fz,14.56,4.4,23,4.380638992908931,1 x 1 fl oz,14.56,$/fl oz,False,,False,,-0.2144979824640177,-1.8377239874292357
B0B6GWZGCS,"Sanit Moisturizing Hand Sanitizer Gel 70% Alcohol, with Pump - Kills 99.99% Germs, Advanced Formula with Vitamin E and Aloe Vera - Soothing Gel, Fresh Scent, Made in USA - 4 oz - 12 Pack",15.99,5.0,1,4.383803680981595,,,,True,no pack size (sources_disagree),False,,-0.1971132959433948,
B08KPFKWHY,"6 Pack Cartoon Mini Hand Sanitizer Split Bottles Travel Portable Hand Gel Holder for Kids Adults with Carry Bag,30ml Caapcity",13.99,4.1,22,4.29354213755247,6 x 30 ml,2.2985204365520833,$/fl oz,False,,False,,-0.6929500423631365,-0.3648628214284072
B08BJFZWMF,"NXN Beauty Hand Sanitizer Refreshing Gel, with 70% Alcohol, Pine Needle, 36 Total FL OZ - 3 Pack of 12 OZ (354ml Each)",24.99,4.7,37,4.505595631362502,,,,True,no pack size (sources_disagree),False,,0.47193048641118396,
B085W7Y41C,"Hand Sanitizer Holder for Backpack Kids Travel Size Baseball Softball Keychain (Softball, Pack of 6)",19.95,4.8,54,4.586196319018405,,,,True,no pack size (no_size_found),False,,0.9146969316568018,
B08R43XY6L,Sani-Effect 12 Pack 8 Oz Gel Hand Sanitizer,7.95,4.3,57,4.335218040126016,12 x 8 oz,,,True,non-dominant dimension (weight),True,False,-0.46401041701317747,
B0C259VQ45,"Avant® Alcohol-Free Foaming Hand Sanitizer, 18 oz Bottle 2-Pack bulk",21.99,4.2,54,4.286196319018405,,,,True,no pack size (sources_disagree),True,False,-0.7333030722731649,
B004Q9TLDS,"PURELL TFX Touch-Free Foam Hand Sanitizer Dispenser, Dove Grey, for PURELL TFX 1200 mL Foam Hand Sanitizer Refills (Pack of 1) - 2720-12",15.99,4.2,1799,4.205023854535342,,,,True,no pack size (no_size_found),False,,-1.1792104782301422,
B09NQ1MRWR,Duufin 50 Pieces Empty Travel Size Bottle Hand Sanitizer Holders Set Including 25 Pieces Hand Sanitizer Holders and 25 Pieces Flip Cap Reusable Bottles for Hand Sanitizer,19.99,4.8,52,4.58216228730177,,,,True,no pack size (title_conflicting_counts),False,,0.8925366507072441,
B07CL8B452,GOJ96202M - Purell Advanced Hand Sanitizer Single Use,208.44,4.6,10,4.407956288343558,,,,True,no pack size (no_size_found),False,,-0.06443497251861298,
B01LY2WE29,"Germ-X Hand Sanitizer, Original, Travel Size, 2.5 Fluid Ounce",3.99,4.3,526,4.306740004231013,1 x 2.5 fl oz,1.596,$/fl oz,False,,False,,-0.6204497612361161,-0.07383098006017678
B0BW9RN9N9,"Bufferin Hand Sanitizer, Gel with Aloe & Vitamin E, 8 Fluid Ounces, 4 Count",14.79,4.4,105,4.390623914804954,,,,True,no pack size (sources_disagree),True,False,-0.15964747805106413,
B09XN9WVVS,"Purell Advanced Hand Sanitizer Gel Infused with Essential Oils, Calming Lavender, 2 fl oz Travel-Size Pump Bottle (Pack of 6), 3905-04-EC",10.39,4.6,134,4.534623417308445,,,,True,no pack size (sources_disagree),False,,0.6313897909211591,
B087MZ2VZV,"Sanitect Instant Hand Sanitizer Liquid with Aloe, Fragrance Free, 8 oz, 65% Alcohol Antimicrobial Hand Sanitizer with Glycerin and Aloe 3-Pack",29.99,3.6,11,4.241680037753658,,,,True,no pack size (sources_disagree),False,,-0.9778458446040018,
B005C3QEN2,Purell Advanced Hand Sanitizer Refreshing Gel 8 oz,9.74,4.2,20,4.325800033161997,,,,True,no pack size (sources_disagree),False,,-0.5157466687255625,
B08D4P5XL4,"PURELL Quick Tabletop Stand Kit, Push-Style Corrugated Tabletop Stand and 2 PURELL NXT Hand Sanitizer Refills (Pack of 1) - 2156-02-TTS",20.0,4.7,72,4.559596844872918,,,,True,no pack size (title_is_kit),False,,0.7685771533358124,
B08VHLXZP6,"Safeguard Antibacterial Hand Sanitizer, Fresh Clean Scent, Contains Alcohol, 2 Oz (Pack of 48)",59.99,4.7,193,4.628377337870396,48 x 2 oz,,,True,non-dominant dimension (weight),False,,1.1464113291029743,
B00CX21P70,"Purell Advanced Hand Sanitizer Refreshing Gel, Clean Scent, 1 fl oz Travel Size Flip Cap Bottle with JELLY WRAP Carrier (Pack of 36) – 3900-36-WRP",54.69,4.3,40,4.341587260148806,,,,True,no pack size (sources_disagree),False,,-0.42902216827121226,
B08G8WWDC4,"KMDJG 6Pcs Empty Hand Sanitizer Bottles, 1 fl oz Portable Cartoon Silicone Silicone Hand Sanitizer Cases, Flip Cap Reusable Travel Size Holder Keychain Carriers Random Color",11.99,4.1,42,4.2532208588957054,1 x 6 ct,,,True,non-dominant dimension (count),False,,-0.914448266979169,
B012C5JPAG,Bath & Body Works PocketBac Hand Sanitizer Gel Men's 6pc Bundle,22.9,4.1,54,4.236196319018404,,,,True,no pack size (sources_disagree),False,,-1.0079697395948302,
B00BF0O71W,Germstar ONE 2oz. Hand Sanitizer Spray Bottles (25/case),64.95,3.9,49,4.147662159747454,1 x 25 ct,,,True,non-dominant dimension (count),False,,-1.494317389016372,
B004NEW5LQ,"Purell Advanced Hand Sanitizer Green Certified Foam, EcoLogo Certified, 535 mL Sanitizer Pump Bottle (Pack of 4) - 5791-04",81.15,4.6,110,4.525056112524315,,,,True,no pack size (sources_disagree),True,False,0.5788333965150074,
B08D6WY3JQ,"My-shield Hand Sanitizer Gel Packs for Kids With Silicone Holder 1 oz (3-pack) Alcohol-Free, Long-lasting Protection. Kills 99.9% of Germs. Moisturizes With Aloe Vera. Formulated with Zetrisil.",12.99,3.9,21,4.240122699386503,3 x 1 oz,,,True,non-dominant dimension (weight),False,,-0.986400823387973,
B004I2MLG2,"Purell Advanced Hand Sanitizer Green Certified Refreshing Gel, Fragrance Free, 12 fl oz Pump Bottle (Pack of 12) - 3691-12",57.99,3.7,13,4.241928394835638,,,,True,no pack size (sources_disagree),False,,-0.9764815363637381,
B08K53MFZ7,"Germ-X Original Hand Sanitizer, Non-Drying Moisturizing Gel with Vitamin E, Instant and No Rinse Formula, Back to School Supplies College, 8 Fl Oz Pump Bottle (Pack of 12)",25.36,4.8,66467,4.799652879578689,12 x 8 fl oz,0.26416666666666666,$/fl oz,False,,False,,2.0872849737975545,1.361261959718456
B095FC5PRM,"MagiCare Hand Sanitizer Wipes (4-80ct Packs) - Disposable 75% Alcohol Wipes - Unscented Sanitizing Wipes for Home, Travel, Classroom, Camping, etc - Four, 80ct Hand Wipes Soft Packs (320pcs)",25.99,4.7,898,4.681417229468474,,,,True,no pack size (title_conflicting_counts),False,,1.4377771343099002,
B07GGM82L2,"PURELL Advanced Hand Sanitizer Gel Refill, 1000 mL Refill, Case of 8",82.5,4.7,433,4.663673927010242,8 x 1000 ml,0.3049770236132812,$/fl oz,False,,False,,1.3403072592402432,1.2466442723016316
B07FC5M816,"Advanced Hand Sanitizer Single Use, 1.2 Ml, Packet, Clear, 125/Box",21.75,4.7,179,4.624073830274625,,,,True,no pack size (title_size_count_ambiguous),False,,1.1227707273204972,
B08MZ6L431,"Benchmark Antibacterial Hand Sanitizer Wipes, Pack of 80 Wipes",14.89,4.8,10,4.439206288343558,,,,True,no pack size (sources_disagree),False,,0.10723169455742532,
B09JJ1GJ93,"Hand Sanitizer Holder Cute Hero Inspired Hand Sanitizer Holder for Backpack, for 1 oz Bottle Case (RED)",8.99,3.8,15,4.247959455854895,1 x 1 oz,,,True,non-dominant dimension (weight),False,,-0.9433509077522784,
B000TTPAVG,"EO Hand Sanitizer Gel, 32 Ounce (Pack of 1), French Lavender, Organic Plant-Based, Botanical Extracts",30.51,4.7,1447,4.688213992307787,,,,True,no pack size (sources_disagree),False,,1.4751140182628968,
B09541BNVH,"Travel Size Bottle Case, Hand Sanitizer Holder Carrier Bag - Portable Mini Waist Bag for Liquid Storage - Clip On Belt Loop, Backpack and Purse - Includes Empty Flip Cap 2 oz. Reusable Bottle",6.99,4.0,20,4.271745979107942,,,,True,no pack size (title_is_kit),False,,-0.8126836063706036,
B09HVG5YWQ,Sopure (20 casesx20mL Bulk Pack of Pocket Size Portable Mini Liquid Unscented Spray Hand Sanitizer - Natural vegetable ingredients & Enriched with Vitamin E - Non-sticky moisturizing,30.0,4.6,10,4.407956288343558,1 x 20 ct,,,True,non-dominant dimension (count),False,,-0.06443497251861298,
B075NFPKFT,"PURELL Advanced Hand Sanitizer Foam, Clean Scent, 1200 mL Refill for PURELL ES8 Automatic Hand Sanitizer Dispenser (Pack of 2) - 7753-02",74.5,4.2,39,4.300098951118148,,,,True,no pack size (only_weak_sources),False,,-0.6569312797564534,
B08TB3YNTT,Bath and Body Works 5 Pack Set 1 fl. oz. / 29 mL Each Sweet Cinnamon Pumpkin PocketBac Hand Sanitizer,25.0,4.7,106,4.589432515337423,5 x 1 fl oz,5.0,$/fl oz,False,,False,,0.9324744368116687,-0.9849382165451394
B01B8IOG9I,Antibacterial Travel Hand Sanitizer Gel with Aloe Vera by L’Autre PEAU - Liquid Instant Hand Cleaner - Citrus Scented Square Pocket Sanitizer - 6 Piece Pack - (0.5 oz.),13.95,4.3,388,4.308844349443411,,,,True,no pack size (sources_disagree),False,,-0.6088898915084461,
B09PCWWP65,NATURAL CONCEPTS - Hand Sanitizer 70% Alcohol with ﻿Aloe Vera - 1 Gallon (128 oz),27.99,4.7,25,4.476065853847946,,,,True,no pack size (sources_disagree),False,,0.3097135748777195,
B0883GGPHM,"Our Aroma Automatic Wall-Mounted Soap/ Hand Sanitizer. Lotion Dispenser with Interchangeable Nozzles for Liquid/ Foaming soap, Liquid/ Gel/ Foaming Sanitizer, & Lotion",49.95,4.2,11,4.343218499292119,,,,True,no pack size (no_size_found),False,,-0.4200612278892445,
B091PC4ZFK,"ForPro Professional Collection Alcohol-Free Foaming Instant Hand Sanitizer, Works in 15 Seconds to Effectively Clean & Moisturize Hands w/o Water, Dye & Fragrance-Free, 15 Ounce Clear Pump Bottle",5.99,4.3,233,4.313620914473825,1 x 15 oz,,,True,non-dominant dimension (weight),False,,-0.5826506275454653,
B084H5K2BG,Bath and Body Works Pocketbac Hand Sanitizer - Atlantic Men's Collection (Packaging Varies),7.99,4.5,44,4.4296857393264055,1 x 1 fl oz,7.99,$/fl oz,False,,False,,0.05493214516514764,-1.3589377950895551
B089LG916H,"WELLGATE Hand Sanitizer Gel, from Makers of ARM & Hammer, 70% Alcohol, Helps to Kill Germs, 8.5 Fl Oz (Pack of 6), 51 Fl Oz",26.0,4.3,88,4.327529594746392,6 x 8.5 fl oz,0.5098039215686274,$/fl oz,False,,False,,-0.5062456103992952,0.8367115147661107
B001B992YY,"Sani-Hands Hand Sanitizer Wipes, Ethyl Alcohol Wipes Individually Wrapped with Aloe and Vitamin E, Hand Sanitizer Travel, Home, Outdoor Use, 5 in x 8 in, 100 Wipes, 1 Pack",12.9,4.8,1208,4.781703013038025,1 x 100 ct,,,True,non-dominant dimension (count),False,,1.9886803733656997,
B00P73W1LG,Bath Body Works PocketBac Hand Gel Sanitizer Mahogany Teakwood,7.22,4.5,51,4.434373356704644,1 x 1 fl oz,7.22,$/fl oz,False,,False,,0.08068279002434707,-1.2780859148783439
B0764LL936,BushKlawz 70% Alcohol Hand Sanitizer Gel 10oz with Pump - No Rinse Instant Clean with No Water Needed Large Pump Bottle (12x Retail Bulk Pack),29.99,4.5,35,4.422575308471773,1 x 10 oz,,,True,non-dominant dimension (weight),False,,0.01587217824388553,
B08P3B2PQH,"TONYMOLY Peach Hand Sanitizer Gel, 3 ct",12.0,3.9,23,4.231288343558282,1 x 3 ct,,,True,non-dominant dimension (count),False,,-1.0349308848533931,
B08PD6YXQC,"Wooden Mallet Hand Sanitizer Dispenser Floor Stand, Black (HFS1BK)",135.99,3.2,3,4.310687762350661,,,,True,no pack size (no_size_found),False,,-0.5987634099138006,
B012C56YFU,Bath & Body Works PocketBac Hand Sanitizer Gel Ocean For Men 5pc Bundle,13.0,4.6,394,4.57256518404908,,,,True,no pack size (sources_disagree),False,,0.8398165633800779,
B07JZJJJ82,Bath & Body Works - 'Classic Faves' Pocketbac Bundle of 10 Antibacterial Hand Sanitizer Gel,37.95,4.7,745,4.677858826600736,1 x 10 fl oz,3.7950000000000004,$/fl oz,False,,False,,1.41822964117651,-0.76492527377618
B088HH7Y2D,"Happy Little Camper USA Made with Moisturizing and Antimicrobial Formula Hand Sanitizer, 8.5 Fl Oz",8.09,4.4,9,4.376336546888694,1 x 8.5 fl oz,0.951764705882353,$/fl oz,False,,False,,-0.23813275265821815,0.3386135940744551
B01IAI63J0,"Advanced Hand Sanitizer Gel, Original, 8-oz. Pump",18.8,4.7,574,4.671829940213356,,,,True,no pack size (sources_disagree),False,,1.3851109585428576,
B0933ZWC4X,"EO Organic French Lavender Hand Sanitizer Spray, 8 FZ",13.96,4.8,10,4.439206288343558,1 x 8 fl oz,1.745,$/fl oz,False,,False,,0.10723169455742532,-0.1450433038912249
B01BOWFQTW,"Purell Advanced Hand Sanitizer Variety Pack, Naturals and Refreshing Gel, 1 Fl Oz Travel Size Flip-Cap Bottle with Jelly Wrap Carrier (Pack of 8), 3900-09-ECSC",14.99,4.8,10318,4.797773737220785,,,,True,no pack size (sources_disagree),False,,2.0769622184201864,
B08LN7PNSB,"NXN SANITIZE Advanced 70% Alcohol Hand Sanitizer Wipes, Fresh Citrus Scent, 6 Packs of 80 (480 Wipes),",59.99,5.0,11,4.478603114676734,6 x 80 ct,,,True,non-dominant dimension (count),False,,0.3236515943971002,
B075NFPKF4,"PURELL Advanced Hand Sanitizer Gentle & Free Foam, Fragrance Free, 1200 mL Refill for PURELL ES4 Manual Hand Sanitizer Dispenser (Pack of 2) - 5051-02",70.99,5.0,8,4.453374233128835,,,,True,no pack size (only_weak_sources),False,,0.1850609380968082,
B00LHV2LXU,"3M Avagard D Instant Hand Sanitizer with Moisturizers (61% w/w ethyl  alcohol) 9222, 16 oz, 12/Case",115.97,4.7,37,4.505595631362502,,,,True,no pack size (title_size_count_ambiguous),False,,0.47193048641118396,
B096T4H4L5,Weddingstar Wearable 21.5mm Silicone Hand Sanitizer Dispenser for Wrist - Black,7.99,2.8,10,4.126706288343558,,,,True,no pack size (no_size_found),False,,-1.6094349762029576,
B0B6GN9NXJ,"Sanit Moisturizing Hand Sanitizer Gel 70% Alcohol - Kills 99.99% Germs, Advanced Formula with Vitamin E and Aloe Vera - Soothing Gel, Fresh Scent, Made in USA - 1 Gallon with Pump & 2oz Refill Bottle",31.95,4.5,6922,4.499012213654527,,,,True,no pack size (sources_disagree),False,,0.43576557838246655,
B0B38TLVJJ,Abodhu Empty Hand Sanitizer Bottles Keychain Portable Clear Leakproof Squeeze Containers for Hand Sanitizer,19.99,4.5,556,4.488703610580307,,,,True,no pack size (no_size_found),False,,0.3791369853597092,
B08HHDGZM2,"Germ-X Hand Sanitizer Spray, Non-Drying & Moisturizing with Vitamin E, Instant and No Rinse Formula, Fresh Citrus Scent, Back to School Supplies, Paraben Free, 5.5 Oz (Pack of 6)",38.64,4.8,2029,4.788914643520878,6 x 5.5 oz,,,True,non-dominant dimension (weight),False,,2.0282962635793074,
B09XR8P7BT,Fend Wellness - The Mitt Wearable Hand Wipes - Premoistened Mitten-Shaped Wipe With 75% Alcohol Sanitizer & Protective Liner - Dual Sided - Full Hand Coverage - One Size - Resealable - 30 Wipe Mitts,23.99,4.1,49,4.242807790815415,1 x 3 ct,,,True,non-dominant dimension (count),False,,-0.9716507211033084,
B09BJYMW1P,"Purell Advanced Hand Sanitizer Gel ES1 Push-Style Hand Sanitizer Dispenser, 450 mL refill bottle (Pack of 2) – 4450-06-EC2PK",22.0,4.8,53,4.584198153775586,,,,True,no pack size (only_weak_sources),False,,0.9037203438967407,
B0BKZQ7K1Y,"Beautifier Life Wet Wipes - Hand Sanitizer 75% Alcohol Wipes with Aloe and Vitamin E for Men, Women, & Kids (Aloe, 200 Count )",23.99,4.3,70,4.331525826241837,,,,True,no pack size (sources_disagree),False,,-0.48429297866530086,
B07X1TJFS8,"Hand Sanitizer with Aloe, McKesson Premium, 18 oz. Ethyl Alcohol Gel Pump Bottle, 53-27037-18 - Case of 12",79.11,4.3,13,4.358346305283399,,,,True,no pack size (sources_disagree),False,,-0.33695914677897587,
B07QHPZQ25,Ecolab / Huntington Hand Sanitizer - Item Number 6030370EA - 540 mL - 1 Each/Each,20.99,4.4,129,4.391853565322338,,,,True,no pack size (title_conflicting_counts),False,,-0.1528925978594628,
B08T13DP8V,"Cutter Foaming Hand Sanitizer, 7-oz, Antiseptic Solution, Pack of 12",58.08,1.0,2,4.25195004382121,,,,True,no pack size (sources_disagree),False,,-0.9214292778050467,
B08J4JVS6D,Hyalolex Hand Sanitizer Gel Lavender Scented 8oz 73% Ethyl Alcohol (Case of 12),29.99,4.5,5,4.38320682125403,12 x 8 oz,,,True,non-dominant dimension (weight),False,,-0.2003920453879729,
B00A7GQJB6,Bath & Body Works Ocean for Men Pocketbac - Bundle of 5 - Antibacterial Hand Sanitizer Gel,18.99,4.3,60,4.334291249596383,1 x 5 fl oz,3.7979999999999996,$/fl oz,False,,False,,-0.4691015863347669,-0.7655557447067246
B000T9L7G8,GelRite Hand Sanitizer 4 OZ,4.5,3.9,23,4.231288343558282,,,,True,no pack size (sources_disagree),False,,-1.0349308848533931,
B09B45TDZK,Weathertech Hand Sanitizer Holder - for use with Weathertech CupFone TwoView,18.0,4.3,7,4.364085286130946,,,,True,no pack size (no_size_found),False,,-0.3054330119146032,
B09Z1WD9Y4,"4 Packs Gallon Pump Dispenser, Leak Proof Dispenser for Hand Soap, Laundry Detergent, Sanitizer, Shampoo - 128 OZ Capacity - 38/400 Plastic Gallon Pump Dispenser for Household & Commercial",11.99,4.0,63,4.171873525247758,,,,True,no pack size (no_size_found),False,,-1.3613162875508689,
B08CSYQX9Y,YIROCK Bath and Body Works Hand Sanitizer Holder - Many Styles! (Light-up Squirrel),20.0,4.7,17,4.450833837380109,,,,True,no pack size (no_size_found),False,,0.17110569741719447,
B07GJR5BY2,"Hand-E-Foam Alcohol Free Foaming Hand Sanitizer Pump, 8 Ounce - Vitamin E Enriched Moisturizing Formula - No Rinse, Non Drying, Non Sticky Foam Hand Soap - First Aid Antiseptic Cleanser",18.05,4.2,85,4.266972679525091,,,,True,no pack size (sources_disagree),False,,-0.8389049321415954,
B08JS3RPF6,"VIVO Steel Hand Sanitizer Floor Stand, Stand Only, Portable Freestanding Sanitation Holder, Soap Dispenser Mount, Black STAND-HS01",39.99,4.5,22,4.409331611236681,,,,True,no pack size (no_size_found),False,,-0.05687986540771086,
B0BJL9HMH4,"Avant® Foaming Instant Hand Sanitizer, 18 oz Bottle 2-Pack",21.99,5.0,2,4.394807186678353,,,,True,no pack size (sources_disagree),False,,-0.1366673711717267,
B09XR9LFZ2,Fend Wellness - The Mitt Wearable Hand Wipes - Premoistened Mitten-Shaped Wipe With 75% Alcohol Sanitizer & Protective Liner - Dual Sided - Full Hand Coverage - One Size - Resealable - 12 Wipe Mitts,9.99,4.4,4,4.374296594034271,1 x 6 ct,,,True,non-dominant dimension (count),False,,-0.24933889369857068,
B07N1BHBCB,"WBM Care Hand Sanitizer With Natural Aloe Extract,Skin Nourishing,2.1 Fluid Ounce,8617",7.64,3.8,54,4.086196319018405,,,,True,no pack size (sources_disagree),False,,-1.831969741559811,
B0038QQ7R8,Babyganics Alcohol-free Foaming Hand Sanitizer Bundle - 2 Items: Fragrance Free 8.45 Oz Bottles,24.67,4.3,148,4.319352487395978,,,,True,no pack size (sources_disagree),False,,-0.5511651868846874,
B092C7HF5H,"Ezindraw Portable Hand Sanitizer Holder Keychain and No Touch Door Opener, Hand Sanitizer Spray Bottle Holder for Kids, Premium Leather Squeeze or Spray Refillable Bottle Case, Travel Size, Black",6.38,4.2,97,4.261650347377402,,,,True,no pack size (no_size_found),False,,-0.8681422768092911,
B08JC2CQFY,"Kaffrey 1 & 2 oz. Genuine Leather Hand Sanitizer Holder; Travel Size Key Chains; Keychain Accessories For Purse, Backpack, Diaper Bag; Refillable Plastic Containers For Lotion, Shampoo, Soaps",14.97,4.9,39,4.593647338214922,,,,True,no pack size (no_size_found),False,,0.9556278638739422,
B08CM5HK93,"M.D. Science Premium Alcohol Free Hand Sanitizer with Benzalkonium Chloride, Tea Tree Oil and Aloe Vera, 3 fl Oz. (Pack of 4)",26.69,3.8,48,4.103031396607722,4 x 3 fl oz,2.2241666666666666,$/fl oz,False,,False,,-1.739489048448622,-0.3386265103498291
B07BM9G4SL,"365 by Whole Foods Market, Hand Sanitizer Carabiner Clip Cucumber Aloe, 1 Fl Oz",2.69,4.3,327,4.310260373894981,,,,True,no pack size (sources_disagree),False,,-0.6011111971692695,
B091D4CWVL,"Honour Hand Care Sanitizer Gel, Fragance Free, 100 Single-Use Travel-Size Packs - 70% Alcohol. Parabens Free.",13.99,5.0,5,4.425579702609961,1 x 100 ct,,,True,non-dominant dimension (count),False,,0.032376316749025136,
B08BJFZSJ9,"NXN Hand Sanitizer Gel, 70% Alcohol, Cara Cara 12oz -3Pack",24.99,4.5,69,4.443977255723477,,,,True,no pack size (sources_disagree),False,,0.1334402087602795,
B0071MHJX6,PURELL Advanced Non-Aerosol Instant Hand Sanitizer Foam,19.95,3.7,15,4.226220325420112,1 x 24 fl oz,0.8312499999999999,$/fl oz,False,,False,,-1.062771197892134,0.4466337937221331
B08PCFNWJM,"Pump&Protect Hand Sanitizer Bracelet - Adjustable & Refillable Bracelet for Adults & Kids, Wearable & Portable Wristband Sanitizer Dispenser Bracelet(Aqua Blue)",9.95,3.6,9,4.262050832602979,,,,True,no pack size (no_size_found),False,,-0.8659422779648751,
B00RY372PC,Prefense Intoxicant-Free Foam Hand Sanitizer Original Lemongrass Scent - 1.5 oz - Bottles May Vary,7.99,4.3,28,4.347673200658387,,,,True,no pack size (sources_disagree),False,,-0.3955900683255221,
B089XFRTR7,RALME Kids Hand Sanitizer for Girls – Pack of 3 with Cupcake & Unicorn Hand Sanitizer Holders with Sanitizer Bottles Included,11.99,4.7,69,4.556172377674697,,,,True,no pack size (no_size_found),False,,0.7497654134820566,
B0BL54GN2K,"Alpine Automatic Hand Sanitizer Dispenser - Touchless Soap Dispenser for Restaurant, Hospital, School, Hotel, Kitchen and Bathroom -800mL Liquid, Gel (Stainless Steel)",57.0,4.6,14,4.4192529772645255,,,,True,no pack size (no_size_found),False,,-0.0023784945647814396,
B075ND7N8Y,"PURELL ES8 Automatic Hand Sanitizer Dispenser with Energy-on-the-Refill, White, for 1200 mL PURELL ES8 Hand Sanitizer Refills (Pack of 1) - 7720-01",10.04,4.0,104,4.1272734332530865,,,,True,no pack size (no_size_found),False,,-1.6063194601591868,
B073Y12FDT,"PURELL Advanced Green Certified Instant Hand Sanitizer Refill Gel, 700 mL, 4/Carton",58.45,4.8,24,4.503964134025484,,,,True,no pack size (sources_disagree),False,,0.4629681276851238,
B0CBD3N6ZS,PURELL® Instant Hand Sanitizer with Aloe,22.82,4.6,56,4.4882654768544334,,,,True,no pack size (no_size_found),False,,0.3767301707531693,
B00GX7NVSC,"Everyone for Every Body Hand Sanitizer Spray: Peppermint and Citrus, Travel Size, 2 Ounce, 6 Count",25.02,4.8,1541,4.7855230109429385,,,,True,no pack size (title_size_count_ambiguous),False,,2.0096648952400655,
B078Z7VZDT,"PURELL 775402 Professional Advanced Hand Sanitizer Foam, 1200 mL, For ES8 Dispensers, 2/CT",114.9,4.2,21,4.324122699386503,,,,True,no pack size (only_weak_sources),False,,-0.5249608222875791,
B09RQ4MNGQ,"Tork Foam Skincare Automatic Dispenser - Intuition Sensor for Foam Soap and Hand Sanitizer 571600 - Economical, S4 System, White",35.0,5.0,2,4.394807186678353,,,,True,no pack size (no_size_found),False,,-0.1366673711717267,
B08CQ29BFL,"KeriCure Super Moisturizing Fresh Lemonade Hand Sanitizer Spray, 3 PACK, Leaves Hands Silky Soft and Clean, Made in the USA, Woman Owned Small Business",17.95,4.4,8,4.375954878290124,,,,True,no pack size (no_size_found),False,,-0.24022938549802567,
B09B15WPRG,"DR LUCID Hand Sanitizer - Liquid Spray, Moisturizing & Sanitizing Liquid - 70% Ethyl Alcohol, Essential Oils - 1.7 Fl Oz Spray Bottle - Eucalyptus, Single Pack",5.99,3.5,2,4.341235758106924,,,,True,no pack size (no_size_found),False,,-0.4309530861592223,
B086CFY2DT,Green Oak Hand Sanitizer Hand Sanitizer Spray Refill (1 Gallon),36.99,4.5,196,4.472436809815951,1 x 1 gal,0.288984375,$/fl oz,False,,True,False,0.2897780262810867,1.2896201096971176
B09MP36MBV,Bath Body Works Hand Sanitizer Holder Royal Polar Bear,24.0,5.0,23,4.559859772129711,,,,True,no pack size (no_size_found),False,,0.7700215004032367,
B072Z793CC,"GOJO 2156-04 PURELL Advanced Hand Sanitizer, 1000 mL (Pack of 4)",59.95,4.7,100,4.585124691259661,4 x 1000 ml,0.4432332743179687,$/fl oz,False,,False,,0.9088101231547291,0.9483561728947462
B08T26M4DP,"SIPA Foaming Hand Sanitizer 10.8oz (320ml), Alcohol-Free, Fresh Scent, Moisturizing Hand Perfect for Sensitive Skin Non-sticky, No Rinse, (PACK OF 4)",22.99,4.5,45,4.430395984383714,,,,True,no pack size (sources_disagree),False,,0.05883375802259944,
B08WRFGCVD,"PURELL Advanced Hand Sanitizer Foam ES4 Starter Kit, 1 - 1200 mL Fragrance Free Sanitizer Foam Refill + 1 - PURELL ES4 Graphite Push-Style Sanitizer Dispenser (Pack of 1) - 5053-1G",29.99,4.7,135,4.606397896581946,,,,True,no pack size (title_is_kit),False,,1.0256709313371595,
B00MAN18MO,"Purell Advanced Hand Sanitizer in Jelly Wrap Carriers, 1 Fl Oz, Scent May Vary, 5-Pack",17.99,4.4,159,4.393000950488205,5 x 1 fl oz,3.598,$/fl oz,False,,False,,-0.1465896286665992,-0.7223942798502089
B08CT1659F,Hand Sanitizer Holder - Many Styles! (2 Pack Gray Black Silicone),17.15,4.6,29,4.451918101855274,,,,True,no pack size (no_size_found),False,,0.1770619236149711,
B002XIXJOG,Gojo Purell Instant Hand Sanitizer Pump Dispenser Bottle,41.55,4.7,852,4.680473733392923,,,,True,no pack size (only_weak_sources),False,,1.4325941958558481,
B07KQ12P96,Bath Body Works Hand Sanitizer & Doggie Bag Holder Max German Shepherd,26.84,5.0,2,4.394807186678353,,,,True,no pack size (no_size_found),False,,-0.1366673711717267,
B092JQVJYX,"JJ CARE Hand Wipes Antibacterial(Pack of 800) Hand Sanitizing wipes with Vitamin E & Aloe Vera - Alcohol Wipes, Pack of 8 Canister | 100 Hand Sanitizer Wipes per Canister",57.89,4.0,28,4.245234176268143,,,,True,no pack size (title_conflicting_pack_counts),False,,-0.9583217769845359,
B0C629BT73,"Individually Wrapped Nurture Antibacterial Body & Hand Wipes | Alcohol-Free Antiseptic Wet Disinfecting Sanitizer Towelettes 4 Germ Removal, Sanitizing Hands | Natural Cleaning Cloths | Adults & Baby",23.95,4.7,1143,4.685220720512939,,,,True,no pack size (no_size_found),False,,1.4586709784973202,
B07D84XW21,EO Products Hand Sanitizer Spray - Everyone - Ppprmnt - Dsp - 2 oz - 1 Case,29.84,4.3,48,4.338325514254782,,,,True,no pack size (sources_disagree),False,,-0.44694002575844627,
B07YZ41S7C,"PURELL&reg; ES6 Hand Soap/Sanitizer Dispenser, 12.1"""" x 5.3"""" x 8.6"""", White (642001)",10.7,4.1,29,4.27721930667455,,,,True,no pack size (no_size_found),False,,-0.7826167935330042,
B084TWDSVV,Bath Body Works Pocketbac Hand Sanitizer Holder Winged Unicorn,7.95,4.7,49,4.528244684019299,,,,True,no pack size (no_size_found),False,,0.5963492826358869,
B08M4FGDG2,LOVANDI Hand Sanitizer Holder- Hand sanitizer holder keychain - Empty Refillable Bottle for Hand sanitizer - Mini Travel Hand Sanitizer Keychain Holder for Purse Backpac (Gold/White),12.99,4.6,13,4.4165552605072795,,,,True,no pack size (no_size_found),False,,-0.01719795198659232,
B00139VGU0,"PURELL 965124 Advanced Instant Hand Sanitizer, 4oz Flip-Cap Bottle, 24/Carton",64.89,5.0,11,4.478603114676734,1 x 4 oz,,,True,non-dominant dimension (weight),False,,0.3236515943971002,
B081741PSW,"Travel Essentials Kit, TSA Approved Travel Kit, Satin Eye Mask, Travel size hand sanitizer, wet wipes, tissues, ear plugs. International Travel Kit, Refreshed Traveler, Comfort Kit",10.98,4.4,20,4.37985408721605,,,,True,no pack size (title_is_kit),False,,-0.21880973108052634,
B097F6SV2P,Purell Unscented Gel Advanced Hand Sanitizer 8 oz. - Case of: 12;1212,37.15,3.6,10,4.251706288343558,1 x 8 oz,,,True,non-dominant dimension (weight),False,,-0.9227683078988045,
B01JV8XT3Q,"McKesson Premium Hand Sanitizer with Aloe, 18 oz. Ethanol Pump Bottle, 1 Each by McKesson",12.16,4.5,19,4.405605513068325,1 x 18 oz,,,True,non-dominant dimension (weight),False,,-0.07734856472802223,
B00005339M,"AQUAPHOR Original Formula Moisturizing Treatment for Severely Dry Skin (396g), Moisturizing Ointment and Hand Cream for Use After Hand Sanitizer or Hand Soap",13.99,4.7,1148,4.685282198381022,1 x 396 g,,,True,non-dominant dimension (weight),False,,1.4590086969201257,
B08TNVTCK6,"Dove Advanced Care Shea Butter & Warm Vanilla Hand Sanitizer for Soft, Smooth Skin, 99.99% Effective Against Many Germs, 2 oz",14.65,4.3,230,4.313764797373196,,,,True,no pack size (sources_disagree),False,,-0.5818602308163694,
B08JH8KWP2,Spoontiques Hand sanitizer Holder / Ravenclaw,9.49,4.6,16,4.42441717791411,,,,True,no pack size (no_size_found),False,,0.02599018107125416,
B08CB89YB4,"Duda Energy Gel Hand Sanitizer with Refreshing Scent Lavender, 32.1 Fl Oz",23.25,3.3,4,4.298434525068754,1 x 32.1 fl oz,0.7242990654205607,$/fl oz,False,,False,,-0.6660745268762608,0.556520155360739
B01MTOBZFU,Gears Out WTF Was That Hand Sanitizer Gel – 2 oz bottle – Funny Stocking Stuffers – Gag Gifts for Mom – Sanitizers for Moms - Mother’s Day Gift,7.99,4.7,78,4.565978806469604,1 x 2 oz,,,True,non-dominant dimension (weight),False,,0.8036353957905441,
B0866B8W8Y,Hand Sanitizer Gel - Bulk Refill Size - 62% Alcohol - Hemp Essential Oil Synergy - NDC Registered (Gallon),29.99,4.2,370,4.221955666165066,1 x 128 fl oz,0.234296875,$/fl oz,False,,False,,-1.0861983927890542,1.4569982564609734
B08GCYSH6D,Dearskin Advanced Hand Sanitizer Alcohol 75% Gel Infused with Aloe Vera 2fl oz Skin Care Natural Scent Refreshing Moisturizing Alcohol Based Sanitizer (12 Pack).,15.99,4.3,36,4.343435582822086,12 x 2 fl oz,0.66625,$/fl oz,False,,False,,-0.4188687156951149,0.6231729822998822
B08H55G7G3,"Beautyflier Hand Sanitizer Holder,Set of 3 PU Leather Keychain Holder with 30ml Portable Squeeze Empty Bottle for Hand Sanitizer, Essential Oil, Refillable Bottle (30ml)",6.66,4.5,50,4.433742331288343,,,,True,no pack size (no_size_found),False,,0.07721635706253205,
B08VS993QQ,"VIVO Steel Hand Sanitizer Bottle Floor Stand, Portable Freestanding Sanitation Holder, Stand Only, Black, STAND-HS04H",39.99,4.3,16,4.355845749342682,,,,True,no pack size (no_size_found),False,,-0.35069553411273807,
B000YZOC96,Thieves Waterless Hand Purifier 2 pack of 1 fl. oz by Young Living Essential Oils - Hand Sanitizer with Peppermint Oil and Moisturizing Aloe - Germ-Killing Formula,16.64,4.7,254,4.64256234562983,2 x 1 ct,,,True,non-dominant dimension (count),False,,1.2243343052472888,
B08DLD8H85,Crocodile Cloth Fiercely Clean Gel Hand Sanitizer - Hand Sanitizer with Aloe Vera - Alcohol-Based Antibacterial Disinfectant For Hands - Fresh Scent - Pump Top - 12.5oz Bottle,12.9,3.8,17,4.23534087963363,1 x 12.5 oz,,,True,non-dominant dimension (weight),True,False,-1.0126689532930637,
B074H54MJK,"365 by Whole Foods Market, Hand Sanitizer Spray Cucumber Aloe, 2 Fl Oz",2.99,4.7,461,4.665648936803859,1 x 2 fl oz,1.495,$/fl oz,False,,False,,1.3511566463990534,-0.021671387082024655
B00EHHBFCY,X3 Clean Mini Hand Sanitizer Spray – Alcohol Free and Fragrance Free - Pocket Size 0.27 Ounce Bottles (Pack of 12),19.99,4.3,124,4.321961811539257,,,,True,no pack size (sources_disagree),False,,-0.5368312995567597,
B08YS2X4JM,Clorox Healthcare GBG AloeGel Hand Sanitizer Gel 4oz (118ml) | Clorox Hand Sanitizer Gel Mini | Bleach Free Instant Travel Size Hand Sanitizer Gel (1 Pack),9.99,4.3,20,4.352827060189023,,,,True,no pack size (sources_disagree),False,,-0.3672781999030469,
B09B45HKN9,WeatherTech CupFone with Extension and Hand Sanitizer Holder with Plastic Knobs -Black (8ACF8E),67.95,3.9,13,4.280734364984891,,,,True,no pack size (no_size_found),False,,-0.7633074065021523,
B085FR6T65,Wish Advanced Hand Sanitizer 1.8 oz with key clip Assorted Scents (4 Pack) Clean Hands saves Lives travel size under 3 oz,18.83,4.3,959,4.303859034999001,,,,True,no pack size (title_conflicting_weight),True,False,-0.6362758855883768,
B00WKHBEBA,"PURELL Advanced Hand Sanitizer, Refreshing Gel, 20 fl oz Hand Sanitizer Table Top Pump Bottles (Pack of 2) - 3023-12-EC",29.3,4.6,245,4.558893653692267,2 x 20 fl oz,0.7325,$/fl oz,False,,False,,0.7647142897742223,0.5475370711553225
B0B4C765SB,"edola Automatic Soap Dispenser Pump, Upgraded Infrared Sensor Touchless Electric Hand Sanitizer Dispenser 2 Adjustable for Home Kitchen Bathroom Office Hotel",9.99,4.1,6,4.345153374233129,,,,True,no pack size (no_size_found),False,,-0.4094323148546176,
B0B5LXFCL2,"McKesson Gel Hand Sanitizer with Aloe, Cleanse and Moisturize, 8 oz, 1 Count, 1 Pack",8.82,4.5,22,4.409331611236681,,,,True,no pack size (sources_disagree),False,,-0.05687986540771086,
B08LCP517D,Purechem Pros Foaming Hand Sanitizer Refill | Hand Sanitizer Gallon | Foam Hand Sanitizer | Hand Sanitizer Refill Gallon | Alcohol Free Liquid Hand Sanitizer,29.97,4.1,51,4.24008764241893,1 x 128 fl oz,0.234140625,$/fl oz,False,,False,,-0.9865934029969635,1.457530518602853
B00BQMBMLC,"Purell Advanced Hand Sanitizer Green Certified Gel, 700 mL Hand Sanitizer Refill LTX-7 Touch-Free Dispenser (Pack of 3) - 1303-03",23.86,4.7,73,4.560702381527463,,,,True,no pack size (only_weak_sources),False,,0.7746502347059272,
B072R66F8N,Germstar Hand Sanitizer 16oz. ONE Pump Bottle (3 Pack),50.0,3.9,34,4.189877300613497,3 x 16 oz,,,True,non-dominant dimension (weight),False,,-1.262415547972562,
B007IX93SC,"Dial Professional Antibacterial Hand Sanitizer Gel with Skin Conditioners, Fragrance-Free, 4 OZ Flip-Top Cap Bottle (Pack of 24)",72.18,4.3,38,4.342491331021606,,,,True,no pack size (sources_disagree),False,,-0.42405580559812417,
B08JHC1PV1,Spoontiques Hand sanitizer Holder / Betty Boop,8.8,4.8,188,4.704583481214825,,,,True,no pack size (no_size_found),False,,1.565037077539995,
B0BNK2756R,"Zogics Foam Hand Sanitizer – 1 Gallon of Alcohol-Free Hand Sanitizer Foam, For Bulk Hand Sanitizer Dispenser Refills, Made with Aloe and Vitamin E, Gentle on Skin (Citrus and Aloe Scent)",37.95,4.2,67,4.276935557470973,,,,True,no pack size (no_size_found),False,,-0.7841755224950375,
B0CGMZLWSY,"Purell Advanced Hand Sanitizer Refreshing Gel Design Series, Clean Scent, 8 Fl Oz Pump Bottle (Pack of 4), 9652-06-ECDECO",13.13,4.8,7329,4.79687243701124,,,,True,no pack size (sources_disagree),False,,2.072011075923945,
B08KQKY1QC,Hear Clear Hand Sanitizer Gel 8 OZ w/ Dispenser Pump - 70% Alcohol + Aloe Vera (24 Bottles),79.99,3.6,2,4.344807186678352,,,,True,no pack size (only_weak_sources),True,False,-0.41133403849339184,
B08KWJYKXM,Hand Sanitizer Gallon Holder Steel Stand (Red),114.99,4.4,8,4.375954878290124,,,,True,no pack size (no_size_found),False,,-0.24022938549802567,
B08F5J1VHH,Simply Sanitizer Touchless Hand Sanitizer Dispenser - 1200mL Capacity - Battery Powered,39.99,3.8,6,4.3151533742331285,,,,True,no pack size (no_size_found),False,,-0.5742323152476158,
B084TVM8X5,Bath Body Works Pocketbac Hand Sanitizer Holder Rollerskate,11.0,4.4,69,4.387879694747868,,,,True,no pack size (no_size_found),False,,-0.17472239360060657,
B077FFH3WL,Brittanie's Thyme Organic Natural Hand Sanitizer Spray 2 Pack (Orange),12.24,4.4,13,4.377749290358025,1 x 2 ct,,,True,non-dominant dimension (count),False,,-0.23037208184818297,
B085K927RT,Neogen COMPANION 7 oz Foaming Hand Sanitizer,12.13,4.1,17,4.3071718655491225,,,,True,no pack size (sources_disagree),False,,-0.6180774030563125,
B01DMSMNBU,"BAC-D 630 Alcohol Free Hand Sanitizer and Wound Care, 1 Gallon Refill, 128 oz. (Pack of 1)",29.99,3.8,205,3.919340550015396,,,,True,no pack size (sources_disagree),True,False,-2.7485641014687987,
B077469JD2,Bath & Body Works PocketBac Hand Gel Sanitizer Reindeer Winter Candy Apple,9.25,4.1,9,4.333479404031551,,,,True,no pack size (no_size_found),False,,-0.4735613246482127,
B07NZB7J33,"McKesson Gel Hand Sanitizer with Aloe, Cleanse and Moisturize Hands - Spring Water Scent, 18 oz Pump Bottle, 1 Count, 2 Packs, 2 Total",16.44,4.7,366,4.657879053461876,,,,True,no pack size (sources_disagree),False,,1.3084740871386407,
B0CDDFP6LV,Ventured Living Hand Sanitizer Holder Keychain Set of 2 - Premium Vegan Leather Keychains & Leakproof Hand Sanitizer Bottles,19.99,4.5,373,4.483862300829011,,,,True,no pack size (no_size_found),False,,0.3525420570624999,
B07NM5FYXR,"McKesson Gel Hand Sanitizer with Aloe, Cleanse and Moisturize Hands - Spring Water Scent, 18 oz Pump Bottle, 1 Count, 3 Packs, 3 Total",20.59,4.8,85,4.633879154345236,3 x 18 oz,,,True,non-dominant dimension (weight),False,,1.1766346410101658,
B09RGVYQM4,"Mother's Miracle Clean Vegan Hand Sanitizer | Alcohol-Free | 100% All-Natural | Single - 2oz Bottle | Kills 99.9% of Germs | TSA Approved | Paraben-Free, Phosphate-Free, Cruelty-Free | Long Lasting | Made in the USA",7.99,4.8,9,4.433479404031551,,,,True,no pack size (sources_disagree),False,,0.0757720099951079,
B01JCGMFX2,"Purell 5392-02, Instant Hand Sanitizer Foam Refill, 2 Refills/Case",100.3,4.7,42,4.515720858895705,,,,True,no pack size (sources_disagree),False,,0.5275517364595488,
B0CBWNK9VD,"Sani-Hands Hand Sanitizer Wipes, Ethyl Alcohol Wipes Individually Wrapped with Aloe and Vitamin E, Hand Sanitizer Travel, Home, Outdoor Use, 5 in x 8 in, 100 Wipes, 1 Pack",14.97,4.8,315,4.737423312883435,1 x 100 ct,,,True,non-dominant dimension (count),False,,1.745437219936427,
B0BSSKYMY5,"Purell Advanced Hand Sanitizer Gel Infused with Essential Oils, Scented Variety Pack, 1 fl oz Travel Size Flip Cap Bottles with JELLY WRAP Carrier (Pack of 8), 3900-09-ECME17",13.89,4.7,3558,4.695102215518823,,,,True,no pack size (sources_disagree),False,,1.5129533245257532,
B0BLT5793N,"X3 Clean Foaming Hand Sanitizer, Alcohol Free and Fragrance Free, Kills 99.9% Germs, Moisturizing Formula, Travel Size 2.5 oz (3 Pack)",12.99,4.4,87,4.389426967758778,,,,True,no pack size (sources_disagree),True,False,-0.16622270717373694,
B09342DLBV,"Everyone Coconut Lemon Hand Sanitizer Wipes, 15 CT",4.19,4.7,103,4.587319760853425,1 x 15 ct,,,True,non-dominant dimension (count),False,,0.9208683721518947,
B08JJ9V96H,Automatic Touchless Soap and Hand Sanitizer Dispenser 1200ml with Durable Floor Stand and Drip Tray - Commercial Industrial Liquid or Gel Hands Free Motion Sensor ADA Compliant,49.8,4.0,33,4.231140258091813,,,,True,no pack size (no_size_found),False,,-1.0357443676844733,
B0861LH5YY,"Everyone for Every Body Hand Sanitizer Spray, 2 Ounce (Pack of 6), Travel Size, Ruby Grapefruit , Plant Derived Alcohol with Pure Essential Oils, 99% Effective Against Germs",28.09,4.8,395,4.748572833973246,,,,True,no pack size (sources_disagree),False,,1.806685255935846,
B08PSPQNCV,Bath Body Works Pocketbac Hand Sanitizer Holder Purse w/Flower Charm,11.95,4.2,21,4.324122699386503,,,,True,no pack size (no_size_found),False,,-0.5249608222875791,
B01D3QIN1K,"Touch Sanitizing Spray, Moisturizing Hand Sanitizer Travel Size, FRESH Spray Hand Sanitizer, Great as Travel Toiletries, Scented Spray with Moisturizer, 4-Pack, 1 Oz Each (Mint Green Tea Aloe)",19.99,4.4,108,4.39079754601227,4 x 1 oz,,,True,non-dominant dimension (weight),False,,-0.15869366394993395,
B09JL3TW26,"Max Water 50 pack 20ml Hand Sanitizer, Moisturizing Gel Hand Wash with Good Smelling Filp-top, NO residue, Quick-drying 66.5% Ethyl Alcohol and 3.5 v/v IPA",38.95,4.4,13,4.377749290358025,,,,True,no pack size (title_size_count_ambiguous),False,,-0.23037208184818297,
B0CHCLB7PJ,Juniper CLEAN Hand Sanitizer Gel with 70% Alcohol 1 Gallon with Pump,27.99,4.4,79,4.388790995894645,1 x 1 gal,0.218671875,$/fl oz,False,,False,,-0.16971631262237266,1.5120639757032792
B08GPWK8D7,Geti Airstream | Gallon Pump Dispenser | Shampoo – Conditioner – Hand Sanitizer - Detergent Jug Containers | 38/400 4cc | 4-Pack,8.99,3.8,18,4.229294478527607,,,,True,no pack size (no_size_found),False,,-1.0458838501146883,
B004QYEE8U,Purell Advanced Hand Sanitizer Refreshing Gel,12.66,4.9,38,4.590317417978127,1 x 12 fl oz,1.055,$/fl oz,False,,False,,0.9373355019961976,0.25645131308600305
B00PM7L91A,"PURELL 880303EA Advanced Green Certified Instant Hand Sanitizer Gel Refill,1200mL Fragrance-Free",29.99,3.0,2,4.323378615249781,,,,True,no pack size (sources_disagree),False,,-0.5290483244883891,
B01IAIPPQM,"Purell Purell Advanced Instant Hand Sanitizer Gel Citrus Scent, 12 oz (Pack of 3)",42.11,4.6,229,4.556569619978755,,,,True,no pack size (sources_disagree),True,False,0.751947597877553,
B09HHD93VB,"Amazon Basics Hand Sanitizer, Original Scent, Contains 62% Ethyl Alcohol, Unscented, 67.6 fluid ounce, 1-Pack (Previously Solimo)",11.35,4.7,23356,4.699244305957026,1 x 67.6 fl oz,0.16789940828402367,$/fl oz,False,,False,,1.5357072080538783,1.7228646384682655
B000LTRWI8,"Avagard D 3M Healthcare Sanitizer Hand Gel with Moisturizer, 16.9 Fluid Ounce, White (9222)",16.31,4.8,1074,4.779529434799635,1 x 16.9 fl oz,0.9650887573964497,$/fl oz,False,,False,,1.9767401835476677,0.32752155033153074
B00BQMBEVA,"PURELL Advanced Hand Sanitizer Foam, Refreshing Fragrance, 700 mL Hand Sanitizer Refill for LTX-7 Touch-Free Dispenser (Pack of 3) - 1305-03",87.78,4.3,37,4.342958268725139,,,,True,no pack size (only_weak_sources),False,,-0.4214907611405951,
B0CB2Z2Y6X,"Purell Advanced Hand Sanitizer Gel, Clean Scent, 1000 mL Hand Sanitizer Refill NXT Push-Style Dispenser (Pack of 8) - 2156-08",81.99,4.5,324,4.481770376862401,,,,True,no pack size (only_weak_sources),False,,0.34105042137851854,
B08JHB5DSC,Hand sanitizer Holder / Scooby Doo,11.58,4.8,35,4.54055283656166,,,,True,no pack size (no_size_found),False,,0.6639620674298252,
B08CQ1QRD8,"KeriCure Super Moisturizing Hand Sanitizer Spray, 3 PACK, with Organic Lavender and Peppermint Essential Oils, Woman Owned Small Business, Made in the USA",17.95,4.7,12,4.431957612939208,1 x 6 oz,,,True,non-dominant dimension (weight),True,False,0.06741230424123953,
B099J1SJMQ,Terra Pure Hand Sanitizer Gel | Mini Hand Sanitizer Bulk | Alcohol Free with Organic Aloe Vera | 1 oz. 50 Bottles,43.99,4.7,27,4.4815950920245395,,,,True,no pack size (sources_disagree),False,,0.34008752333357073,
B08HSMRHWN,"SONO Disinfecting Wipes / Shoe Cleaner - Shoe Cleaning Wipes, Removes Dirt and Stain Cleaner - Travel Size Sneaker Cleaner Wipes, with Hand Sanitizer Wipes- Shoe Disinfectant, Multi-Surface Cleaning Wipes",19.98,4.6,68,4.499255757819571,1 x 40 ct,,,True,non-dominant dimension (count),False,,0.4371034476656315,
B089V6C1WD,"Brittanie's Thyme Certified Organic Travel Hand Sanitizer Spray, 2 oz 6 Count | Vitamin E Aloe Moisturizing | Non Greasy & Replenishes Moisture & Nourishes Skin (Lemongrass)",14.99,4.6,214,4.554138815126819,6 x 2 oz,,,True,non-dominant dimension (weight),True,False,0.738594376525743,
B09W3VJMB3,"5 Dual-Sided Hand Sanitizer Keychain Holder & Keychain Chapstick Holder, Keychain Holders with Reusable Bottles|Store Lip Balm, Chapstick, and Hand Sanitizer|Double-Sided Travel Bag",13.99,4.5,140,4.464480425020556,1 x 15 ct,,,True,non-dominant dimension (count),False,,0.24607095236748558,
B01MQUELN9,"Sani-Hands Hand Sanitizer Wipes, Ethyl Alcohol Wipes Individually Wrapped with Aloe and Vitamin E, Hand Sanitizer Travel, Home, Outdoor Use, 5 in x 8 in, 100 Wipes, 1 Pack",15.89,4.8,775,4.772146203201433,1 x 100 ct,,,True,non-dominant dimension (count),False,,1.936181631204826,
B08F3F3RFT,"Rock Doctor Foaming Hand Soap In Seconds, 3 Pack, Spray Bottle Dispenser, Fresh Scent, No Rinse Alcohol Free Sanitizer, Gentle on Soft Skin, Home, Work, and School",18.25,4.6,191,4.549833479404032,,,,True,no pack size (no_size_found),False,,0.7149437322321627,
B00LERW9UM,Gojo Industries Inc 9651-24 Purell Hand Sanitizer 4oz,8.49,4.2,70,4.275074213338611,1 x 4 oz,,,True,non-dominant dimension (weight),False,,-0.7944005062865322,
B0BQC6DJYL,"Beautifier Life Wet Wipes - Hand Sanitizer Wipes with Aloe and Vitamin E for Men, Women, & Kids - Eliminates 99.99% of Microbes (4 Pack x 50 Wipes)",23.99,4.5,107,4.45720001524216,4 x 50 ct,,,True,non-dominant dimension (count),False,,0.20607723455612523,
B0C6P31WXR,"SIPA Hand Sanitizer 1.69 oz/ 50 ml, Travel Size, Jasmine Scent, Flip Cap Bottle each, Refreshing Soothing Gel with Aloe, and Vitamin E (Pack of 50)",46.99,4.6,126,4.531717791411043,,,,True,no pack size (sources_disagree),False,,0.6154282192866979,
B0892ML18B,"Brittanie's Thyme Certified Organic Travel Hand Sanitizer Spray, 2 oz 6 Count | Vitamin E Aloe Moisturizing | Non Greasy & Replenishes Moisture & Nourishes Skin (Lavender)",14.99,4.3,336,4.310023596035866,6 x 2 oz,,,True,non-dominant dimension (weight),False,,-0.6024118968784431,
B08MWTLXQ1,"Automatic Hand Sanitizer Dispenser, Sensor-Activated Sanitizer Station with 1200ML Refillable Bottle, Ideal for Commercial Use, Indoors and Outdoors",49.97,5.0,7,4.444413154983405,,,,True,no pack size (no_size_found),False,,0.13583474870052414,
B013GUAMSK,"Bath and Body Works Halloween Pocketbacs - Ghoul Friend, Vampire Blood, Purrfect Pumpkin, Cand-icorn, Creep it Real - Bundle of 5 PocketBac Hand Sanitizer Gel",26.26,4.4,105,4.390623914804954,,,,True,no pack size (no_size_found),False,,-0.15964747805106413,
B002LMGJEQ,Eo Products Hand Sanitizer Lavender 8 Fz,13.76,4.6,123,4.530560465841739,1 x 8 fl oz,1.72,$/fl oz,False,,False,,0.6090706441441602,-0.13352995950319702
B07GL61RJT,"GelRite Instant Gel Hand Sanitizer Pump, 16 Ounce - Rinse Free, Waterless - Moisturizing Formula Enriched with Vitamin E, Alcohol Based, No Sticky Residue - Kills 99.99% of Germs Instantly",9.5,4.2,76,4.27160924964606,,,,True,no pack size (sources_disagree),False,,-0.8134347068830019,
B08NGJQB7F,"Hand Sanitizer Holder Keychain, Cute hand sanitizer holder for Kids, 1 oz Cute empty hand sanitizer bottles (4 Pcs)",13.99,4.4,36,4.383435582822086,1 x 4 ct,,,True,non-dominant dimension (count),False,,-0.1991353818377857,
B08GPPGS9C,Geti Airstream | Gallon Pump Dispenser | for Shampoo – Conditioner – Hand Sanitizer - Detergent Jug Containers | 38/400 4cc | 2-Pack,6.99,4.0,96,4.134061349693251,,,,True,no pack size (no_size_found),False,,-1.5690311724256276,
B09M1JNS52,Limited Brands Bath Body Works Hand Sanitizer Holder Holiday Penguin,17.99,4.6,6,4.395153374233129,,,,True,no pack size (no_size_found),False,,-0.13476564753295733,
B0863XP8DX,"Kiss My Face, Hand Sanitizer with Aloe, Fragrance Free, 17 fl oz (502 ml)",9.46,3.5,26,4.088865030674847,,,,True,no pack size (sources_disagree),False,,-1.8173096188254625,
B00TS4ZCMK,"PURELL Advanced Hand Sanitizer Foam LTX-12 Starter Kit, 2-1200 mL Hand Sanitizer Foam Refills + 1- PURELL LTX-12 Chrome Finish Black Touch-Free Dispenser - 1905-D1",119.98,4.5,58,4.438475021910605,,,,True,no pack size (title_is_kit),False,,0.10321460427615695,
B0BNPJQYNZ,"Caresour Advanced 75% Alcohol Hand Sanitizer Wipes, 4 Packs of 50 (200 Wipes)",39.99,4.6,11038,4.598891922327262,4 x 50 ct,,,True,non-dominant dimension (count),False,,0.9844381126664339,
B084HHJ5PW,"Babyganics Alcohol-Free Hand Sanitizer Wipes, Mandarin with Babyganics Alcohol-Free Foaming Hand Sanitizer, On-The-Go, Fragrance Free",31.89,3.6,4,4.319124180241167,,,,True,no pack size (no_size_found),False,,-0.552419354191439,
B01N9DANQM,I Just Farted In Public and It Smells Hand Sanitizer Gel 2 oz Funny Stocking Stuffers for Guys Weird Gags for Friends Unisex White Elephant Funny Dad Gags for Guy Friends Man Jokes Silly Fart Gags,7.88,3.0,48,3.7265608083724286,,,,True,no pack size (sources_disagree),False,,-3.8075674847528926,
B08GD1BH3K,Hand Sanitizer Dearskin Alcohol 48 Pack. Advanced Formula Alcohol 75% Gel Skincare Moisturizer with Aloe Vera And Arginine 2 oz X 48. The Refreshingly Effective Small Hand Sanitizer Gentle on Your Skin.,43.99,4.9,35,4.5798786792582895,,,,True,no pack size (sources_disagree),False,,0.8799920304918083,
B0BP9YQZ9F,"NuRinse Q Liquid Foaming Hand Sanitizer - One Gallon Medical Grade, Alcohol Free (128 fl oz) - Made in USA…",26.99,4.0,171,4.089374233128835,1 x 128 fl oz,0.210859375,$/fl oz,False,,False,,-1.8145124000048851,1.5410908553355103
B0010IRBC6,PURELL Instant Hand SANITIZER FST Single Military Bottle 3.oz,6.15,4.7,127,4.602260787038606,1 x 3 fl oz,2.0500000000000003,$/fl oz,False,,False,,1.0029444095248838,-0.2735669198533501
B09B14YKQB,"DR LUCID Hand Sanitizer - Liquid Spray, Moisturizing & Sanitizing Liquid - 70% Ethyl Alcohol, Essential Oils - 3.4 Fl Oz Spray Bottle - Rose, Pack of 6",19.99,5.0,5,4.425579702609961,,,,True,no pack size (only_weak_sources),False,,0.032376316749025136,
B08DP7CRPN,"KeriCure 2 PACK Super Moisturizing Peppermint Scented Hand Sanitizer Sprays, with Peppermint Essential Oils, Aloe Vera, Cellulose, Vitamin E, Woman Owned Small Business, Made in the USA",12.95,3.4,22,4.090910558605102,1 x 2 oz,,,True,non-dominant dimension (weight),False,,-1.8060728520351326,
B09K81MW3F,"Hand Sanitizer Dispenser, Automatic, 1200 ml Capacity, with Steel 48” Hand Sanitizer Stand, Touchless Hand Sanitizer Dispenser Made in USA, Liquid Dispenser (Black, LTX)",169.99,4.4,27,4.38159509202454,,,,True,no pack size (no_size_found),False,,-0.20924581130974984,
B0C74SZZSH,"SIPA Bulk Cherry Scent Hand Sanitizer Travel Size Bundle 1 oz, Cap Bottle, Protect Against Germs with Vitamin E Formula, with 2 Free Keychain Holder (1oz Pack of 24)",19.99,4.6,268,4.561829821285676,,,,True,no pack size (sources_disagree),False,,0.7808436371258148,
B085F3TBFM,"WBM Care Advance Hand Sanitizer, Natural Aloe Washing-Free & Kill 99.9% of Germs, (Pack of 24), 4.2 fl oz",39.99,3.0,39,3.7968731446665345,24 x 4.2 fl oz,0.39672619047619045,$/fl oz,False,,False,,-3.421318383122854,1.036798947363402
B08GCXCL31,"5 Pack Hand Sanitizer Watch for Kids(0.5 oz), Cartoon Wearable Hand Sanitizer Bracelet, Leakproof Refillable Reusable Clip on Hand Sanitizer Wristband with Squeeze Bottle",17.99,3.7,31,4.127167087693973,,,,True,no pack size (sources_disagree),False,,-1.6069036517653101,
B00ZA21SHW,"Purell 365912EA Advanced Instant Hand Sanitizer, 12oz Pump Bottle",15.3,4.6,29,4.451918101855274,,,,True,no pack size (title_size_count_ambiguous),False,,0.1770619236149711,
B08MTVYKVG,"GiGi Hand Sanitizer Cleansing Gel with Cap, 18.5 oz",13.89,5.0,5,4.425579702609961,1 x 18.5 oz,,,True,non-dominant dimension (weight),False,,0.032376316749025136,
B08Z7HYZXX,"CLEACE Hand Sanitizer Gel with 75% Alcohol,Instant Clean with No Rinse,1 Fl Oz Travel Size Cap Bottle(pack Of 36),36 Fl Oz",22.99,5.0,6,4.435153374233129,,,,True,no pack size (sources_disagree),False,,0.08496768632437188,
B004E2O1MS,"PURELL 965606CT Hand Sanitizer Refills, 800ml, 6/CT, Clear",144.34,4.6,18,4.429294478527607,,,,True,no pack size (sources_disagree),False,,0.0527828191719577,
B07JCY9FJ9,"Safetec Hand Sanitizer Fresh Scent, 4 oz. squeeze bottle (24 bottles/case)",24.99,4.7,4,4.394986249206685,1 x 4 oz,,,True,non-dominant dimension (weight),False,,-0.13568372101374387,
B0BJ6CWCSP,"Custom Hand Sanitizer Label, Personalized sanitizer Bottle Stickers for Wedding, Birthday, Baby Shower, Bridal Shower, Gift Favor Sticker",14.95,4.0,11,4.309372345445965,,,,True,no pack size (no_size_found),False,,-0.6059894334608319,
B009R5PRS4,"Hand Sanitizer Gel, Pump Bottle, 20-oz.",17.57,3.1,5,4.264562753457419,,,,True,no pack size (sources_disagree),False,,-0.8521434593715791,
B0961G78QJ,BETTOR A Company Novelty Hand Sanitizer Spray - Effective Scented Hand Sanitizer For On-The-Go - Poker Chip Glass Spray Bottle - Simple Formula With Added Peppermint - 50ml/1.75oz.,9.99,3.7,5,4.315410211084537,,,,True,no pack size (no_size_found),False,,-0.5728214248071785,
B07K8T55TJ,"McKesson Premium Hand Sanitizer with Aloe, 18 oz Spring Water Scented Antiseptic solution - Formulized with Ethanol, Aloe, and Vitamin E to kill Kill 99% of Bacteria (Pack of 12)",95.0,5.0,3,4.405424604455925,12 x 18 oz,,,True,non-dominant dimension (weight),False,,-0.0783423560411752,
B075MZNQ8S,"PURELL CS6 Automatic Hand Sanitizer Dispenser, White, for 1200 mL PURELL CS6 Hand Sanitizer Refills (Pack of 1) - 6520-01",10.58,3.3,33,3.9656230167125024,,,,True,no pack size (no_size_found),False,,-2.4943190838063987,
B09HFLFRG6,Limited Brands Bath Body Works Hand Sanitizer Holder Herringbone Gemstones,10.0,4.3,9,4.362050832602979,,,,True,no pack size (no_size_found),False,,-0.31660894332154965,
B0BJCGBQCM,Hello Hand Sanitizer Sport LavenderEucalyptus,3.75,4.7,11,4.427833883907503,,,,True,no pack size (no_size_found),False,,0.0447592860397191,
B08M7BTYYL,"Steliron Automatic Hand Sanitizer Dispenser Station, 34oz Adjustable Floor Stand with Touchless Dispenser (Sanitizing Alcohol Liquid Only)",49.0,4.5,7,4.387036105803078,,,,True,no pack size (no_size_found),False,,-0.1793565088817062,
B009TB466U,Deb Instant Non-Alcohol Hand Sanitizer (56827) 6/Case,92.99,4.0,20,4.271745979107942,,,,True,no pack size (sources_disagree),False,,-0.8126836063706036,
B0013YA8TA,GOJ969812 - Purell Foaming Hand Sanitizer,24.99,3.9,15,4.269698586289677,,,,True,no pack size (no_size_found),True,False,-0.8239306176124275,
B09NQSDR9G,Bath Body Works Hand Sanitizer Holder Reindeer Light Up,14.95,5.0,2,4.394807186678353,,,,True,no pack size (no_size_found),False,,-0.1366673711717267,
B08GP28GQX,Geti Airstream | Gallon Pump Dispenser | Shampoo – Conditioner – Hand Sanitizer - Detergent Jug Containers | 38/400 4cc | 3-Pack,7.99,4.2,18,4.329294478527607,,,,True,no pack size (no_size_found),False,,-0.4965505154713678,
B0152EFPZS,"PURELL GOJ 5457-04 Advanced TFX Gel Instant Hand Sanitizer Refill with Aloe, 1200 mL, Clear (Pack of 4)",101.62,4.3,12,4.359230340211935,4 x 1200 ml,0.6260962654460938,$/fl oz,False,,True,False,-0.332102848226634,0.6727686853909797
B003SOQW2A,Purell Instant Hand Sanitizer - 8 OZ / 12 per Carton,62.49,4.1,11,4.326295422369042,1 x 8 oz,,,True,non-dominant dimension (weight),False,,-0.5130253306750382,
B00B517V50,"Safetec Hand Sanitizer Fresh Scent, 16 oz. Pump Bottle (12 Bottles/case)",47.99,4.8,8,4.427567781515931,1 x 16 oz,,,True,non-dominant dimension (weight),False,,0.043297496898528624,
B0997P4CPJ,"Hand Sanitizer Wipes by Boogie Wipes, Single Packs, Alcohol-Free, Hypoallergenic and Moisturizing Aloe, Boogie Hand Wipes for Adults and Kids, 30 Wipes (Pack of 3)",19.99,4.7,48,4.5265608083724285,,,,True,no pack size (sources_disagree),False,,0.5870991923936867,
B00BQMB78A,"Purell Advanced Hand Sanitizer Skin Nourishing Foam, Fragrance Free, 1200 mL Sanitizer Refill LTX-12 Touch-Free Dispenser (Pack of 2) - 1906-02",107.5,2.0,1,4.32925822643614,,,,True,no pack size (no_size_found),False,,-0.49674966029429873,
B0B5KYD6XK,SCESMIA GPRHORW01018 Battery Replacement for PurelI ES8 Hand Sanitizer Dispenser P/N L91VP-F4C Battery,11.98,4.6,5,4.391681397525216,,,,True,no pack size (no_size_found),False,,-0.15383837296057523,
B09DMD33NS,Magic Wand Plus HV-265 with Green Cosmos Hand Sanitizer 2 oz.,74.95,3.8,9,4.290622261174408,,,,True,no pack size (sources_disagree),False,,-0.7089898966382072,
