parent_asin,title,price,average_rating,rating_number,car,pack,unit_price,unit,fail_open,fail_open_reason,sampled,accessory_flag,z_car,z_value
B08RR83QBS,"PEScience Select Vegan Plant Based Protein Powder, Vanilla, 55 Serving, Premium Pea and Brown Rice Blend",69.99,4.0,17,4.258975824175824,1 x 54.4 oz,1.2865808823529412,$/oz,False,,False,,-0.4567974961580293,0.4584310404609194
B07TQZXKHY,"Boobie Body Superfood Protein Shake for Moms, Pregnancy Protein Powder, Lactation Support to Increase Milk Supply, Probiotics, Organic, Diary-Free, Gluten-Free, Vegan - Vanilla Chai (20.5oz, 1 Tub)",44.99,4.0,4915,4.0071966286988125,1 x 20.5 oz,2.1946341463414636,$/oz,False,,False,,-2.288006814349809,-0.27117612737038777
B093B4QK4N,"R-Kane Nutritionals Z-Pro25 Pudding/Shake Mix, Low Calorie Protein Shake Powder, Meal Replacement Shakes for Weight Loss, High Protein Boost Drink, Kosher, Red Velvet-Flavored, 25g Protein, 14 Packets",42.95,4.4,98,4.341432648799165,1 x 14 ct,,,True,non-dominant dimension (count),False,,0.14291728691884997,
B09QK5CYT6,"Authentic Vegan Plant Based Protein Powder - 22g of Muscle Building Protein - No Soy, Non-GMO - Sourced from Organic Peas, Mung Beans, Sunflower, Pumpkin & Watermelon Seeds, 30 Servings, Chocolate",29.99,4.2,170,4.23978367025466,,,,True,no pack size (sources_disagree),False,,-0.5963834974160861,
B0128RSTQY,BulkSupplements.com Grass Fed Whey Protein Powder - Pure Protein Powder - Unflavored Whey Protein Powder - Protein Supplement - Protein Powder Without Artificial Sweeteners (1 Kilogram - 2.2 lbs),30.96,4.5,287,4.438430769230769,1 x 1 kg,0.87770123595,$/oz,False,,False,,0.8483920249921165,0.9809306183058011
B09Y3CH85F,"GHOST WHEY Protein Powder, Milk Chocolate - 2lb, 25g of Protein - Whey Protein Blend - ­Post Workout Fitness & Nutrition Shakes, Smoothies, Baking & Cooking - Soy & Gluten-Free",44.95,4.5,5800,4.495738074520449,1 x 2 lb,1.4046875,$/oz,False,,False,,1.2651924331755793,0.3384391153679886
B09DD7R7L7,"Bob's Red Mill Resealable Whey Protein Powder, 12 Oz (4 Pack)",59.02,4.6,145,4.4599127439724455,4 x 12 oz,1.2295833333333335,$/oz,False,,False,,1.0046320679614726,0.520339110031363
B09YJ1K2G9,"Huge Supplements Whey Protein Concentrate Powder - 25g Protein Per Serving - 5g BCAA's - Improved Mixability (Chocolate Peanut Butter, 2 lb)",44.95,4.2,174,4.239247863247863,,,,True,no pack size (title_conflicting_weight),False,,-0.6002804626984622,
B07STC17G5,"Goliath Labs Whey Protein Isolate [5 lbs/1 Tub/Unflavored] –Pure Protein Powder, 100% Cold Filtered, 24,000mg Amino Acids/Serving, Muscle-Building Protein Mix (Packaging May Vary) –Diet & Nutrition",74.99,4.3,197,4.297989423076923,1 x 5 lb,0.937375,$/oz,False,,False,,-0.1730486117097418,0.8910634886649865
B0C533RGW5,"KOS Vegan Protein Powder, Chocolate USDA Organic - Low Carb Pea Protein Blend, Plant Based Superfood with Vitamins & Minerals - Keto, Soy, Gluten Free - Meal Replacement for Women & Men - 10 Servings",19.99,4.1,7795,4.103025589212505,,,,True,no pack size (no_size_found),False,,-1.5910354656534138,
B09NMRXVFS,"PEScience Select Low Carb Protein Powder, Chocolate Cupcake, 55 Serving, Keto Friendly and Gluten Free (Package May Vary)",69.99,4.5,10521,4.497628393027491,1 x 64.99 oz,1.0769349130635482,$/oz,False,,False,,1.2789408640492597,0.7014424473527892
B09J1RCH6J,"ALLMAX Nutrition - Gold ALLWHEY Protein Powder, Whey Protein Blend for Strength and Muscle Gains, Post Workout Recovery, Gluten Free, 24 Grams of Protein, Cookies & Cream, 5 Pound",68.95,4.6,463,4.535932790758729,,,,True,no pack size (title_conflicting_weight),False,,1.557531674224322,
B09Z5FGDM7,"Optimum Nutrition GS Pro Gainers Weight Gainer Protein Powder, Vanilla Custard, 5.09 Pounds (Packaging May Vary)",74.99,4.6,3762,4.590336323136323,1 x 5.09 lb,0.9208005893909627,$/oz,False,,False,,1.9532127202442455,0.9154370293817318
B088NV5TWV,"Evolve Plant-Based 20g Protein Shake and Powder Bundle Pack, Classic Chocolate, 11oz Cartons (12 Pack) & 2lb Canister",69.35,4.3,171,4.2978116169544744,,,,True,no pack size (title_conflicting_weight),False,,-0.17434180921814862,
B082P54Y2Q,"Multi Collagen Hydrolyzed Protein Powder (16oz) - Types I, II, III, V & X - Grass Fed Bovine (Peptan®), Wild Caught Marine, Free Roaming Chicken & Eggshell Collagen Peptides, Non-GMO, GF.",21.99,4.6,185,4.4781058941058935,1 x 16 oz,1.374375,$/oz,False,,False,,1.1369522383731454,0.368244616474255
B09J1LPDGR,"MET-Rx Metamyosyn Protein Plus Whey Isolate and Casein Protein Powder, Chocolate, 2 Lb White",52.8,4.4,2017,4.393951689432064,1 x 2 lb,1.65,$/oz,False,,False,,0.5248922805526606,0.11852916055979405
B09LD8RRY2,"Maxler 100% Golden Whey Protein Powder - Natural Clean Whey Formula for Pre & Post Workout - Low Sugar & Low Carb Protein Powder - GMO, Gluten Free, Naturally Sweetened - Strawberry Protein Powder 2lb",25.99,4.2,85,4.256041420118343,1 x 2 lb,0.8121875,$/oz,False,,False,,-0.4781396409814637,1.0869164311402244
B09GS8FNF3,GNC AMP Wheybolic Alpha with MyoTOR Protein Powder | Targeted Muscle Building and Workout Support Formula with BCAA | Supports Testosterone Levels | 40g Protein | 9 Servings | Classic Vanilla,40.36,4.4,86,4.33806993006993,1 x 18.1 oz,2.229834254143646,$/oz,False,,False,,0.11845997677546935,-0.2929155407492705
B087YM8WG6,"JSHealth Vegan Pea Protein Powder with Probiotics - Gluten Free, Non GMO, Plant Based Protein Drink Mix - 450g, Cinnamon Roll",34.99,3.9,359,4.000739865943185,1 x 450 g,2.2043329203194446,$/oz,False,,False,,-2.334967343002934,-0.2772006493561775
B0BFDF7KVM,"Nutricost Casein Protein Powder 5lb - Micellar Casein, Non-GMO, Gluten Free (Unflavored)",66.95,4.6,286,4.508206883580966,1 x 5 lb,0.836875,$/oz,False,,False,,1.3558790337706563,1.04600655102201
B003YQLWRM,"Bluebonnet Nutrition Whey & Casein Protein Powder, Whey from Grass Fed Cows, 26 Grams of Protein, No Sugar Added, Non GMO, Gluten Free, Soy Free, Kosher Dairy, 2.1 lbs, 28 Servings, Chocolate Flavor",47.16,4.5,185,4.418040959040959,,,,True,no pack size (title_conflicting_weight),False,,0.7000953782219066,
B08RYN1PH6,"The Scoopie Supplement Container, Scoop, and Funnel System for Pre Workout Powder and Post Workout Protein, Spill Proof Holder Dispenser, Gym and Shaker Bottle Travel Accessory, PACK OF 4, RED",14.99,4.1,66,4.226754578754578,,,,True,no pack size (no_size_found),False,,-0.6911450749853549,
B0B6JFHYFP,"Alaya Multi Collagen Powder - Type I, II, III, V, X Hydrolyzed Collagen Peptides Protein Powder Supplement with MSM + GC (Unflavored, 20 Serving)",25.95,4.4,176,4.356711088242861,1 x 6.77 oz,3.8330871491875924,$/oz,False,,False,,0.25403854387464747,-1.0330647636364532
B0C44FCZGH,"Optimum Nutrition Gold Standard 100% Micellar Casein Protein Powder, Slow Digesting, Helps Keep You Full, Overnight Muscle Recovery, Cookies and Cream, 3.86 Pound (Packaging May Vary)",88.94,4.6,16122,4.597688926770367,,,,True,no pack size (sources_disagree),False,,2.0066887680254117,
B097FPHJ35,"Isopure Low Carb, Vitamin C and Zinc for Immune Support, 25g Protein, Keto Friendly Protein Powder, 100% Whey Protein Isolate, Flavor: Chocolate Peanut Butter, 3 Pounds (Packaging May Vary)",71.2,4.5,30402,4.499173025893026,,,,True,no pack size (sources_disagree),False,,1.2901750968507197,
B09BFYKY26,"Hush & Hush PlantYourDay - Vegan Protein Powder - Supergreens, Superfruits, Superfoods - Low Calorie - Prebiotics & Probiotics - 14.18 Ounce (Pack of 1)",55.0,3.8,45,4.162241758241758,1 x 14.18 oz,3.8787023977433006,$/oz,False,,False,,-1.1603517457036916,-1.0492275303048544
B09PZ72RDT,"Pure Goddess Hydrolyzed Multi Collagen Protein Powder for Multicultural Women with Hyaluronic Acid, Biotin, Vitamin C | Colageno para Mujer, Supplement for Hair, Skin, & Joint Health",34.95,4.3,21,4.295532051282051,1 x 16 oz,2.184375,$/oz,False,,False,,-0.19092126445416607,-0.2647744773266515
B07X6PPMZP,"Elevation by Millville Chocolate Protein Powder 32oz, pack of 1",33.96,4.6,133,4.453346153846153,1 x 32 oz,1.06125,$/oz,False,,False,,0.9568727564535041,0.7214871864175493
B07WXKMXP4,"Blonyx Egg White Protein Isolate Powder - Chocolate Milk Flavor, Gluten Free, Lactose Free, All Natural Ingredients - 1.63 lbs",55.0,4.2,16,4.283860542335363,1 x 1.63 lb,2.1088957055214728,$/oz,False,,False,,-0.275809040428037,-0.21673037628662659
B0BXXTLK5X,"a2 Milk Protein + Collagen Nutritional Powder | Collagen Peptides, Hyaluronic Acid, Vitamin C | 12g Protein | Creamy, Delicious Milk Chocolate Flavor",24.99,4.1,60,4.230910466582598,1 x 14.1 oz,1.7723404255319148,$/oz,False,,False,,-0.6609189854086858,0.020808220205727927
B081TZF66J,"Perfect Keto Collagen Peptides Protein Powder with MCT Oil - Grassfed, GF, Multi Supplement, Best for Ketogenic Diets, Use as Keto Creamer, in Coffee and Shakes for Women & Men – Salted Caramel",39.99,4.4,13057,4.3990179526088475,1 x 11.2 oz,3.5705357142857146,$/oz,False,,False,,0.561739599570269,-0.9361236454814496
B00IV4K854,"Driven WHEY- Grass Fed Whey Protein Powder: Delicious, Clean Protein Shake- Improve Muscle Recovery with 23 Grams of Protein with Added BCAA and Digestive Enzymes (Strawberry Milkshake, 5lb)",73.99,4.6,285,4.507981900452489,,,,True,no pack size (title_conflicting_weight),False,,1.3542427142942857,
B07Y7WQ3ZR,"Keppi Multi Collagen Protein Powder Multi Collagen Hydrolyzed Collagen Peptides Types I, II, III, V, X. Multi Collagen Protein Promotes Healthy Joints and Gut. 10.45oz 38 Servings",24.98,4.5,523,4.460923553226959,1 x 10.45 oz,2.3904306220095695,$/oz,False,,False,,1.011983760869507,-0.387932166316412
B0B5YS7X47,"Mass Gainer Protein Powder | MuscleTech Mass-Tech Mass Gainer | Whey Protein Powder + Muscle Builder | Protein Powder | Creatine Supplements | Cookies and Cream, 7 lbs (Package May Vary)",50.88,4.3,3069,4.299798438403701,1 x 7 lb,0.4542857142857143,$/oz,False,,False,,-0.15989150507560884,1.8807063150966876
B06ZXYB8WH,"Legion Whey+ Vanilla Whey Isolate Protein Powder from Grass Fed Cows - Low Carb, Non-GMO, Lactose Free, All Natural Whey Protein Isolate, 30 Servings",44.99,4.5,5072,4.495140830680389,1 x 28.8 oz,1.5621527777777777,$/oz,False,,False,,1.2608486331126763,0.19327652976277565
B09SKQZRVK,"Optimum Nutrition Gold Standard 100% Plant Based Protein Powder, Vitamin C for Immune Support, Chocolate, 1.59 Pound",65.95,4.4,3238,4.396148948344129,1 x 1.59 lb,2.592374213836478,$/oz,False,,False,,0.5408731124344615,-0.4987347559431584
B09VWWJ7FG,"Grass Fed Whey Protein Powder Concentrate - Unflavored & Unsweetened - Pure Protein Supplement for Drink, Smoothie, Shake, Cooking & Baking - Non GMO, Hormone Free & Gluten Free - 1 Pound",28.99,4.5,656,4.4675951417004045,1 x 1 lb,1.811875,$/oz,False,,False,,1.0605067333755112,-0.009332688373117022
B0BS1VM53W,"Complement Organic Vegan Protein Powder, Chocolate- Plant Based Protein Powder- Almond, Chia Seed, Pumpkin Seed, Sunflower Seed, Yellow Pea- Sugar Free, Non Dairy Lactose Free Protein - 30 Servings",59.0,3.8,91,4.084376707404744,1 x 11.9226 oz,4.948585040175801,$/oz,False,,False,,-1.726670207338601,-1.3820440468486623
B08LXHXGNK,"Vegan Organic Plant Protein Powder and Meal Replacement Shake With Shaker Cup and 2 Oz MCT Oil - By 310 Nutrition - Gluten, Dairy and Soy Free - 0g of Sugar | Keto and Paleo Friendly (Vanilla)",74.99,4.3,195,4.297976777939041,,,,True,no pack size (no_size_found),False,,-0.17314058076332023,
B09MJ3HYJT,"STEEL VEG-PUDDING | Vegan Protein Pudding Powder Mix, Milk Chocolate | 18 Servings (1.7lbs) | Organic Pea Protein with BCAA Amino Acids for Muscle Growth and Recovery | Non Dairy | Soy Free | Low Carb",40.0,4.1,10,4.280124927703875,,,,True,no pack size (sources_disagree),False,,-0.3029784509482104,
B0C4BXVMD2,"Optimum Nutrition Serious Mass Weight Gainer Protein Powder, Vitamin C, Zinc and Vitamin D for Immune Support, Banana, 6 Pound (Packaging May Vary)",53.69,4.5,66501,4.499621106739083,1 x 6 lb,0.5592708333333333,$/oz,False,,False,,1.293434023065999,1.5966555422705213
B097C5JJQQ,"Obvi Collagen Whey Protein Powder, Multi-Collagen Infused Meal Replacement, Delicious Flavored Shake, Supports Healthy Hair, Skin, Nails, and Joints (20 Servings, Unicorn Milk)",49.99,3.9,227,4.038733186813187,1 x 21.87 oz,2.285779606767261,$/oz,False,,False,,-2.0586390185979493,-0.3267707265970438
B08KZ89F1P,"Meal Replacement Shake, Organic | Purely Inspired All-in-One Meal Replacement | Plant Based Protein Powder for Women & Men | Organic Protein Powder | Protein Shake Powder | Chocolate, 1.3 Pounds",23.99,4.1,6724,4.1034988484569315,1 x 1.3 lb,1.1533653846153844,$/oz,False,,False,,-1.5875934150238056,0.6077662930581601
B07X9VKMFF,"Promix Casein Protein Powder, Unflavored - 2.5lb Bulk - Grass-Fed & 100% All Natural - Slow & Sustained Recovery ­Post Workout Fitness - Shakes, Smoothies, Baking & Cooking Recipes - Gluten-Free",57.99,4.5,602,4.465181538461538,,,,True,no pack size (sources_disagree),False,,1.0429524126817111,
B07FTKTHHZ,"NutraBio Grass Fed Whey Isolate Protein Powder - 25G of Protein Per Scoop - Sugar Free Natural Lean Muscle Protein Supplement - Chocolate - 2 Pounds, 29 Servings",67.99,4.7,349,4.594399608865711,1 x 2 lb,2.1246875,$/oz,False,,False,,1.9827653076851348,-0.2269228866045732
B0C68XJZ3C,"Sprout Living Epic Protein, Plant Based Protein & Superfoods Powder, Green Kingdom | 20 Grams Organic Protein Powder, Greens, Vegan, Non Dairy, Non-GMO, Gluten Free, Low Sugar (5 Pound, 60 Servings)",124.95,4.4,1869,4.3935023169601495,,,,True,no pack size (title_conflicting_weight),False,,0.5216239602438703,
B0BDQL1XQR,"EARTHTONE Collagen Peptides Powder | Paleo Friendly Hydrolyzed Grass-Fed Non-GMO Collagen Protein, 32 oz",34.99,4.5,1000,4.4775214740735665,1 x 32 oz,1.0934375,$/oz,False,,False,,1.1327017068432956,0.6806654922963505
B07P5TY9PQ,"Maxler 100% Golden Whey - 24g of Premium Whey Protein Powder per Serving - Premium 100% Whey Protein Powder, High Protein, Low Fat, Low Carb, Complete Amino Acid Profile - Rich Chocolate 2 lbs",23.99,4.5,1274,4.481930290182259,,,,True,no pack size (title_conflicting_weight),False,,1.164767363122544,
B07D3C35BY,"Marine Collagen Peptides Powder. Wild-Caught Fish, Non-GMO. Supports Healthy Skin, Hair, Joints and Bones. Hydrolyzed Type 1 & 3 Protein. Amino Acids, Unflavored, Easy to mix. Large 1.5 lb.",45.95,4.4,2260,4.394568449594887,1 x 1.5 lb,1.9145833333333335,$/oz,False,,False,,0.529378024321568,-0.08466393984338161
B09TJCZJ2W,"Pro JYM Protein Powder - Egg White, Milk, Whey Protein Isolates & Micellar Casein | JYM Supplement Science | Tahitian Vanilla Bean, 45 Servings",60.0,4.7,4865,4.69000734069459,1 x 57.1 oz,1.0507880910683012,$/oz,False,,False,,2.678127643260674,0.7350225056398544
B08NXSPJ3G,"PEScience Select Vegan Plant Based Protein Powder, Mint Chocolate, 5 Serving, Premium Pea and Brown Rice Blend",14.99,4.2,14,4.285084783829309,1 x 5.7144 oz,2.623197536049279,$/oz,False,,False,,-0.266905038541844,-0.5148834847043237
B07HJT5RVJ,"LEGION Casein+ Chocolate Pure Micellar Casein Protein Powder - Non-GMO Grass Fed Cow Milk, Natural Flavors & Stevia, Low Carb, Keto Friendly - Best Pre Sleep (PM) Slow Release Muscle Recovery 2lb",59.97,4.2,870,4.211738786892866,,,,True,no pack size (sources_disagree),False,,-0.8003560760178301,
B086RF6B2Q,"Jocko Mölk Whey Protein Powder (Mint Chocolate) - Keto, Probiotics, Grass Fed, Digestive Enzymes, Amino Acids, Sugar Free Monk Fruit Blend - Supports Muscle Recovery and Growth - 31 Servings",43.7,4.6,5794,4.59365499668491,1 x 32 oz,1.365625,$/oz,False,,False,,1.9773496864248514,0.3769706068260509
B09TWWV9N6,"NutraOne ProteinOne Whey Protein Promote Recovery and Build Muscle with a Protein Shake Powder for Men & Women (Cookies & Cream, 2 LB)",39.99,4.5,985,4.477217161899472,1 x 2 lb,1.2496875,$/oz,False,,False,,1.1304884211594441,0.4981812718809904
B0BY3P4DFM,"Animal Whey Isolate Protein Powder, Loaded for Post Workout and Recovery, Cookies & Cream, 4 Pound, 64 Oz",52.95,4.6,4164,4.5912425041718254,1 x 4 lb,0.82734375,$/oz,False,,False,,1.9598034441244983,1.061656032797127
B09BQGYZZL,"Garden of Life Raw Organic Protein & Greens Vanilla - Vegan Protein Powder for Women and Men, Plant and Pea Proteins, Greens & Probiotics - Gluten Free Low Carb Shake Made Without Dairy, 10ct Tray",30.36,4.3,573,4.299075596816976,1 x 10 ct,,,True,non-dominant dimension (count),False,,-0.16514878714246164,
B09BKMPGXM,"Vega Protein Made Simple Strawberry Banana (10 Servings) Stevia Free Vegan Protein Powder, Plant Based, Healthy, Gluten Free, Pea Protein for Women and Men, 9.3 Oz (Packaging May Vary)",17.2,4.3,6906,4.299908467119734,1 x 9.3 oz,1.8494623655913975,$/oz,False,,False,,-0.15909125782051978,-0.03738529100218474
B07BHZ97BX,"allOne Multiple Vitamin & Mineral Powder, Original Formula | Once Daily Multivitamin, Mineral & Amino Acid Supplement w/ 8g Protein (66 Servings) (66 Servings)",87.99,4.1,708,4.128828658705915,,,,True,no pack size (no_size_found),False,,-1.4033677705336376,
B09JDQ3VMZ,"ALLMAX Nutrition - ISOFLEX Whey Protein Powder, Whey Protein Isolate, 27g Protein, Banana, 2 Pound",39.99,4.6,5785,4.593645330972345,1 x 2 lb,1.2496875,$/oz,False,,False,,1.9772793869591563,0.4981812718809904
B0B4ZMX3KR,Vegan Collagen Building Powder Protein Peptide with Biotin Vitamin C Hyaluronic Acid Collagen Protein Powder for Hair Skin Nail Dairy Free Gluten Free | Unflavored Collagen Powder by Sunwarrior,38.49,4.4,5768,4.397802854419389,1 x 17.6 oz,2.1869318181818183,$/oz,False,,False,,0.5529020976359299,-0.26637272605338136
B09SKW7DGT,"Ascent Plant Based Protein Powder - Non Dairy Vegan Protein, Zero Artificial Ingredients, Soy & Gluten Free, No Added Sugar, 4g BCAA, 2g Leucine - Vanilla, 20 Servings",41.99,4.3,359,4.298665177146505,,,,True,no pack size (title_conflicting_weight),False,,-0.16813380075135298,
B018L9WZFO,"Musclesport Lean Whey Revolution™ Protein Powder - Whey Protein Isolate - Low Calorie, Low Carb, Low Fat, Incredible Flavors - 25g Protein per Scoop - 2lb Chocolate Ice Cream",59.99,4.5,580,4.464091913776124,1 x 2 lb,1.8746875,$/oz,False,,False,,1.035027489125253,-0.05589368531460968
B0C69C7KMQ,"Zammex 100% Grass-Fed Beef Bone Broth Protein Powder, 20G Protein, Hydrolyzed Collagen Peptides Type 1&3, Supports Healthy Skin, Nails, Hair, Joints, Non-GMO, Gluten Free, Paleo & Keto Friendly",18.95,4.0,2752,4.012610996655519,1 x 10.59 oz,1.7894239848914069,$/oz,False,,False,,-2.2486277026815285,0.007702156842835712
B0BHFCKZNN,"Jay Robb Vanilla Egg White Protein Powder, Low Carb, Keto, Vegetarian, Gluten Free, Lactose Free, No Sugar Added, No Fat, No Soy, Nothing Artificial, Non-GMO, Best-Tasting, (12 oz, Vanilla)",31.64,4.6,4750,4.592295632133103,,,,True,no pack size (sources_disagree),False,,1.967462924218898,
B0BF13LLNC,"DR EMIL NUTRITION Multi Collagen Peptides Powder - 20g of Unflavored Hydrolyzed Collagen Protein Powder with Hyaluronic Acid for Hair, Skin, Nails and Joints - 30 Servings",39.95,4.1,144,4.18972515125324,,,,True,no pack size (sources_disagree),False,,-0.9604629293032589,
B07GT754R7,"Organic Plant Based Protein Powder from GoldenSource Proteins, Banana, Vegan protein powder, Organic Pea protein and Brown Rice, Dairy free, Soy & Nuts free, 18 Servings",29.95,3.9,1074,3.940565259302101,1 x 16 oz,1.871875,$/oz,False,,False,,-2.7726218529036095,-0.05384245043486884
B09BQ6CH2C,"Garden of Life Super Seed - Vegetarian Whole Food Fiber Supplement with Protein and Omega 3, 1 Lb 5oz (600g) Powder",20.99,4.4,2238,4.394517837943505,,,,True,no pack size (title_conflicting_weight),False,,0.5290099219156327,
B0BLVYC59W,"Brewers Yeast Flakes for Lactation Cookies, Breastfeeding Supplement to Boost Mother's Milk (1 Pack) - Non Fortified, Unsweetened - Kosher, Gluten Free, Non GMO, Vegan, Plant Based Protein Powder",27.98,4.7,782,4.644924436889077,,,,True,no pack size (no_size_found),False,,2.3502362407030044,
B00OT27DLE,"Designs for Health VegeCleanse Plus 21 Day Detox Program - Promotes Healthy Liver Function + Metabolic Cleanse with Antioxidants + Herbs, Vegetarian (42 Protein Powder Drink Mixes + 42 Vitamin Packs)",278.49,4.0,52,4.2071806593406595,,,,True,no pack size (no_size_found),False,,-0.8335076858293293,
B07N1K84DL,"Unflavored Collagen Protein Powder GoPack, 12g Protein, 1 Pack, Bulletproof Grass Fed Collagen Peptides and Amino Acids for Healthy Skin, Bones and Joints",1.69,4.4,98,4.341432648799165,,,,True,no pack size (no_size_found),False,,0.14291728691884997,
B07PRPT3Q7,"Keto Green Protein Shake - Chocolate Ketogenic Protein Powder Drink, Lactose Free Vegan Protein, Supports Gastrointestinal Health, Aides Natural Body Detoxification (Single Pouch 40 Servings)",99.95,4.5,64,4.365008638420403,1 x 38.4 oz,2.6028645833333335,$/oz,False,,False,,0.3143872600364117,-0.504252246811319
B09YMWLQCF,"Campus Protein Fuel - Pre Workout Powder for Men and Women, Sour Watermelon Wedges Flavor, Low-Calorie and Sugar-Free Pre Workout Mix with Creatine Monohydrate, Supports Energy and Focus",27.99,4.0,68,4.1898252114377765,1 x 9.31 oz,3.006444683136412,$/oz,False,,False,,-0.9597351839390894,-0.7011891884939317
B077JCKCJ9,Steel Supplements Whey-Pro | 100% Pure Whey Protein Powder for Men and Women | Strawberry Cheesecake | Muscle Gain & Lean Muscle Recovery | Gluten Free | 1.65 lbs | BCAA 5g | Non-GMO | 25 Servings,40.0,4.3,488,4.298946997356163,,,,True,no pack size (title_conflicting_weight),False,,-0.16608410084266015,
B075L2656Y,"Naked Vanilla Whey Protein 1LB – Only 3 Ingredients, All Natural Grass Fed Whey Protein Powder + Vanilla + Coconut Sugar- GMO-Free, Soy Free, Gluten Free. Aid Muscle Growth & Recovery - 12 Servings",23.99,4.3,14207,4.299955102259917,1 x 1 lb,1.499375,$/oz,False,,False,,-0.1587520768842416,0.2493147555221207
B004HEH2PQ,"Source Naturals Brown Rice Protein, Vegan & Non-GMO - 16 oz POWDER",25.24,4.0,133,4.1416274038461545,1 x 16 oz,1.5775,$/oz,False,,False,,-1.3102815196320692,0.17991957725958002
B0B1GJ8N18,"GREEN BOY Plant-Based Chickpea Protein Powder Made from Single Ingredient, Vegan and Clean Alternatives for Plant Protein, Good for Cooking, Baking and Smoothies, No Added Sugar, Soy or Gluten (16oz)",37.95,4.4,45,4.322956043956044,1 x 16 oz,2.371875,$/oz,False,,False,,0.00853552875503879,-0.3772854369703049
B0B5NNJ8QN,"Ancient Bliss Wild-Caught Marine Fish Collagen Peptides Powder, Flavorless Collagen Protein Supplement with Type 1, Non-GMO, Gluten-Free, Amino Acid Supplement for Skin, Hair and Nails, 15.87 Oz",44.95,4.4,36,4.318595065312047,1 x 15.87 oz,2.832388153749213,$/oz,False,,True,False,-0.023182201989922522,-0.6197096174474462
B07YTZ7NCV,"PlantFusion Complete Vegan Protein Powder - Plant Based Protein Powder With BCAAs, Digestive Enzymes and Pea Protein - Keto, Gluten Free, Soy Free, Non-Dairy, No Sugar, Non-GMO - Chocolate 2 lb",63.79,4.2,9214,4.2012484326212505,1 x 2 lb,1.9934375,$/oz,False,,False,,-0.8766532238299065,-0.1398059364255066
B07GSJHDGV,"VADE Nutrition Dissolvable Protein Packs | Chocolate & Vanilla Whey Isolate Protein Powder, On-The-Go, Low Carb, Low Calorie, Lactose Free, Gluten Free, Fat Free, Sugar Free, Lean, 30 Servings",48.99,4.5,1705,4.4861907086349095,1 x 25.6 oz,1.9136718749999997,$/oz,False,,False,,1.1957537119156174,-0.08401337332550546
B08D3VRXXH,Gluteboost ThickFix XXL (1500mg) - Curve & Muscle Builder for Women - Natural Weight Gainer & Protein Support - Weight Gain Pills and Curve Enhancing Supplement -Protein Powder Capsule - 1 Month,36.95,3.7,123,3.9973846153846155,,,,True,no pack size (no_size_found),False,,-2.3593703365706906,
B07BNY74M4,"High Protein Pancake Mix – ABS Protein Pancakes and Waffles – Chocolate Chip Protein Powder Mix – Gluten Free, Keto Friendly – High Protein, Low Carb, Low Sugar – 1 Pound Package ($2.50/Ounce)",39.95,3.8,80,4.099786282682834,1 x 1 lb,2.496875,$/oz,False,,False,,-1.6145951894438337,-0.4474541884441209
B07SKLMW3Z,CaseinOne Casein Protein Powder by NutraOne – No Sugar 100% Casein Protein Powder (Chocolate – 2.11 lbs.),45.99,4.2,107,4.25068093645485,1 x 2.11 lb,1.3622630331753556,$/oz,False,,False,,-0.5171268480698301,0.3803382251564023
B09FD8STXW,"Truvani Organic Vegan Protein Powder Peanut Butter - 20g of Plant Based Protein, Organic Protein Powder, Pea Protein for Women and Men, Vegan, Non GMO, Gluten Free, Dairy Free (20 Servings)",44.99,4.4,15388,4.399165535128916,,,,True,no pack size (sources_disagree),False,,0.5628129785102569,
B094S9WVXY,"Pure Original Ingredients Spirulina Powder (8oz) Plant-Based Complete Protein, Non-GMO",11.99,4.3,29,4.295767206477733,1 x 8 oz,1.49875,$/oz,False,,False,,-0.18921096275613108,0.24988437659802304
B07MN1WGM3,"Organic Spirulina Powder, 1 Pound — Non-GMO, Kosher, Raw Blue-Green Algae, Vegan Superfood, Bulk, Non-Irradiated, Pure Vegan Green Protein, Rich in Vitamins and Minerals, Great for Drinks",21.93,4.1,267,4.161427218934911,1 x 1 lb,1.370625,$/oz,False,,False,,-1.1662759522923507,0.37197750439963867
B092BSF34T,"NaturesPlus SPIRU-TEIN, Vanilla - 2.12 lbs - Spirulina Protein Powder - Vitamins & Minerals for Energy - Vegetarian, Gluten Free - 32 Servings",41.86,4.6,1968,4.582045248868778,1 x 2.12 lb,1.2340801886792452,$/oz,False,,False,,1.8929111038704876,0.5153516001572248
B07W6LNVHQ,"Genius Vegan Protein Powder, Chocolate - Plant-Based Lean Muscle Building Shake for Men & Women - Pea & Pumpkin Protein Sources - Naturally Flavored & Sweetened - Dairy & Lactose Free",34.99,4.2,898,4.211416861297371,1 x 24.48 oz,1.4293300653594772,$/oz,False,,False,,-0.8026974654607422,0.31467891563653966
B095LWHMF3,"Organic Alfalfa Powder, 8 Ounces – Non-GMO, Made from Raw Dried Whole Young Leaves, Vegan, Bulk, Great for Baking, Juices, Smoothies, Shakes, Tea, and Drinks. Good Source of Dietary Fiber and Protein",9.3,4.7,28,4.369911360163016,1 x 8 oz,1.1625,$/oz,False,,False,,0.3500451297129141,0.5969883727316195
B0C6FMTSYJ,"Bluebonnet Nutrition Whey Protein Isolate Powder, Whey From Grass Fed Cows, 26g of Protein, No Sugar Added, Gluten Free, Soy free, kosher Dairy, 1 Lb, 14 Servings, Chocolate Flavor",32.99,4.4,275,4.367478933127175,1 x 1 lb,2.061875,$/oz,False,,False,,0.3323539021060622,-0.18592354790169388
B00014G9F0,"NaturesPlus SPIRU-TEIN Shake - Raspberry Royale Flavor - 1.12 lbs, Protein Powder - Plant Based Meal Replacement, Vitamins & Minerals for Energy - Vegetarian, Gluten-Free - 15 Servings",22.0,4.4,98,4.341432648799165,1 x 1.12 lb,1.2276785714285714,$/oz,False,,False,,0.14291728691884997,0.5224572033863802
B09GXBH8RL,Mutant Mass Weight Gainer Protein Powder – Build Muscle Size and Strength with 1100 Calories – 56 g Protein – 26.1 g EAAs – 12.2 g of BCAAs – 15 lbs – Strawberry Banana,74.62,4.5,2342,4.489759276018099,,,,True,no pack size (title_conflicting_weight),False,,1.2217081750407848,
B09XPVJTCG,"Vintage Brawn – Muscle-Building Protein Powder Isolate for Men & Women – Post-Workout & Anytime Recovery Drink – Premium Protein Isolate Sources: Egg, Milk, Beef – Lemon Cheesecake Flavor - 2.1 Lbs.",43.99,4.4,2012,4.393937524770313,,,,True,no pack size (sources_disagree),False,,0.5247892598859273,
B01I2HUUS4,"Collagen Complete AntiAging Protein Blend – 8 Collagen Boosters Plus Hydrolyzed Peptides Powder Supplement [Unflavored] – Anti-Aging Booster for Skin, Hair, Nails, Bones & Joints with Hyaluronic Acid",39.99,4.0,102,4.161140512820513,1 x 14.6 oz,2.739041095890411,$/oz,False,,False,,-1.1683611877593783,-0.5739238583220904
B0C3WS4K1F,"BSN SYNTHA-6 Whey Protein Powder with Micellar Casein, Milk Protein Isolate Powder, Vanilla Ice Cream, 48 Servings (Packaging May Vary)",60.4,4.7,26281,4.698112279025322,1 x 80 oz,0.755,$/oz,False,,False,,2.7370754787499676,1.1866700795193308
B08637KVGC,"Puori - CP1 Pure Collagen Peptides Powder - Hair, Skin, Nails - Joint, Bones Support - Hydrolyzed Protein, Unflavored, 30 Servings",29.99,4.6,310,4.513294723751999,1 x 10.6 oz,2.8292452830188677,$/oz,False,,False,,1.3928832839153684,-0.6181927746369293
B0B8R3D3XK,"Vegan Protein Meal Replacement Powder by Orgain - 20g of Protein, Certified Organic and Plant Based, No Gluten, Soy or Dairy, Non-GMO, Creamy Chocolate Fudge, 2.01lb (Packaging May Vary)",33.64,4.5,6137,4.495967510444826,1 x 2.01 lb,1.0460199004975126,$/oz,False,,True,False,1.2668611381766104,0.7412362223860544
B0BZV233TX,"Animal 100% Whey Protein Powder – Whey Blend for Pre- or Post-Workout, Recovery or an Anytime Protein Boost– Low Sugar – Chocolate, 4 lb",44.19,4.5,100,4.386800965850293,1 x 4 lb,0.69046875,$/oz,False,,False,,0.4728845218101484,1.3087392262076052
B09S6VM89Z,"Alpha Nutrition Labs Whey Isolate Protein Powder, 28G of Protein, 2lbs (Coconut Ice Cream)",54.95,5.0,6,4.327570661896244,1 x 2 lb,1.7171875,$/oz,False,,False,,0.042097997472838766,0.0639992744654132
B00T7O87VE,BPI Sports Best BCAA - BCAA Powder - Branched Chain Amino Acids - Muscle Recovery - Muscle Protein Synthesis - Lean Muscle - Improved Performance – Hydration – Arctic Ice - 60 Servings - 1.32 Pound,29.99,4.6,139,4.456704638872578,1 x 1.32 lb,1.4199810606060606,$/oz,False,,True,True,0.9812992745530035,0.32364458723496203
B09V5QJ79P,"Whole Feast Carnivore Protein Powder/Delicious Cocoa Chocolate — Nose-to-Tail Organ Blend (Liver, Colostrum, Whole Bone, Heart) “Strength Makes All Other Values Possible” | The Fittest",64.0,4.4,222,4.362482943143813,1 x 27.52 oz,2.3255813953488373,$/oz,False,,False,,0.2960176853912833,-0.35035595101923156
B09CWWM4C4,"Nutiva Organic Cold-Pressed Raw Hemp Seed Protein Powder, Peak Protein, 16 Ounce, USDA Organic, Non-GMO, Whole 30 Approved, Vegan, Gluten-Free & Keto, Plant Protein with Essential Amino Acids",14.59,4.4,6675,4.398096001086293,1 x 16 oz,0.911875,$/oz,False,,False,,0.5550341757332236,0.9287449592751706
B0B529261P,"MD Ana Fit - Organic Whey Concentrate Protein Powder, Pasture Raised All Natural Hormone Free (Vanilla, 2lb Bag)",37.49,4.1,32,4.254558808933003,1 x 2 lb,1.1715625,$/oz,False,,True,False,-0.4889227853660015,0.5863789077711326
B089QR5PFL,Form Performance Protein - Vegan Protein Powder - Complete Amino Acid Profile with BCAAs and Digestive Enzymes. Perfect Post Workout. Tastes Great with Just Water! (Vanilla),39.0,4.1,51,4.237681697612732,1 x 18.3425 oz,2.1262096224614964,$/oz,False,,False,,-0.6116713049777455,-0.2279013053859776
B01N81CRRM,"Smart138 Egg White Protein Powder | Non-GMO, Gluten-Free, Soy-Free, Dairy-Free, Keto (Low Carb), Paleo, Made in USA, Natural BCAAs (1000g / 2.2lbs, Chocolate)",64.99,4.1,522,4.137142039355993,1 x 1000 g,1.84243550789375,$/oz,False,,False,,-1.3429039181360796,-0.03218451958647242
B0BNMG9N95,"PlantFusion Complete Meal Replacement Shake - Plant Based Protein Powder with Superfoods, Greens & Probiotics - Vegan, Gluten Free, Soy Free, Non-Dairy, No Sugar, Non-GMO - Chocolate Caramel 1 lb",34.97,4.1,1680,4.113287085626519,1 x 1 lb,2.185625,$/oz,False,,False,,-1.5164028185185585,-0.2655560769651083
B08LWY82XB,"Amazing Grass Kidz Superfood: Vegan Protein & Probiotics for Kids with Beet Root Powder & 1/2 Cup of Leafy Greens, Extreme Chocolate, 15 Servings",22.69,3.6,959,3.678980236030144,,,,True,no pack size (no_size_found),False,,-4.675149705562339,
B0BLPB11GR,"LADDER Plant Based Protein Powder, 21g of Vegan Protein with BCAAs and Probiotics | Pea and Pumpkin | Dairy Free, NSF Certified for Sport, Naturally Flavored, 15 Packets, Chocolate",39.9,4.4,285,4.3682760180995475,,,,True,no pack size (sources_disagree),False,,0.3381511619870227,
B003PQP9TS,Metagenics BioPure Protein powder 12.3oz (15 servings),50.6,3.8,29,4.200372469635628,1 x 12.3 oz,4.113821138211382,$/oz,False,,False,,-0.8830241695254953,-1.1296327805981476
B07QD7YXWH,"Codeage Multi Collagen Peptides Protein Powder, Chocolate Mocha Instant Coffee - Low Calories Drink & Shake - Collagen Type I, II, III, V & X - Grass-Fed, Pasture-Raised, Hydrolyzed, Non-GMO - 14.39oz",39.99,4.1,217,4.170460633484162,1 x 14.39 oz,2.7790132036136206,$/oz,False,,False,,-1.1005752383539396,-0.5937178980617118
B0B4JM4NJG,"Vital Performance Protein Powder, 25g Lactose-Free Milk Protein Isolate Powder, NSF for Sport Certified, 10g Grass-Fed Collagen Peptides, 8g EAAs, 5g BCAAs, Gluten-Free - Chocolate, 1.72lb",29.99,4.4,3854,4.3967454401268835,,,,True,no pack size (title_conflicting_weight),False,,0.5452114427271448,
B0B4YZVQG1,"TruHeight Growth Protein Shake Ages 5+ (Vanilla) - Clinically Proven Nutrients, Vitamins, & Minerals Developed by Pediatricians - Immune Support for Kids, Non-GMO, Gluten-Free, Protein Powder Snacks",49.95,4.2,193,4.236888023369037,1 x 23.68 oz,2.109375,$/oz,False,,False,,-0.6174437583685439,-0.21704084921848413
B074ZNXL8Q,"balanced greens Plant Protein Powder with Total Health – Raw Organic Greens Powder Known to Boost Strength, Energy, and Immune System Health with No GMOs or Added Sugar, 17 Servings, Vanilla",23.99,3.9,48,4.18395681511471,,,,True,no pack size (no_size_found),False,,-1.002416478592057,
B089N153TL,"BiPro Renew 100% Whey Isolate Protein Powder, Vanilla, 1 Pound - Dietitian Recommended, Sugar Free, Suitable for Lactose Intolerance, Gluten Free, Naturally Sweetened, Hormone Free",31.99,4.4,254,4.365667414813304,1 x 1 lb,1.999375,$/oz,False,,False,,0.3191785910556366,-0.14386925420253766
B0128VRBKK,"BulkSupplements.com Casein Protein Powder - Whey Casein Blend Protein Powder - Protein Powder Casein - Micellar Casein Powder - 30g per Serving, 17 Servings (500 Grams - 1.1 lbs)",24.96,4.4,2084,4.3941353037537905,,,,True,no pack size (title_conflicting_weight),False,,0.526227721538014,
B07J24QWBJ,"Juven Therapeutic Nutrition Drink Mix Powder for Wound Healing Support, Includes Collagen Protein, Fruit Punch, 1.01 Ounce (Pack of 30)",79.49,4.7,3586,4.686561503204264,,,,True,no pack size (title_is_kit),False,,2.6530658040197275,
B0BX4W5MY5,"Ancient Nutrition Bone Broth Protein Powder, Tomato Basil, Grass-Fed Chicken and Beef Bone Broth Powder, 15g Protein Per Serving, Supports a Healthy Gut, 15 Servings",39.96,3.8,85,4.092579881656805,,,,True,no pack size (no_size_found),False,,-1.6670078944907707,
B01N80X4NZ,"Metabolic Nutrition, Protizyme, 100% Whey Protein Powder, High Protein, Low Carb, Low Fat with Digestive Enzymes, 24 Essential Vitamins and Minerals, Peanut Butter Cookie, 2 Pound",49.99,4.4,2059,4.394068109708806,1 x 2 lb,1.5621875,$/oz,False,,False,,0.5257390141169389,0.19324616254901228
B0BZQHN7DV,"Mutant ISO Surge Whey Protein Isolate Powder Acts Fast to Help Recover, Build Muscle, Bulk and Strength, 5 lb - Peanut Butter Chocolate",84.02,4.6,644,4.551051649784374,1 x 5 lb,1.05025,$/oz,False,,False,,1.6674922906117775,0.7357223115865923
B07QJF5DZY,Quattro Chocolate Love Lactose-Free Protein Powder for Men & Women (2 lbs.),44.99,4.6,1327,4.574108010610079,1 x 2 lb,1.4059375,$/oz,False,,True,False,1.835182963813081,0.3372238730101153
B07BXC5P7N,"BPI Sports Whey HD Ultra Premium Protein Powder, Chocolate Cookie, 4.2 Pound",50.54,4.4,971,4.38816875263676,1 x 4.2 lb,0.7520833333333333,$/oz,False,,False,,0.4828325395720331,1.1919582547226926
B0BGTK2VRV,"PlantFusion Complete Organic Protein Powder - Plant Based Protein Powder with Fermented Superfoods - Keto & Vegan Friendly, Gluten Free, Soy Free, Non-Dairy, No Sugar, Non-GMO - Vanilla Chai 2 lb",59.83,4.5,475,4.457786982248521,1 x 2 lb,1.8696875,$/oz,False,,False,,0.9891712405895738,-0.05224491364292159
B0BQN7SBNL,"REDCON1 Green Beret Vegan Protein Powder, Strawberry - Sugar Free Plant Based Protein Powder - Keto Friendly + Gluten Free Protein Supplement - Low Carb Protein Powder (30 Servings)",30.42,4.5,928,4.475981556027227,1 x 32.7 oz,0.9302752293577982,$/oz,False,,True,False,1.121501765281936,0.9014508832039715
B09K2VQN2Y,"POWERLIFE Tony Horton High Impact Plant Protein Powder with 3000 MG of HMB, Plant-Based, No Sugar Added, Vegan, Keto Friendly, Non-GMO (Vanilla)",49.95,3.9,2467,3.9187477279477276,1 x 12.1695 oz,4.104523604092198,$/oz,False,,False,,-2.9313024247450494,-1.1265414932749278
B07CJXC3YH,"Nutrition 53 Vegan 1 Natural Protein Shake Powder, Natural, Balanced, Chai (1.5 lb)",25.23,4.1,36,4.25067053701016,1 x 1.5 lb,1.05125,$/oz,False,,False,,-0.5172024840253076,0.7344220629700025
B004KWJS9I,Protein Powder 80% Soy Isolate 1 lb Pwdr,23.93,4.5,13,4.3143868778280545,1 x 1 lb,1.495625,$/oz,False,,False,,-0.05378867095883282,0.25273604979103786
B0C3L47R33,"Isopure Protein Powder, Clear Whey Isolate Protein, Post Workout Recovery Drink Mix, Gluten Free with Zero Added Sugar, Infusions- Pineapple Orange Banana, 36 Servings",64.72,4.1,25542,4.100933435238052,1 x 31.75 oz,2.0384251968503935,$/oz,False,,False,,-1.6062518612966352,-0.17029624449233072
B08RWWWHZ2,"SFH Fuel Whey Protein Powder Great Tasting Grass Fed Whey | MCTs & Fiber for Energy | All Natural | Soy Free, Gluten Free, No RBST, No Artificial Flavors (Coconut (2lb Bag))",61.99,4.6,472,4.536901874595992,1 x 2 lb,1.9371875,$/oz,False,,True,False,1.5645798949859477,-0.10069967253685339
B0BZRBGLV7,Sparkle Skin Boost (Orange) [50-Serves] Verisol Collagen Peptides Protein Powder Vitamin C Supplement Drink,28.5,4.4,440,4.3770099740401704,1 x 7.4 oz,3.8513513513513513,$/oz,False,,False,,0.4016738905939046,-1.0395592550378905
B093LP2F81,"Sprout Living Organic Pea Protein Powder, 20 Grams of Plant Based Organic Protein Powder Without Artificial Sweeteners, Non Dairy, Non-GMO, Dairy Free, Vegan, Gluten Free, Keto Drink Mix (2 Pound)",44.95,4.4,564,4.381159556600605,,,,True,no pack size (title_conflicting_weight),False,,0.4318541214778642,
B085L3GV8T,"Hydrolyzed Collagen Powder - Sparkle Skin Boost Plus (No Flavor) [30-Serves] Verisol Collagen Peptides Protein Powder & Vitamin C, Non-GMO Collagen Supplement Drink, Keto Protein Powder Nutrition",33.5,4.5,1984,4.488019276404658,1 x 5.6 oz,5.982142857142858,$/oz,False,,False,,1.209053024960781,-1.6411878303398455
B09SN42GJR,"Axe & Sledge Supplements Home Made Whole-Foods-Based Meal Replacement Powder with DigeSEB Digestive Enzymes and Fibersol-2, Protein, Carbohydrates, and Fats, 25 Servings (Lemon Cream Pie)",80.74,4.6,38,4.366811275680841,,,,True,no pack size (no_size_found),False,,0.3274979785069331,
B072MJRK7G,"BulkSupplements.com Beef Protein Isolate Powder - No Sugar Added, Gluten Free, Lactose Free Protein Powder, Keto Friendly - 25g of Protein - 30g per Serving (500 Grams - 1.1 lbs)",24.96,3.9,265,4.0251459159397305,,,,True,no pack size (title_conflicting_weight),False,,-2.157460277380392,
B07W4F3F7N,"Genuine Health Fermented Organic Vegan Proteins+, Natural Chocolate Protein Powder, 20g Protein, 21.16 oz tub, 20 Servings",40.12,4.4,361,4.373257469802924,1 x 21.16 oz,1.8960302457466918,$/oz,False,,False,,0.3743816406811166,-0.07135999371150353
B072K1BKM4,BulkSupplements.com Porcine Collagen Powder - Hydrolyzed Collagen Powder - Collagen Supplement - Collagen Peptides Powder - Collagen Protein Powder - 2500mg per Serving (100 Grams - 3.5 oz),12.96,4.3,141,4.297562937062937,1 x 100 g,3.674098197,$/oz,False,,False,,-0.17615047706208273,-0.9751871637803694
B07C1BTS38,"BlenderBottle Shaker Bottle, 28oz - BlenderBall Wisk Mixer Ball - Blend Protein Powder, Sport Drinks, Shakes, Smoothies & More - Blue",11.99,4.7,2673,4.682173324529549,,,,True,no pack size (no_size_found),False,,2.621150245373965,
B09K6M93M1,"FitBites 100% Whey Isolate Protein Powder (Milk Tea), 5.9g BCAAs, Gluten Free, Zero Sugar",39.99,4.0,285,4.088864253393665,,,,True,no pack size (sources_disagree),False,,-1.694031942627503,
B0BQ6DLQV7,"Alaya Multi Collagen Powder - Type I, II, III, V, X Hydrolyzed Collagen Peptides Protein Powder Supplement with MSM + GC (Raspberry Lemonade)",39.95,4.4,9102,4.398596923076924,1 x 13.55 oz,2.948339483394834,$/oz,False,,False,,0.5586774196287052,-0.6745256048227962
B0B4TLF3LJ,"BSN SYNTHA-6 Edge Protein Powder, with Hydrolyzed Whey, Micellar Casein, Milk Protein Isolate, Low Sugar, 24g Protein, Cookies N Cream, 28 Servings",42.99,4.7,8950,4.69450640531077,1 x 38.08 oz,1.1289390756302522,$/oz,False,,False,,2.7108496838275564,0.637011628836828
B075QPQVHX,"NutraBio Classic Whey Protein Powder- 25G of Protein Per Scoop - Full-Spectrum Amino Acid Profile - No Fillers, Artificial Colors, Preservatives - Low Glycemic Index - Ice Cream Cookie Dream, 2 Pounds",39.99,4.5,820,4.473230769230769,1 x 2 lb,1.2496875,$/oz,False,,False,,1.1014950828215784,0.4981812718809904
B009Q7JUAE,"Metabolic Maintenance Metabolic Detox Complete Chocolate Shake - 20 Grams Non-GMO Plant Protein, Omega-3s, Nutrients + Milk Thistle - Liver Cleanse Support Powder - (2.3 lbs / 30 Servings)",88.5,4.2,27,4.277710769230769,,,,True,no pack size (title_conflicting_weight),False,,-0.3205368099030431,
B0B7YSD4MQ,"ROWDY Collagen Powder Protein - Grass Fed Bovine Collagen - Vanilla Bean with Superfood Prebiotics, Gluten Free (14 Servings)",34.99,3.4,36,4.092179970972424,1 x 12.3459 oz,2.834139268907087,$/oz,False,,False,,-1.6699164754412166,-0.6205540276816235
B0BRKT841K,"Gatorade Zero with Protein Powder Packets, 10g Whey Protein Isolate, Zero Sugar, Electrolytes, 3 Flavor Variety Pack, 0.52oz (Pack of 30)",22.99,4.1,2788,4.10822968580715,,,,True,no pack size (title_conflicting_weight),False,,-1.5531856736607532,
B075WR64ST,"Myprotein Impact Whey Protein Powder (Vanilla, 2.2 Pound (Pack of 1))",43.25,4.4,10547,4.398786936774567,,,,True,no pack size (sources_disagree),False,,0.5600594037638462,
B0B1L1TCWN,"Titan Nutrition Collagen Peptides Powder, Unflavored - 100% Grass-Fed Hydrolyzed Bovine Protein Type 1 & 3 with Digestive Enzymes - Anti-Aging Amino Acids Promote Healthy Skin, Hair, Nails, & Joints",34.99,4.6,27,4.349710769230769,1 x 7.5 oz,4.665333333333334,$/oz,False,,True,False,0.20312468905446898,-1.3015148111400157
B09F73HVTG,"Nuzest - Pea Protein Powder - Clean Lean Protein, Premium Vegan Plant Based Protein Powder, Dairy Free, Gluten Free, GMO Free, Protein Shake, Rich Chocolate, 40 Servings, 2.2 lb",79.99,4.2,53,4.266230769230769,1 x 2.2 lb,2.2724431818181814,$/oz,False,,False,,-0.4040317266812665,-0.3187760504009033
B0BGM8QLPW,"Mikuna Chocho Superfood Protein, Plant-Based Protein Powder - Vegan, Lectin-Free, Gluten Free, Zero Net Carbs, and Bioavailable, Non-Isolate (Pure Chocho, 10 Serving)",29.99,4.1,4,4.288634766807995,1 x 13.8 oz,2.1731884057971014,$/oz,False,,False,,-0.24108574121000864,-0.2577597485291066
B0BBSCMSRD,"Amazing Muscle 100% Whey Protein Powder *Advanced Formula with Whey Protein Isolate as a Primary Ingredient Along with Ultra Filtered Whey Protein Concentrate (Cookie & Cream, 2 Lb)",24.99,3.5,84,3.9722541806020066,1 x 2 lb,0.7809375,$/oz,False,,False,,-2.5421459080667317,1.1405222137910083
B0976BQ6C1,"TRU Plant Based Protein Powder, BCAA, EAA, 20g Vegan Protein, 100 Calories, 27 Vitamins, No Artificial Sweeteners 25 Servings (Banana Maple Muffin)",44.99,4.2,799,4.212642749874854,,,,True,no pack size (sources_disagree),False,,-0.7937814842101887,
B0757WTZMM,"Standard Process Veg-E Complete Pro Chocolate - Whole Food Nail Health, Hair Health and Skin Health with Pumpkin Seed Protein Powder and Sesame Seed - 26 oz",82.46,4.5,84,4.378051282051282,1 x 26 oz,3.171538461538461,$/oz,False,,True,False,0.40924740328800396,-0.7742262279162065
B07ZG8XVCL,"Kaged Muscle, Premium Kasein Protein Powder, Micellar Casein, Vanilla, Banned-Substance Free, Protein Supplement, Build Muscle, Boost Recovery, Casein, Chocolate PB, 25 Servings",39.99,4.5,713,4.4698045638571955,1 x 32 oz,1.2496875,$/oz,False,,False,,1.0765760294651654,0.4981812718809904
B0BBSHJTYP,"Amazing Muscle 100% Whey Protein Powder *Advanced Formula with Whey Protein Isolate as a Primary Ingredient Along with Ultra Filtered Whey Protein Concentrate (Banana, 5 Lb)",49.99,4.0,108,4.156955044955045,1 x 5 lb,0.6248750000000001,$/oz,False,,False,,-1.1988024152075638,1.445115666716987
B089NDQJZW,"BiPro Elite to-Go 100% Whey Protein Powder Isolate for High-Intensity Fitness, French Vanilla, 12 Single-Serve Packets - Approved for Sport, Sugar Free, Suitable for Lactose Intolerance, Gluten Free",33.99,4.6,951,4.56504340352385,,,,True,no pack size (no_size_found),False,,1.7692553841709218,
B01H2OGWCQ,"Optim Nutrition Grass Fed, Hormone-Free Udder Bliss Whey Protein Powder, Chocolate (2 Pounds)",46.99,4.3,146,4.29760823563054,1 x 2 lb,1.4684375,$/oz,False,,False,,-0.17582101712025036,0.27780001962673206
B09TL7DHWT,"Huge Supplements Vegan Protein Powder - Marshmallow Madness - Superior Plant-Based Protein Powder, 20g Protein Per Serving, Gluten Free",44.95,4.1,42,4.245191608391608,1 x 25 oz,1.798,$/oz,False,,False,,-0.5570511503179757,0.0011699576554445989
B07R3DZ4PN,"True Nutrition 5LBS Unflavored Vegan Protein Powder - Non-GMO Plant Based Protein, Low Carb, Low Fat, Vegetarian (Vegan)",56.7,4.5,17,4.31969010989011,1 x 5 lb,0.70875,$/oz,False,,False,,-0.01521785914028463,1.2730365519872588
B01MS4PGAT,"Lifetime Life's Basics Organic Plant Protein Organic, Coarse Powder, Vanilla (Jar) | 16.4oz",37.13,3.4,7,4.246589349112426,1 x 16.4 oz,2.264024390243903,$/oz,False,,False,,-0.5468852753038446,-0.313705113488944
B0B5DN6MKL,"Equip Foods Prime Protein - Grass-Fed Beef Protein Powder Isolate -Paleo and Keto Friendly, Gluten Free Carnivore Protein Powder - Chocolate, 1.7 Pounds - Helps Build and Repair Tissue",67.69,4.3,1217,4.299519862227324,1 x 1.7 lb,2.4886029411764707,$/oz,False,,False,,-0.16191761088248702,-0.44292038199863387
B0821X77GG,"Protein Powder by Granite | 30 Servings of Complete Spectrum Protein to Build Lean Muscle | 5 Protein Sources: Whey Concentrate, Micellar Casein, Isolate, Grass Fed Beef, Egg White | 2lb (Chocolate)",49.99,4.7,281,4.576625285605483,1 x 2 lb,1.5621875,$/oz,False,,False,,1.853491297110049,0.19324616254901228
B072Q4M62Q,"GNC Pro Performance 100% Whey Protein Powder - Unflavored, 25 Servings, Supports Healthy Metabolism and Lean Muscle Recovery",39.99,4.4,3060,4.395933589501921,1 x 29.6 oz,1.3510135135135135,$/oz,False,,False,,0.5393067911271828,0.3916673971152426
B01M5B94IG,"Muscle Feast Grass-Fed Whey Protein Concentrate Powder, All Natural Hormone Free Pasture Raised, Chocolate, 5lb (94 Servings)",85.49,4.5,712,4.469768401658222,1 x 5 lb,1.068625,$/oz,False,,False,,1.0763130190301677,0.712025568496573
B09DSH4WDB,"WelleCo The Super Kids Elixir Vegan Protein Powder Chocolate Shake with Prebiotics and Probiotics, Real Fruits & Veggies, Supports Cognitive Function, Immunity & Energy, for Kids Ages 4+, 17.6 oz Tin",40.0,3.4,28,4.12885175751401,1 x 17.6 oz,2.2727272727272725,$/oz,False,,False,,-1.403199771138207,-0.31894684059185785
B00N40VVLA,Norcal Organic - Grass Fed Whey Protein Powder (Chocolate),64.99,4.4,784,4.385729454668816,1 x 32 oz,2.0309375,$/oz,False,,False,,0.46509133915123063,-0.16526844319744866
B09TWVRH5H,"Snap Supplements Organic Plant Based Vegan Protein Powder Nitric Oxide Boosting Protein Powder, Vanilla Bean, BCAA Amino Acid for Muscle Growth, Performance & Recovery - 30 Servings (Chocolate)",39.95,4.0,95,4.166314749470713,1 x 30.3709 oz,1.3154038899077738,$/oz,False,,False,,-1.130728569423202,0.42816134361218733
B0BF157Q8N,"Ancient Nutrition Collagen Powder Protein, Multi Collagen Chocolate Protein Powder, 24 Servings, with Vitamin C, Hydrolyzed Collagen Peptides Supports Skin and Nails, Gut Health, 10oz",25.49,4.5,51285,4.499508959994254,1 x 10 oz,2.549,$/oz,False,,False,,1.2926183712257207,-0.47568223280893374
B08J4GSNJ7,GNC Total Lean | Lean Shake 25 Protein Powder | High-Protein Meal Replacement Shake | Rich Chocolate | 16 Servings,39.99,4.3,1955,4.299690382764493,,,,True,no pack size (no_size_found),False,,-0.1606774019922536,
B0BLX8D7T6,"Shakeology Superfood Shake, Healthy Vegan Dessert Powder with Plant Protein, Probiotics, Adaptogens, and Vitamins (Caffe Latte, 30 Day Supply)",164.95,4.2,66,4.261675213675214,1 x 39 oz,4.22948717948718,$/oz,False,,False,,-0.43716463016468676,-1.1675163739376664
B09T752DR3,"Natreve Whey Protein Powder - 28g Grass-Fed Whey Protein with Amino Acids, Probiotics & Collagen - Gluten Free Peanut Butter Parfait, 18 Servings",31.95,4.4,34,4.317558059774621,,,,True,no pack size (sources_disagree),False,,-0.030724422464306376,
B078ZZCBHQ,"Ultimate Nutrition CarnebolicHydrolyzed Beef Protein Isolate Powder-Paleo and Keto Friendly-Zero Carbs, Zero Fat, Zero Sugar or Soy, Gluten and Lactose-Free, Orange, 60 Servings",69.99,4.2,158,4.241482617027101,,,,True,no pack size (no_size_found),False,,-0.584026927784065,
B0B7D13GF1,"Kaged Muscle Whey Protein Powder, 100% Whey Protein Isolate Powder for Post Workout Recovery & Muscle-Building, Whey Isolate Protein Powder, Amazing Taste, Made with Natural Flavors, S'Mores, 3lbs",59.27,4.5,989,4.477299114554511,1 x 3 lb,1.2347916666666667,$/oz,False,,False,,1.131084469078629,0.5145641579435186
B09KNWN14G,Live It Love It Collagen Protein Powder Chocolate with Milk Chocolate and MCT Oil | Collagen Peptides Powder with Type I and III for Skin Hair Nail Joints | Grass-Fed Hydrolyzed Collagen | 30 Servings,35.99,4.2,101,4.252038461538461,1 x 19.05 oz,1.889238845144357,$/oz,False,,False,,-0.5072534644565447,-0.0664574799854252
B0B5347P64,"Stellar Labs Whey Protein Powder with BCAA's & Whey Isolate | Certified Low FODMAP, Non GMO, Gluten Free, Low Carb, Keto, with Stevia | All Natural Lean Post Workout Shakes | Chocolate",55.95,4.3,191,4.297951004409603,1 x 32 oz,1.7484375,$/oz,False,,False,,-0.17332803361136576,0.03935954206650401
B0B3RCQFZB,"Promix Whey Protein Powder, Unflavored - 5lb Bulk - Grass-Fed & 100% All Natural - ­Post Workout Fitness & Nutrition Shakes, Smoothies, Baking & Cooking Recipes - Gluten-Free & Keto-Friendly",85.99,4.4,2827,4.395612411994786,1 x 5 lb,1.074875,$/oz,False,,False,,0.5369708425880425,0.7040582253508864
B0BN2G4VTJ,LUV&LIFE Postpartum Vitamin Supplement Powder Vanilla Flavored Has Postnatal Multivitamins Protein and Fiber with Omega 3 DHA After Birth Essentials Support & Care for Breastfeeding Moms 29.6 oz,56.0,4.6,34,4.360870161685448,1 x 29.6 oz,1.8918918918918919,$/oz,False,,False,,0.2842878026693668,-0.06837473128933319
B0BVH62M32,"GoldPro [3-Pack] - 2-in-1 Container + Funnel, Fill Water Bottles or Shakers with Your Favorite Supplements, Protein Powder Funnel Set with Carry-On Keychain, BPA Free, Secure Closures and Easy to Use.",16.99,4.4,17,4.307547252747253,,,,True,no pack size (no_size_found),False,,-0.10353378654383226,
B0948SHK92,"Species Nutrition Isolyze Whey Protein Powder, 100% Whey Isolate Protein, Whey Protein for Muscle Building, 27.5g Protein Per Scoop, No Sugar & Low Fat Protein (Coffee, 22 Servings)",51.99,4.5,697,4.469215384615384,1 x 26.4 oz,1.969318181818182,$/oz,False,,False,,1.0722908838412546,-0.12317453468364421
B079NQZNLP,"Codeage Multi Collagen Protein Powder Peptides, 2-Month Supply, Hydrolyzed, Type I, II, III, V, X Grass Fed All in One Super Bone Broth Collagen Supplement, Non-GMO, 20 Ounces",39.99,4.6,5606,4.59344678222807,1 x 20 oz,1.9995,$/oz,False,,False,,1.9758353267780007,-0.14395466798336393
B0BYFRP81C,Vegan Protein Powder with BCAA | Organic Hemp Seed Protein Gluten Free Non-GMO Dairy Free Soy Sugar Free Low Carb Plant Based Protein Powder | Berry 15 SRV 375 G | Warrior Blend by Sunwarrior,24.27,4.5,12592,4.498014676789981,1 x 375 g,1.83478113665,$/oz,False,,True,False,1.2817503353560418,-0.026496688454129984
B07C2KWBK4,"Bodybuilding Signature 100% Whey Protein Powder | 25g of Protein per Serving (Chocolate, 2 Lbs)",43.99,4.5,533,4.46151923076923,1 x 2 lb,1.3746875,$/oz,False,,False,,1.0163161691289702,0.36793400237020896
B0B9QK2DWN,"Amazing Grass Organic Plant Protein Blend: Vegan Protein Powder, New Protein Superfood Formula, All-In-One Nutrition Shake with Beet Root, Pure Vanilla, 11 Servings",18.99,4.1,809,4.125704522944867,1 x 14.3 oz,1.3279720279720277,$/oz,False,,False,,-1.426089848527767,0.4151694920975997
B00MOZWXB8,"Natural Factors VegiDay Raw Organic Plant-Based Protein, Vegan Protein Powder, French Vanilla, 2.4 Lbs",69.99,4.2,16,4.283860542335363,1 x 2.4 lb,1.8226562499999999,$/oz,False,,False,,-0.275809040428037,-0.017438149834266527
B094P22J4Y,"EarthChimp Organic Vegan Protein Powder - 26 Servings, 32 Oz - with Probiotics & Digestive Enzymes - Plant Based, Dairy Free, Non GMO, Gluten Free, Gum Free (Vanilla) No Scoop",39.99,4.6,3632,4.59000176175356,1 x 32 oz,1.2496875,$/oz,False,,False,,1.9507794297554821,0.4981812718809904
B0BTRVB88G,"InnoSupps Advanced Iso Protein | 100% Whey Isolate Protein Powder | No Artificial Sweeteners| Low Fat, Low Carbs | 25g of Protein | Hormone Free, Gluten Free, Soy Free | (Vanilla Ice Cream)",54.99,4.3,617,4.2991305613305615,1 x 31.4 oz,1.7512738853503185,$/oz,False,,False,,-0.1647490260372692,0.03714497488187472
B07TWJD83F,"Obvi Collagen Peptides, Protein Powder, Keto, Gluten and Dairy Free, Hydrolyzed Grass-Fed Bovine Collagen Peptides, Supports Gut Health, Healthy Hair, Skin, Nails (Peanut Butter Cups, 30 Servings)",34.99,3.9,3072,3.91519768869628,,,,True,no pack size (no_size_found),False,,-2.9571221313529805,
B09PQ1HZTZ,"Om Mushroom Superfood Master Blend Plant-Based Protein Powder, 19.26 Ounce, 14 Servings, Creamy Chocolate Protein with 10 Mushroom Complex, Lions Mane, Adaptogens for Optimal Health and Recovery",25.99,4.5,5267,4.495316626230912,1 x 19.26 oz,1.3494288681204567,$/oz,False,,False,,1.2621272075779166,0.3932708381319185
B0B5MZYX7Y,"Nature's Bounty Optimal Solutions Protein Powder with Vitamin C, 16 oz",22.6,4.4,23179,4.399444537609846,1 x 16 oz,1.4125,$/oz,False,,False,,0.564842184862711,0.33086152450234807
B0C6B5SJDG,"Whey Protein Powder, MuscleTech Nitro-Tech Whey Protein Isolate & Peptides, Protein + Creatine for Muscle Gain, Muscle Builder for Men & Women, Sports Nutrition, Chocolate, 2.2 lb (22 Servings)",32.99,4.5,14450,4.4982677976658625,1 x 2.2 lb,0.9372159090909091,$/oz,False,,True,False,1.2835913028182862,0.8912953853924734
B0BPBKF82P,Four Sigmatic Superfood Organic Plant-Based Vegan Protein Powder Chaga Mushroom & Ashwagandha | Supports Immune Function and Muscle Repair | Packets | Sweet Vanilla | 1.41 Oz (Pack of 10),29.99,4.4,2013,4.393940363007779,,,,True,no pack size (sources_disagree),False,,0.524809902603789,
B09TQ2R1L7,"Designer Wellness, Designer Egg, Natural Egg Yolk & White Protein Powder, Keto and Paleo Friendly, Low Calorie, Less Fat and Cholesterol, Classic Vanilla, 12.4 Ounce",22.99,4.4,889,4.3872100942535734,1 x 12.4 oz,1.8540322580645159,$/oz,False,,False,,0.47586014393414666,-0.04075700124548868
B00BCP32PM,"NutriBiotic – Chocolate Rice Protein, 3 Lb (1.36kg) | Low Carb, Vegetarian & Keto-Friendly Raw Protein Powder | Grown & Processed without Chemicals, GMOs or Gluten | Easy to Digest & Nutrient-Rich",38.93,4.1,175,4.180391326794011,1 x 3 lb,0.8110416666666667,$/oz,False,,False,,-1.028348547460571,1.0888452766686307
B00M8E2MUM,"BODYTECH Micellar Casein Protein Powder, Slow Release for Overnight Muscle Recovery - 24 Grams of Protein per Serving - Cookies & Cream (1.86 Pound)",37.99,4.3,32,4.2958491315136484,,,,True,no pack size (title_conflicting_weight),False,,-0.18861511571294357,
B0BSRF8JN7,Brown Rice Protein Powder with Bcaa & Amino Acids Raw Rice Protein Shake Gluten Free Low Carb Dairy Free | Plant Based Classic Sprouted Brown Rice Protein Powder Vanilla 375g by Sunwarrior,24.27,4.0,439,4.064513550506433,1 x 375 g,1.83478113665,$/oz,False,,False,,-1.871136464496905,-0.026496688454129984
B0051PQA2G,"Solgar Brewer's Yeast Powder, 14 oz - 2 Pack - Rich Source of Amino Acids, B-Complex Vitamins, Minerals, & Protein - Natural, Unflavored, and Unsweetened - Dairy Free, Vegetarian - 26 Servings",27.0,4.6,432,4.532354261954262,2 x 14 oz,0.9642857142857143,$/oz,False,,False,,1.5315047609214079,0.8523932417550255
B07GX3RBW6,plnt Chocolate Meal Replacement Powder - 17g of Protein Per Serving (1.2 Pound Powder),29.6,4.5,115,4.393935358758888,1 x 1.2 lb,1.5416666666666667,$/oz,False,,True,False,0.5247735063194094,0.21131190335620464
B0BX6S6CJH,Unflavored: Be Well by Kelly Vegan Protein Powder – Plant-Based Superfood Powder – Gluten Free & Keto Friendly - 20g Protein (Unflavored 30 Servings),59.99,3.2,18,4.155011456628478,1 x 29.6 oz,2.026689189189189,$/oz,False,,False,,-1.212938281547096,-0.16240756008035728
B07RWDGM1C,"Designs for Health KTO-Collagen DF Collagen Peptides Powder - MCT Oil with Collagen Protein for the Ketogenic Diet - Keto Collagen Powder Vanilla, Non-GMO - Keto Supplements (15 Servings / 600g)",67.99,3.5,16,4.203285002767017,1 x 600 g,3.2124734621145836,$/oz,False,,False,,-0.8618410936179035,-0.7917473867012544
B08P2RC48B,Puori Whey Protein Powder Bundle - Dark Chocolate and Bourbon Vanilla - PW1 Pasture-Raised Grass-Fed Non-GMO - 100% Natural and Pure for Muscle Growth - 21g Protein,102.58,3.6,10,4.242530942741469,1 x 63.5 oz,1.6154330708661417,$/oz,False,,False,,-0.5764023747982064,0.14745540135740912
B09WPCGK6P,"Nature Zen Organic Rice Protein Powder- Plant Based, Sugar & Gluten Free, No Soy & Peanuts (Pure Cacao, 16 oz)",32.95,4.1,31,4.255562437562437,,,,True,no pack size (sources_disagree),False,,-0.4816233176925794,
B0BCH2VF79,"Genepro Unflavored Plant Based Protein Powder - Lactose-Free, Gluten-Free, & Non-GMO Pea Protein Supplement Shake (30 Servings)",38.0,3.5,62,4.028414137214137,1 x 11.6404 oz,3.264492629119274,$/oz,False,,False,,-2.133690254443165,-0.8136934622590912
B0C61C2TTK,"Plant Based Protein Powder | Purely Inspired Organic Protein Powder | Vegan Protein Powder for Women & Men | 22g of Plant Protein | Pea Protein Powder | Decadent Chocolate, 1.3 lb (16 Servings)",17.97,4.3,14642,4.299956425017584,,,,True,no pack size (title_conflicting_weight),False,,-0.158742456366705,
B09NCH7HLL,"PlantFusion Complete Meal All Plant Based Pea Protein Powder Bundle, Meal Replacement Shake, Vegan, Gluten Free, No Sugar, Vanilla 2 LB and Chocolate 2 LB",100.78,5.0,3,4.311560439560439,1 x 2 lb,3.149375,$/oz,False,,False,,-0.07434557234675694,-0.7646451297987611
B0BR79M181,"Dymatize Elite Casein Protein Powder, Slow Absorbing with Muscle Building Amino Acids, 100% Micellar Casein, 25g Protein, 5.4g BCAAs & 2.3g Leucine, Helps Overnight Recovery, Smooth Vanilla, 4 Pound",80.17,4.6,7350,4.594976129450638,,,,True,no pack size (title_conflicting_weight),False,,1.9869583859307272,
B0848TCVMY,Further Food Chocolate Collagen Peptides Protein Powder Plus Reishi Mushroom,49.99,4.4,19,4.30884940411701,1 x 22 oz,2.2722727272727274,$/oz,False,,False,,-0.09406314018054975,-0.3186735660373394
B0B96BY8KG,TRULEAN Grass Fed Whey Isolate Protein Powder This Tastes Like Dessert Strawberries & Cream - 30 Servings,59.99,4.1,25,4.261869022869023,1 x 30 oz,1.9996666666666667,$/oz,False,,False,,-0.4357550410960498,-0.1440685447186465
B0BX5W693Q,"Premier Protein Powder Plant Protein, Vanilla, 25g Plant-Based Protein, 0g Sugar, Gluten Free, No Soy or Dairy Ingredients, 15 Servings",23.99,3.9,163,4.069778375470683,,,,True,no pack size (sources_disagree),False,,-1.8328449904340136,
B005P0HRU6,"Source Naturals Pea Protein Power Plant-Based Protein Powder - Easy To Digest, Bioavailable, Non-Dairy, Vegan, Non-GMO, Gluten Free, Sugar Free, Unflavored - 16oz",17.98,3.9,252,4.029484307692308,1 x 16 oz,1.12375,$/oz,False,,False,,-2.125906822821785,0.6433058975197989
B079VSN7FV,"Green Regimen Elite Protein - Organic Plant Based Protein Powder, Chocolate, 25 Grams of Pea and Hemp Protein, Meal Replacement Protein Shake, USDA Organic, Non-GMO, Dairy-Free - Vegan - 30 Servings",59.99,4.3,381,4.298723443223443,,,,True,no pack size (sources_disagree),False,,-0.1677100271237494,
B0BM517WGV,"100% Whey Protein Powder | #1 Rated w/ 24g Protein, Digestive Enzymes, 0 Added Sugar or Fillers, Isolate + Concentrate | Build Muscle, Recover Quicker (Gluten Free, Keto Friendly) - Cinnamon Crunch",44.99,4.8,322,4.660351944684528,1 x 32 oz,1.4059375,$/oz,False,,False,,2.4624416831661224,0.3372238730101153
B07RZLW5JW,"MusclePharm Combat 100% Whey, Muscle-Building Whey Protein Powder, Cappuccino, 5 Pounds, 73 Servings",84.99,4.6,1814,4.5806177673642825,1 x 5 lb,1.0623749999999998,$/oz,False,,False,,1.8825289218652346,0.7200396466768807
B07FRJ7BHF,"Intentionally Bare Bone Broth Protein Powder – 20 Grams Protein - Collagen Types 1, 2 & 3 - Grass-Fed, Pasture Raised Cows - Dairy Free – Unflavored - 20 Servings",29.99,4.1,217,4.170460633484162,,,,True,no pack size (sources_disagree),False,,-1.1005752383539396,
B09JGJ791D,"USN Supplements USN Supplements BlueLab 100 Percent Whey Protein Powder Molten Chocolate - Keto Friendly, Low Carb and Low Calorie, 4.5 Pound (Pack of 1), B01LCWIJJ8",65.99,4.5,166,4.412652648389673,1 x 4.5 lb,0.9165277777777777,$/oz,False,,False,,0.6609057833260574,0.9217915604867937
B0159DIX3I,"Biopharma Scientific NanoPro Immune Undenatured Whey Protein Powder | Vanilla Bean Flavor | 30 Servings | Colostrum, Iron, Calcium, Grass Fed Cows, Proline Rich Polypeptides",69.95,4.6,116,4.44291470872224,,,,True,no pack size (no_size_found),False,,0.8810040593718167,
B0BF17FN4B,"NaturesPlus SPIRU-TEIN Shake - Strawberry - 2.4 lbs, Spirulina Protein Powder - Plant Based Meal Replacement, Vitamins & Minerals For Energy - Vegetarian, Gluten-Free - 32 Servings",46.95,4.6,521,4.54170281892021,1 x 2.4 lb,1.2226562500000002,$/oz,False,,False,,1.5994975297252705,0.5280578148169349
B09QZ5FYGN,"Summit Supplements Vegan Protein New Vegan Pro-20 Organic Plant Based Powder, Chocolate - 20g of Protein, Low Carbs, Fiber, Gluten Free, Soy Free, Non Dairy, Non-GMO, 2 Lb (Packaging May Vary)",39.99,5.0,1,4.300456575682382,,,,True,no pack size (sources_disagree),False,,-0.15510482238291304,
B0C4Z5B2B7,"Quest Nutrition Protein Powder, Vanilla Milkshake, 1.6 Pound",32.68,4.4,39195,4.399670802568407,1 x 1.6 lb,1.2765624999999998,$/oz,False,,False,,0.566487827187174,0.4691113213537105
B08W24DM2M,"BioTrust Ageless Multi Collagen Protein a 5-in-1 Collagen Powder, 5 Collagen Types, Hydrolyzed Collagen Peptides, Grass-Fed Beef, Sustainable Fish, Chicken and Eggshell Membrane (Unflavored - 3 Pack)",89.0,4.4,5011,4.397478888855594,1 x 24.12 oz,3.6898839137645107,$/oz,False,,False,,0.5505458713477702,-0.981044605937113
B09V3MB9V4,"Regenos Joint Health, 90 Day Supply, Collagen Peptides Powder Supplement, Hydrolyzed Collagen, Unflavored Collagen, Protein, Gluten Free, Kosher (3 Pack)",63.99,4.4,16,4.306882125069175,1 x 15.8733 oz,4.031297839768668,$/oz,False,,False,,-0.10837131094522442,-1.101947446522233
B072MLG4QS,"Rawfusion 2lbs- Raw Plant Based Protein Powder, Natural Chocolate - 21g of Protein, Vegan, Low Net Carbs, Gluten Free, Lactose Free, Soy Free, Non-GMO",33.99,4.4,863,4.386872835075675,1 x 2 lb,1.0621875,$/oz,False,,False,,0.4734072321753185,0.7202807968197289
B09BRF37T6,"JAKTRX PRO Recovery – Post-Workout Whey Protein Powder – Muscle Builder & Recovery Supplement – BCAA, Glutamine, Leucine, Glucosamine & MCT – 28 Servings - Peanut Butter Chocolate",39.99,4.8,9,4.329216783216783,1 x 32 oz,1.2496875,$/oz,False,,False,,0.054070363558660024,0.4981812718809904
B08PDXNQ8N,"Live Conscious Organic Pea Protein Powder - Cosmic Cacao Chocolate Flavor | Low-carb Plant-Based Vegan Protein Blend - Pea, Brown Rice, Pumpkin, Sacha Inchi | 20 Servings, 17 oz",42.99,3.9,539,3.973348361608181,1 x 17 oz,2.5288235294117647,$/oz,False,,False,,-2.534187846041398,-0.4648248376974154
B0C5R1R6MK,"SHAKESPHERE Tumbler: Protein Shaker Bottle and Smoothie Cup, 24 oz - Bladeless Blender Cup Purees Raw Fruit with No Blending Ball - Drink Powder Mix Shake Mixer for Pre Workout, Gym (Frosted White)",18.0,4.4,400,4.375251654655097,,,,True,no pack size (no_size_found),False,,0.38888549941565853,
B01HBPZQSW,Amazing Formulas Whey Protein Isolate Powder 2 lbs 27g Protein Per Serving - Clean & Pure Unflavored 90% Isolate for Men & Women | Build Muscle Mass & Burn Fat Fast,34.99,4.6,14,4.325960696238068,1 x 2 lb,1.0934375,$/oz,False,,False,,0.030388594280748814,0.6806654922963505
B07SLP6G68,Massone Mass Gainer Protein Powder by NutraOne – Gain Weight Protein Meal Replacement (Gourmet Chocolate - 7 lbs.),69.99,4.2,46,4.268974055530269,1 x 7 lb,0.6249107142857142,$/oz,False,,False,,-0.3840795959081288,1.44503758269509
B004N0YTSM,"ProCel Protein Supplement Ready-To-Mix Powder, Unflavored, GH80 10oz - 1/Can",19.07,4.0,3,4.287750915750915,1 x 10 oz,1.907,$/oz,False,,False,,-0.24751405745175356,-0.07924176966590815
B07JLNB289,"ICONIC Protein Powder, Vanilla Bean - Sugar Free, Low Carb Protein Powder - Lactose Free, Gluten Free, Non-GMO, Kosher - 20g Grass Fed Whey & Casein Protein - Keto Friendly, 1 lb. Pouch (18 Servings)",34.95,4.4,1992,4.393880196399346,,,,True,no pack size (title_conflicting_weight),False,,0.524372306265465,
B09HN65FFT,Kion Clean Protein | Grass-Fed & Pasture-Raised Whey Isolate Protein Powder | Rich Chocolate | 30 Servings,64.95,4.5,126,4.39862094531974,1 x 28.5719 oz,2.273212491993882,$/oz,False,,False,,0.5588521352353926,-0.3192384960603467
B07TMRP8PT,"Manitoba Harvest Hemp Yeah! Organic Max Protein Powder, Unsweetened, 32oz; with 20g protein and 4.5g Omegas 3&6 per Serving, Keto-Friendly, Preservative Free, Non-GMO",44.35,4.2,1563,4.206913769504517,,,,True,no pack size (title_conflicting_weight),False,,-0.835448795991147,
B0B6JLYW83,GNC AMP Wheybolic Ripped | Targeted Muscle Building and Workout Support Formula | Pure Whey Protein Powder Isolate with BCAA | Gluten Free | 22 Servings | Chocolate Peanut Butter,74.99,4.6,820,4.5601872909699,1 x 42.3 oz,1.7728132387706856,$/oz,False,,False,,1.7339365066833103,0.020443793388213498
B09FLVXYCH,"SOL STRONG Collagen Peptides Protein Powder Collagen Powder Pasture-Raised, Non-GMO & Grass-Fed Hydrolyzed Collagen Peptides, Gluten-Free Certified Paleo & Keto Friendly, 10.6 oz USA",44.7,4.3,249,4.298270471464019,1 x 10.6 oz,4.216981132075472,$/oz,False,,False,,-0.17100452532548566,-1.1634706057698618
B0BYYBMDV3,"Vega Sport Premium Vegan Protein Powder Berry (19 Servings) 30g Vegan Protein, 5g BCAAs, Low Carb, Keto, Dairy Free, Gluten Free, Non GMO, Pea Protein for Women & Men, 1.8 lbs (Packaging May Vary)",41.78,4.4,9265,4.398621284127036,,,,True,no pack size (title_conflicting_weight),False,,0.5588545994067325,
B0C15LT11Q,"Solo Bone Broth Protein Collagen Powder Low Sodium, 16g Hydrolyzed Collagen Type I & III, For Healthy Skin, Nails, Hair, Joints & Digestion, Grass Fed, Non-GMO, Gluten Free, Paleo/Keto Friendly, 1 lb",32.95,4.3,27,4.2957107692307686,,,,True,no pack size (title_conflicting_weight),False,,-0.18962143516366672,
B07CHR15YC,RSN Royal 100% Isolate Protein Powder | 27g Protein Isolate | 0 Sugar | 1g Carbs | 2 lbs | 30 Servings | Chocolate,44.0,4.2,26,4.278232318017553,1 x 2 lb,1.375,$/oz,False,,False,,-0.3167435457437822,0.3676234588683013
B0BL6ZYWLY,"Optimum Nutrition Platinum Hydrowhey Protein Powder, 100% Hydrolyzed Whey Protein Powder, Flavor: Velocity Vanilla, 1.75 Pounds",68.99,4.6,704,4.554602920658542,1 x 1.75 lb,2.4639285714285712,$/oz,False,,False,,1.6933209549058208,-0.42930661930083297
B08NQ1T1V7,"Red Leaf Collagen Peptides Powder Supplement- 45 Servings- Non-GMO, Pasture Raised, Grass Fed Bovine- 9 g Protein 10g Collagen Peptides- Healthy Hair, Skin, Nail and Joint Support, Unflavored",34.0,4.0,4,4.285485160508782,1 x 454 oz,0.07488986784140969,$/oz,False,,False,,-0.26399306837350817,4.343630736950109
B002SSLC72,"Ultimate Nutrition Muscle Juice Revolution 2600 Weight Gainer, Intestinal Health, and Muscle Recovery with Glutamine, Micellar Casein and Time Release Complex Carbohydrates, Vanilla Protein Powder, 11.1 Pounds",79.99,4.3,79,4.2968149276466105,1 x 11.1 lb,0.45039414414414414,$/oz,False,,False,,-0.18159080667580046,1.8924603880479927
B076PL97T2,"fitppl Plant Based Protein Powder w/Superfoods, Ashwagandha, Reishi, Lions Mane for Optimal Health | 18G of Organic Vanilla Vegan Protein, Gluten Free, Stevia Free, Sugar Free, 20 Servings",49.99,4.5,135,4.402157423971378,,,,True,no pack size (sources_disagree),False,,0.5845732145652248,
B0719W375M,"NutraKey V-Pro, Raw Plant Protein Powder, Organic, Vegan, Low Carb, Gluten Free with with 20g of Protein (Chocolate) 2-Pound",33.9,4.4,844,4.386614907326386,1 x 2 lb,1.059375,$/oz,False,,False,,0.4715313039556639,0.7239031660581952
B00E3A9FN6,"About Time All Natural Unflavored Whey Isolate Protein, Multi-Purpose Baking Powder (Non-GMO, Gluten Free, Lactose Free, No Artificial Sweeteners, Low Carb, 24g Protein)",42.99,4.3,1376,4.299570790783599,1 x 33.1857 oz,1.295437492654969,$/oz,False,,False,,-0.1615472036030647,0.4490583198297523
B09TQ59BLR,"Designer Wellness, Designer Whey, Natural Protein Powder with Probiotics, Fiber, and Key B-Vitamins for Energy, Gluten-Free, Gourmet Chocolate 4 lb",56.99,4.4,4327,4.397091374243734,1 x 4 lb,0.89046875,$/oz,False,,False,,0.5477274479795148,0.961199775337389
B0C56D1XFV,"hemplete Hemp Vegan Protein Powder for Heart and Brain Health, Easy to Digest Chocolate Powder Drink with Plant Protein for Muscle Building and Recovery, 9 Essential Amino Acids (Chocolate, 10 Ounce)",19.99,4.4,50,4.3251827478879505,1 x 10 oz,1.9989999999999999,$/oz,False,,False,,0.024730516514995922,-0.14361298081620566
B098XWC9VJ,"Mighty Cricket Protein Powder - High Protein Flour Substitute, Gluten Free, Dairy Free, Soy Free, 100% Pure Clean Protein - Cricket Flour Made from Healthy Insect Protein (1 lb.)",69.99,3.9,7,4.273512426035503,1 x 1 lb,4.374375,$/oz,False,,False,,-0.3510716806081945,-1.2135351701589385
B07PZXTWV2,"Lifetime Lifes Basics Plant Based Protein Powder | Natural Vanilla, Vegan | Gluten Free, No Artificial Sweeteners, Flavors or Preservatives | 1.22lb",32.99,4.5,858,4.474267701717243,1 x 1.22 lb,1.6900614754098362,$/oz,False,,False,,1.1090367719908094,0.08575367994881672
B09CWNVQLL,"Nutiva USDA Organic Cold-Pressed Raw Hemp Seed Plant Protein with Hi-Fiber and Essential Amino Acids Powder, Non-GMO, Whole 30 Approved, Vegan, Gluten-Free & Keto, 30 Ounce",22.9,4.5,1119,4.479675213675214,1 x 30 oz,0.7633333333333333,$/oz,False,,False,,1.1483660194566678,1.1716728254079698
B083ZK2LF3,"Prescribed For Life Blue Spirulina Powder | Pure Vegan Superfood | Gluten Free, Natural, Non-GMO | Blue Algae Powder (Phycocyanin) | Packed with Protein, Vitamins & Antioxidants (2 oz / 56 g)",23.99,4.4,40,4.320592732420954,1 x 2 oz,11.995,$/oz,False,,False,,-0.008653016536195098,-2.591693410526373
B081N1GKBH,"PlantFusion Inspire Plant Protein Powder for Women - Low Carb Protein Powder for Lean Muscle Support - Keto, Gluten Free, Soy Free, Non-Dairy, No Sugar, Non-GMO - Creamy Vanilla Bean 1 lb",34.67,4.3,469,4.2989132016632015,1 x 1 lb,2.166875,$/oz,False,,False,,-0.166329899498695,-0.2537848714889036
B08RJB2WFM,Sparkle Joint Boost (Tropical Coconut & Pineapple) [30-Serves] FORTIGEL & TENDOFORTE Non-GMO Hydrolyzed Collagen Peptides Protein Powder & Buffered Vitamin C Supplement Drink,38.5,4.4,159,4.35410147299509,1 x 12.7 oz,3.0314960629921264,$/oz,False,,False,,0.23505861286978735,-0.7125262645324331
B073VL1Y4Y,"Beverly International UMP Protein Powder, Cookies & Cream. Unique Whey-Casein Ratio Builds Lean Muscle. Easy to Digest. No Bloat. (32.8 oz) 2lb .8 oz",46.95,4.8,6304,4.7903308877212725,,,,True,no pack size (title_conflicting_weight),False,,3.4077884629374346,
B01GW4884C,HERBALIFE QUICK COMBO FORMULA1 SHAKE MIX COOKIES WITH CREAM + PROTEIN POWDER + ACTIVE FIBER APPLE + ALOE ORIGINAL OR MANGO + SHAKER CUP + SPOON.,190.0,4.8,9,4.329216783216783,,,,True,no pack size (no_size_found),False,,0.054070363558660024,
B08NG8SSC4,"Vega One All in One Nutritional Shake French Vanilla - Plant Based Vegan Protein Powder, Non Dairy, Gluten Free, Non GMO, 29.2 Ounce (Pack of 1)",62.14,4.4,5777,4.397806205997393,1 x 29.2 oz,2.128082191780822,$/oz,False,,False,,0.5529264739187247,-0.22910403060481327
B0851N3HGG,Alani Nu Plant Based Protein Powder (Vegan) - Cinni Buns - 30 Servings,43.99,3.8,321,3.937064449064449,1 x 32 oz,1.3746875,$/oz,False,,False,,-2.798083513134368,0.36793400237020896
B00P9IV30Y,"Muscle Feast Grass-Fed Hydrolyzed Whey Protein Powder, All Natural Hormone-Free, Vanilla, 5lb",102.0,4.4,419,4.3761192165767815,1 x 5 lb,1.275,$/oz,False,,False,,0.39519534353160113,0.47078460525026794
B08R6GHMYM,"BioTrust Low Carb Natural and Delicious Protein Powder Whey and Casein Blend from Grass-Fed Hormone Free Cows, Non GMO, Soy Free, Gluten Free, Hormone and Antibiotic Free (Vanilla, 3-Pack)",93.59,4.4,178,4.356998722208025,1 x 55.8 oz,1.6772401433691757,$/oz,False,,False,,0.25613052767116007,0.09615788706468999
B09WJJMB5M,Sunwarrior Pea Protein Powder with Bcaa & Amino Acids 5 Raw Superfood Pea Protein Gluten Free Low Carb Dairy Free Vegan & Keto Friendly | Plant Based Classic Plus Protein Powder Chocolate 375g 15srv,24.27,4.3,1499,4.299603338708148,1 x 375 g,1.83478113665,$/oz,False,,False,,-0.16131048006198898,-0.026496688454129984
B0771XVW2X,"Designs for Health PurePaleo Collagen Protein Powder - 21g HydroBEEF Bone Broth Protein Supplement with Collagen Peptides + BCAAs - Chocolate, Non-GMO, Dairy-Free + Gluten-Free (30 Servings / 810g)",97.99,4.5,235,4.429487752470992,,,,True,no pack size (title_conflicting_weight),False,,0.7833487810806304,
B0BZTDL76X,"MusclePharm Combat Protein Powder, Banana Cream - 4 lb - Gluten Free - 52 Servings",69.99,4.6,16686,4.597766471258529,1 x 4 lb,1.09359375,$/oz,False,,True,False,2.00725275501023,0.6804702738733907
B07SQ41LLG,"Cellucor Whey Sport Protein Powder Vanilla | Post Workout Recovery Drink with Whey Protein Isolate, Creatine & Glutamine | 18 Servings",28.72,4.6,763,4.557625976732071,1 x 29.5 oz,0.9735593220338983,$/oz,False,,False,,1.7153078726127189,0.8393168249609944
B0B5ZD7VWP,"Garden of Life Whey Protein Powder Vanilla Flavor - 21g Certified Organic Grass Fed Protein for Women & Men + Probiotics - 12 Servings - Gluten Free, Non GMO, Kosher, Humane, RBST & rBGH Hormone Free",30.09,4.4,2130,4.394255044555977,,,,True,no pack size (sources_disagree),False,,0.5270986055374492,
B094DQG6FY,"Designs for Health WheyMeal - Grass Fed Whey Meal Supplement Shake Powder with 16g Protein, Supports Immune Health + Detox - Non-GMO + Gluten-Free, Chocolate (25 Servings / 900g)",95.99,4.3,213,4.298085164835165,1 x 900 g,3.0236341386319445,$/oz,False,,False,,-0.17235227458983143,-0.7089784461382901
B00YHMNL76,"Solgar Brewer's Yeast Powder, 14 oz - 2 Pack - Rich Source of Amino Acids, B-Complex Vitamins, Minerals, & Protein - Natural, Unflavored, and Unsweetened - Dairy Free, Vegetarian - 26 Servings",25.82,4.6,433,4.532475926950747,2 x 14 oz,0.9221428571428572,$/oz,False,,False,,1.532389639732939,0.9134468923240741
B08Q18LLL2,"Vega Protein & Greens Bundle, Chocolate + Vanilla (25 Servings Each) - Plant Based Protein Powder, Keto-Friendly, Gluten Free, Non Dairy, Vegan, Non Soy, Non GMO, Lactose Free",57.0,4.5,1029,4.47808733974359,1 x 56 oz,1.0178571428571428,$/oz,False,,False,,1.1368172910790337,0.7785246505657215
B077XWMWQL,"No Udder Protein Dairy Free Vegan Soy Free Protein Powder, Vanilla Delight",36.5,4.4,201,4.360051282051282,1 x 19.33 oz,1.8882565959648216,$/oz,False,,False,,0.27833202854862754,-0.06574696458194765
B008U7MM8I,"Growing Naturals | Vanilla Rice Powder 15g Plant Protein | 2.8G BCAA, Low-Carb, Low-Sugar, Non-GMO, Vegan, Gluten-Free, Keto & Food Allergy Friendly | Vanilla Blast (1 Pound (Pack of 1))",32.99,4.3,311,4.298517546969159,,,,True,no pack size (title_conflicting_weight),False,,-0.16920752630635796,
B07FW3BQD1,"NutraBio Muscle Matrix Protein Powder - 25g of Protein Per Scoop - Whey Isolate and Micellar Casein Combo for Fast and Slow Release - Chocolate - 2 Pounds, 28 Servings",49.99,4.6,499,4.53964086074697,1 x 2 lb,1.5621875,$/oz,False,,False,,1.5845007504504591,0.19324616254901228
B07JZTFNTT,"Ensure Original Nutrition Powder with 9 grams of protein, Meal Replacement, Vanilla,14 Ounce (Pack of 3)",190.0,4.6,1281,4.573259697567389,,,,True,no pack size (title_conflicting_weight),False,,1.8290131182641889,
B0BSNYFKHH,"MTN OPS Collagen Protein Powder On-The-Go Packs, 30 Packs per Bag of Unflavored, Highly Digestible Protein with 9g of Protein per Serving",54.95,4.4,27,4.313710769230769,,,,True,no pack size (sources_disagree),False,,-0.05870606042428384,
B0BG6DDW5F,"Clear Naked Whey Isolate Protein Powder, Grape Flavor, 100% Iso Protein Powder, No GMOs or Artificial Sweeteners, Gluten-Free, Soy-Free - 30 Servings",44.99,3.5,90,3.958951245937161,1 x 20.8 oz,2.162980769230769,$/oz,False,,False,,-2.6388991678879377,-0.2513273114700099
B089N961KT,"Chocolate Collagen Peptide Powder With A Hint Of Creamy Coconut Milk - Sweetened With Stevia - High Protein & Low Carb - Keto & Paleo Friendly - All Natural, Non GMO & Gluten Free - Bulk 5 lb",89.99,3.8,12,4.250789743589744,1 x 5 lb,1.1248749999999998,$/oz,False,,False,,-0.5163354854676652,0.641938825842354
B0841ZDBGV,"Piping Rock Multi Collagen Protein Powder | Unflavored 16 oz | 10,000mg Peptides Complex | Type i, ii, iii, v, x",22.99,4.3,18,4.295436988543371,1 x 16 oz,1.436875,$/oz,False,,False,,-0.19161266301294616,0.3074859996483342
B002SSOXSM,"Ultimate Nutrition Muscle Juice Revolution 2600 Weight Gainer, Intestinal Health, Muscle Recovery with Glutamine, Micellar Casein and Time Release Complex Carbohydrates, Banana Protein Powder, 11.1 Pounds",79.99,3.7,37,4.1572288461538465,1 x 11.1 lb,0.45039414414414414,$/oz,False,,False,,-1.1968110381772756,1.8924603880479927
B07YMK6GQG,H.V.M.N. Keto Collagen+ Protein Powder: Collagen Supplement with Collagen Peptides & MCT Powder - Keto Diet Approved - 25 Servings (Vanilla),43.95,4.3,1578,4.299621760955094,1 x 14.11 fl oz,,,True,non-dominant dimension (volume),False,,-0.16117649365296463,
B0BGNKVBVS,Smarter Blender Cup (Not a Shaker Bottle) – For protein Shakes collagen powder Post work out – Boost your health with our easy-use water bottle for work out sports & outdoors Vitamin and Supplements,12.99,4.0,103,4.160427501701838,,,,True,no pack size (no_size_found),False,,-1.1735469720813054,
B0BP9HJQQQ,"Growing Naturals | Vanilla Raw Pea Powder 15g Plant Protein | 2.8G BCAA, Low-Carb, Low-Sugar, Non-GMO, Vegan, Gluten-Free, Keto & Food Allergy Friendly | Vanilla Blast (16.7 Ounce (Pack of 1))",20.98,4.4,413,4.375851894374283,,,,True,no pack size (title_conflicting_weight),False,,0.3932510887362542,
B07NPCZ172,"ALLMAX Nutrition - Classic Allwhey Protein Powder, 100% Whey Protein Source, 30 Grams of Protein, Gluten Free, 0 Grams of Trans Fat, Chocolate Peanut Butter 5 Pound",59.99,4.5,435,4.4547609594706365,,,,True,no pack size (title_conflicting_weight),False,,0.9671627458153147,
B0BZB351Z6,"Natreve MOOLESS Animal Free Whey Protein Powder - 20g Lactose Free, Protein Powder with Amino Acids - Strawberry Shortcake, 10 Servings",19.99,4.1,108,4.203708291708291,,,,True,no pack size (sources_disagree),True,False,-0.8587624808195741,
B0BP4X1D7X,"BlenderBottle Shaker Bottle with Pill Organizer and Storage for Protein Powder, ProStak System, 22-Ounce, Rose Pink",15.05,4.7,4224,4.688533842968625,,,,True,no pack size (no_size_found),False,,2.6674107817622104,
B087QPN9KP,BulkSupplements.com Pumpkin Powder - Dog Pumpkin Powder - Pumpkin Powder for Dogs - Pumpkin Protein - Pumpkin Seed Powder - Powdered Pumpkin (1 Kilograms - 2.2 lbs),27.96,4.3,28,4.295739174732552,1 x 1 kg,0.7926526665750001,$/oz,False,,False,,-0.189414839779741,1.1201789504522996
B083WBY8ZC,"Garden of Life Grass Fed Collagen Creamer Powder - Creamy Vanilla, 12 Servings, Collagen Powder for Coffee Energy Beauty Joints, Collagen Peptides Powder, Coconut MCTs, Collagen Protein Supplements",29.39,4.3,709,4.299226701183432,,,,True,no pack size (no_size_found),False,,-0.16404979354471597,
B071XDKNQC,"Propello Life Vegan Protein Powder - Parent (Dirty Chocolate, 15 Servings)",39.99,3.6,14,4.22377091521617,,,,True,no pack size (no_size_found),False,,-0.7128454877757364,
B099NXRJYB,"Plant Based Protein Powder Chocolate - Lactose & Dairy Free Protein Powder - Vegan Protein Shake Meal Replacement with Fava, Mung, Rice & Pea Protein, Low Carb, Keto, Sugar & Gluten Free, 21g",27.99,4.0,5109,4.006929781227947,,,,True,no pack size (sources_disagree),False,,-2.289947616385734,
B07KC7MXJ5,"MEND Repair & Recover - Joint, Wound and Bone Fracture Healing Supplement, Injury and Surgery Recovery Natural, Non-GMO - Citrus Protein Powder, 30 Servings",69.0,4.2,368,4.2237405608647975,1 x 29.52 oz,2.3373983739837394,$/oz,False,,False,,-0.713066257291567,-0.35728062945579037
B07YD5WR26,"NOW Sports Nutrition, Soy Protein Isolate 20 g, 0 Carbs, Unflavored Powder, 2-Pound",24.7,4.3,825,4.2993213242453745,,,,True,no pack size (title_conflicting_weight),False,,-0.1633615927884291,
B08T617HLH,Keto Cycle Low Carb Protein Powder MCT Oils & Electrolytes Powder - Keto Vanilla Collagen Powder - Keto Protein Powder - Gluten Free Keto Collagen Peptides in Keto Shake & Coffee (20 Servings),44.99,4.4,286,4.368353582847471,1 x 10.4 oz,4.325961538461538,$/oz,False,,False,,0.33871529632263,-1.1983300334861744
B087N1DY56,"Ancient Nutrition Plant Based Protein Powder, Plant Protein+, Chocolate, Organic Vegan Superfoods Supplement, 15g Protein Per Serving, Gluten Free, Paleo Friendly 12 Serving",38.21,4.3,683,4.299201756060317,1 x 12.5 oz,3.0568,$/oz,False,,False,,-0.16423122133030457,-0.723882923831505
B09N7S4P3S,"Keto Cocoa | Keto Hot Chocolate Drink Mix Powder - Sugar Free, Low Carb with Protein and MCT Oil Powder",23.98,4.2,549,4.217346153846154,,,,True,no pack size (no_size_found),False,,-0.7595732679072268,
B00LLLP6HY,"Piping Rock Pea Protein Powder | 24 oz | Unflavored Isolate | Vegan, Non-GMO Supplement",19.99,3.1,13,4.18056334841629,1 x 24 oz,0.8329166666666666,$/oz,False,,False,,-1.0270974210636847,1.0524840395084663
B076CR8GT8,"FREZZOR 100% Grass-Fed Whey Vanilla Protein Powder with UAF1000+, Keto Friendly, 21g Protein, BCAAs & EAAs, GMO-Free, rBGH-Free, No Added Sugar/Preservatives, Made in New Zealand, 600 Grams, 1 Count",44.99,3.7,4,4.276036341611144,,,,True,no pack size (sources_disagree),False,,-0.33271504986399386,
B06ZXXYFGM,"Natural Force Grass Fed Organic Whey Protein Powder – Non GMO Verified, Humane Certified & Lab Tested for Toxins – Pure & Unflavored – Keto Friendly, Low Carb, and Kosher – 16 Ounce A2 Protein",37.99,4.3,1517,4.299607692307692,1 x 16 oz,2.374375,$/oz,False,,False,,-0.161278816000002,-0.3787247166722943
B0C12DGZVS,"Optimum Nutrition Platinum Hydrowhey Protein Powder, 100% Hydrolyzed Whey Isolate Powder, Flavor: Velocity Vanilla, 3.5 Pounds (Packaging May Vary)",85.44,4.7,9480,4.694809602768366,1 x 3.5 lb,1.5257142857142856,$/oz,False,,False,,2.7130548620931774,0.22552266886768435
B0B8VS179N,Bwana Butter Organic Blue Spirulina Powder Phycocyanin Food Coloring a Powerful Protein Antioxidant Superfood with Immunity Support & Recipes > Collectible Mermaid Spoon Inside > 43 Servings (1.5 oz.),19.99,4.4,58,4.3284895877603065,1 x 1.5 oz,13.326666666666666,$/oz,False,,False,,0.04878141546458433,-2.735526848556192
B005LAU31A,"Ultimate Nutrition Waxy Maize, Zero Sugar Carbohydrate Powder, Unflavored Protein Powder, Muscle Mass Gainer, Post Workout Recovery Drink, 3 Pound, Natural",24.99,4.4,8,4.30119553728714,1 x 3 lb,0.520625,$/oz,False,,False,,-0.1497302981937536,1.6944832942513255
B08B3L8C6D,Nutricost Organic Whey Protein Powder (Unflavored) 1 LB - Non-GMO,34.95,4.0,47,4.213274208144796,1 x 1 lb,2.184375,$/oz,False,,False,,-0.7891888399856524,-0.2647744773266515
B0C44LGQJF,Magnum Nutraceuticals - Vegan Quattro Plant-Based Protein Powder Isolate- Vanilla 2lb - 4 Protein Sources,49.99,4.3,30,4.295794871794872,1 x 2 lb,1.5621875,$/oz,False,,False,,-0.18900975079166055,0.19324616254901228
B08TRN6GLV,"Puori Whey Protein Powder - Dark Chocolate - PW1 Pasture Raised, Grass-Fed & Non-GMO - 100% Natural and Pure for Muscle Growth - 21g Protein 1.98lbs - Gluten-Free",59.99,4.4,693,4.3841380090497735,1 x 1.98 lb,1.8936237373737375,$/oz,False,,False,,0.45351663361821487,-0.06962481728394676
B0929JHHC3,"NaturesPlus SPIRU-TEIN Shake - Peaches & Cream Flavor - 2.2 lbs, Spirulina Protein Powder - Plant Based Meal Replacement, Vitamins & Minerals for Energy - Vegetarian, Gluten-Free - 30 Servings",46.95,4.3,59,4.296464919695689,1 x 2.2 lb,1.3338068181818181,$/oz,False,,False,,-0.1841364412345052,0.40917972778643075
B087N9YVY3,"Himalaya Organic Ashwagandha Powder, Adaptogenic Superfood for Protein Shakes & Smoothies, 7.9 oz, 3 Month Supply",19.95,4.4,67,4.331876923076923,1 x 7.9 oz,2.5253164556962022,$/oz,False,,False,,0.07341776392807042,-0.46292877165785384
B09TRXCBZM,"F-Factor Unflavored Plant Based (Vegan), Multi-Purpose Flour for Cooking and Baking | 20g of Protein & Fiber |2 Net Carbs Keto Protein, All Natural, No Added Sugar, Soy Free, Gluten Free Powder",49.99,3.9,36,4.205387518142236,1 x 28.48 oz,1.7552668539325844,$/oz,False,,False,,-0.8465493387155664,0.03403345232465946
B0758FYTHW,"Large Powder Supplement Funnel - Best Convenient, No Mess Protein Accessory, Easier Fill N Go Scoops (1, 230ML)",9.95,4.5,133,4.4013930288461545,1 x 230 ml,,,True,non-dominant dimension (volume),True,True,0.5790137104392483,
B01KXRZPPE,Perfotek Collagen Powder for Women Men Types I & III Unflavored Easy to Mix Hydrolyzed Protein Peptides Non-GMO Grass-Fed Gluten-Free Kosher Pareve Healthy Hair Skin Joints and Nails (1Lb),26.99,4.5,6276,4.496055104763966,1 x 1 lb,1.686875,$/oz,False,,False,,1.2674982183496757,0.08833204004441518
B09VD4NZ6W,"Designer Wellness Designer Whey Natural 100% Whey Protein Powder with Probiotics , Fiber, and Key B-Vitamins for Energy, Gluten-free, Non-GMO, Gourmet Chocolate 12 oz",19.99,4.4,614,4.382437741363114,1 x 12 oz,1.6658333333333333,$/oz,False,,False,,0.441150456876202,0.10548131749230169
B07B8JVWVC,Know-How Foods 100% Pure Faba Bean Protein Powder (5 lb. Bulk),45.99,5.0,1,4.300456575682382,1 x 5 lb,0.574875,$/oz,False,,False,,-0.15510482238291304,1.5590583990786455
B07YD5WR2D,"NOW Sports Nutrition, Whey Protein Concentrate, 24 g With BCAAs, Unflavored Powder, 1.5-Pound",21.0,4.2,730,4.213665434214086,,,,True,no pack size (title_conflicting_weight),False,,-0.7863434229040461,
B0BQ1PFPGJ,"Whey Fantastic Unflavored - 100% Natural Grass Fed Whey Protein Powder - Unique 3-Whey Blend of Whey Isolate, Concentrate & Hydrolysate Provides 25g of Protein per Serving - 5lb - 72 Servings",76.4,4.6,430,4.53210961190708,1 x 5 lb,0.9550000000000001,$/oz,False,,False,,1.5297254024432518,0.8656133446812768
B0916BTXFH,"UCAN Energy + Plant Protein Powder - Vegan Plant Based Protein 20g Pea Protein with Amino Acids EAAs & BCCAs - Keto Protein Powder - No Added Sugar, Gluten-Free - Vanilla - 12 Servings",54.95,4.7,170,4.529886059333158,,,,True,no pack size (sources_disagree),False,,1.5135533347506045,
B08KJKMRJV,"Form Superblend Protein - Vegan Protein Powder with Superfoods, Vitamins and Minerals (Chocolate Salted Caramel)",39.0,3.9,43,4.192509731232622,1 x 18.34 oz,2.1264994547437297,$/oz,False,,False,,-0.9402104664425611,-0.22808752989805806
B0844LBJDD,"Multi Collagen Hydrolyzed Protein Powder (16oz) - Types I, II, III, V & X - Grass Fed Bovine (Peptan®), Wild Caught Marine, Free Roaming Chicken & Eggshell Collagen Peptides, Non-GMO, GF.",27.99,4.5,9013,4.4972369325070725,1 x 16 oz,1.749375,$/oz,False,,False,,1.276093741786688,0.038627172104844204
B00FB3H3BA,"Simply tera's Organic whey Protein Powder, Plain unsweetened",34.31,4.2,493,4.218923076923077,1 x 12 oz,2.859166666666667,$/oz,False,,False,,-0.7481041859321937,-0.6325658730737126
B0C66GB1Z5,"Yogi Super Foods Maca Protein Bars with Cacao for Healthy Energy - Raw, Vegan, Gluten Free, Low Glycemic Superfood Snack Food Bars with Plant Protein, Cocoa Powder & Granola - 4 Bars",10.99,5.0,3,4.311560439560439,1 x 4 ct,,,True,non-dominant dimension (count),False,,-0.07434557234675694,
B01EYUAKII,"Beneprotein Instant Protein Powder, Unflavored, 8 OZ",107.21,4.7,18,4.346500818330606,,,,True,no pack size (sources_disagree),False,,0.17977847099947722,
B07MDHP5XN,"Avant Grub Eco-Friendly, Wax Free White rolled rim paper Cone Drinking Cup 250Pk for Shaved Ice, Office Water Coolers, Sports Teams, Disposable Craft Funnels for Oil or Protein Powder Drinks, 4.5 Oz",22.82,4.4,884,4.387146589259798,1 x 250 ct,,,True,non-dominant dimension (count),False,,0.4753982672642602,
B08LMJG6F4,"Carlyle Pea Protein Powder 7lb | Unflavored | 29G Protein | Non-GMO, Gluten, and Soy-Free | Vegetarian Protein Powder",44.99,4.2,325,4.226019230769231,1 x 7 lb,0.40169642857142857,$/oz,False,,True,False,-0.6964933170445514,2.0487939038479794
B08TWHCTCH,"BBfL Weight Loss Meal Replacement Shakes, 15g Protein, Vegan Plant Based Protein Powder, Apple Cider Vinegar, ﻿Digestive Enzymes, All in One Shake for Women & Men (15 Servings, Cocoa Cream)",39.99,4.3,45,4.296170329670329,,,,True,no pack size (no_size_found),False,,-0.18627901698808402,
B0BZR984P4,"Dymatize ISO 100 Whey Protein Powder with 25g of Hydrolyzed 100% Whey Isolate, Chocolate Peanut Butter, 5 Pound",94.77,4.7,18225,4.69728344317553,,,,True,no pack size (title_conflicting_weight),False,,2.7310472923125793,
B0BSVF7X1N,"Derby Fit Elite Recovery Protein Clean, Naturally Flavored, Low Carb Recovery Protein Powder for Women & Men - Gluten Free, Non GMO, Dairy Free - Pineapple - 20 Servings (Pack of 1)",59.99,5.0,20,4.3934029047875205,1 x 19.189 oz,3.1262702590025535,$/oz,False,,False,,0.5209009279197936,-0.7545850727800977
B00HJC3L6W,"Eat the Bear Naturally Grass Fed Whey Protein Powder, Chocolate",34.99,4.4,82,4.336861538461539,1 x 25.6 oz,1.366796875,$/oz,False,,False,,0.10967125231744454,0.37579871014454047
B003145HQY,"NutriBiotic Certified Organic Plain Rice Protein, 21 Ounce | Low Carbohydrate Vegan Protein Powder | Raw, Certified Kosher & Keto Friendly | Made without Chemicals, GMOs & Gluten | Easy to Digest",23.23,4.4,305,4.369758447160317,1 x 21 oz,1.1061904761904762,$/oz,False,,False,,0.34893298176564286,0.664823020509243
B09HFTF15Q,"Iconic Immunity Coffee Protein Powder, Vanilla - Keto Coffee with Vitamin D3, Vitamin C, Zinc, MCT Oil (1g), Pea Protein Powder (10g) - 200mg Caffeine - Sugar Free, Gluten Free, Dairy Free - 8oz. Tub",14.99,4.3,40,4.296052855120339,,,,True,no pack size (title_conflicting_weight),False,,-0.18713341836220995,
B0BG3F1Y2Y,"BSN TRUE-MASS Weight Gainer, Muscle Mass Gainer Protein Powder, Strawberry Milkshake, 10.25 Pound",82.99,4.5,5928,4.495828229281873,1 x 10.25 lb,0.5060365853658536,$/oz,False,,False,,1.2658481356409346,1.7333131502806172
B01H0J4N2O,"Genepro Unflavored Protein Powder - Lactose-Free, Gluten-Free, & Non-GMO Whey Isolate Supplement Shake (3rd Generation, 60 Servings)",61.0,4.4,8533,4.398504692165506,1 x 18.4 oz,3.315217391304348,$/oz,False,,False,,0.5580066171658841,-0.8347592464938932
B01N5GA656,"Raw Barrel Unflavored Whey Protein Powder - 2lb Pure, Instantized Concentrate Supplement - High Protein, Low Carb & Natural - Includes Digital Guide and Recipe Book",39.99,4.3,342,4.298616377171216,,,,True,no pack size (title_is_kit),False,,-0.16848872669870044,
B085CM9GW3,"Dr Amy Myers Bone Broth Collagen Powder - Type II Collagen Protein Powder from Organic Chicken Bone Broth - Supports Hair, Skin, Nails, Bones & Joints Health - Keto Friendly, 20 Servings (Chicken)",66.97,4.0,163,4.12677138246369,1 x 16.93 oz,3.9556999409332545,$/oz,False,,False,,-1.4183304977666011,-1.0760834940908055
B0BW4NDVWH,"Vega Protein and Greens Vegan Protein Powder Chocolate (25 Servings) - 20g Plant Based Protein Plus Veggies, Vegan, Non GMO, Pea Protein for Women and Men, 1.8lb (Packaging May Vary)",30.0,4.5,27517,4.49908670822665,,,,True,no pack size (title_conflicting_weight),False,,1.2895473018707038,
B00PJUN04E,"swiig Lo-Carb Whey Protein Powder, Chocolate, Isolate, No Artificial Flavors, Colors or Sweeteners, No Fillers, 2.2 Pound Bag",61.99,4.4,26,4.313131646876614,1 x 2.2 lb,1.7610795454545454,$/oz,False,,False,,-0.06291806153618382,0.029516538741149338
B0C3CXBSBZ,"KOS USDA Organic Blue Spirulina Powder, Phycocyanin - Vegan Algae Superfood - Natural Food Coloring for Smoothies & Protein Drinks, Plant Based, Non GMO - 27 Servings",32.99,4.4,3784,4.396687129609577,,,,True,no pack size (no_size_found),False,,0.5447873458813455,
B0C67LQ5G6,"Orgain Organic Protein + Superfoods Powder, Vanilla Bean - 21g of Protein, Vegan, Plant Based, 5g of Fiber, No Dairy, Gluten, Soy or Added Sugar, Non-GMO, 2.02lb",23.92,4.6,28477,4.598687294244217,1 x 2.02 lb,0.7400990099009901,$/oz,False,,False,,2.0139499709124533,1.213904322924576
B0C34DSQDC,"Left Coast Performance Bone Broth Protein Powder Vanilla 16oz, Grass Fed, Non-GMO Ingredients, Gut-Friendly*, Dairy Free Protein Powder, Low Carb, Keto Friendly",31.99,4.3,530,4.299014724938155,1 x 16 oz,1.999375,$/oz,False,,False,,-0.16559151296617478,-0.14386925420253766
B07CLLTFJH,STACKER 2 Not Just Protein Muscle Growth and Regeneration Active Probiotics Whey Protein Powder Double Dutch Chocolate (1lb Bag),29.99,4.2,29,4.276688259109312,1 x 1 lb,1.874375,$/oz,False,,False,,-0.32797360411000653,-0.055665922351547915
B01D1V5YXM,"Dr. Joe's Super Greens - Mint Flavor - Vegan, Green, Superfood Powder with Rice Protein",36.99,4.3,39,4.29602849002849,1 x 16 oz,2.311875,$/oz,False,,False,,-0.18731062753609723,-0.34227987418775135
B088C28QW7,"3-in-1 Protein Funnel Powder Device, Protein Powder Containers to Go, and Powder Mixer, Tight-Lock Containers for Protein Powder and Pre Workout Powder, Pack of 4, 150cc, Black - PowderJet",12.0,4.2,45,4.269384615384615,,,,True,no pack size (no_size_found),False,,-0.38109356273120687,
B0C58BHJZH,"Bloom Nutrition Whey Isolate Protein Powder, Iced Coffee - Pure Iso Post Workout Recovery Drink Blend, Smoothie Mix with Digestive Enzymes for Gut Health - Low Carb, Keto & Zero Sugar Added",47.99,4.3,224,4.2981458656617155,1 x 29.12 oz,1.6480082417582418,$/oz,False,,False,,-0.17191079284233649,0.12017937620814241
B0B1G63JGP,"Anabolic Warfare Black Series Maniac, Pre-Workout Powder, Supports Nitric Oxide, Muscle Pumps, and Protein Synthesis*Apple Ambush",49.99,4.3,21,4.295532051282051,1 x 13.6863 oz,3.6525576671562074,$/oz,False,,False,,-0.19092126445416607,-0.9671536119150096
B0BM3F62MP,Unflavored Whey Protein Isolate Cold-Filtration - 100% Whey Protein Powder - 27g Protein per Serving - Mixes Easily and Tastes Great - Third Party Tested - Unflavored / Unsweetened - 5lbs.,89.99,4.5,67,4.36714008097166,1 x 5 lb,1.1248749999999998,$/oz,False,,False,,0.32988940449936666,0.641938825842354
B09PW5VW8Q,"Orgain Organic Protein & Greens Vegan Protein Powder, Creamy Chocolate Fudge - 21g of Plant Based Protein, Gluten Free, Non-GMO, 1.94 Lb, 1 Count (Packaging May Vary)",30.99,4.6,4534,4.591938289754051,,,,True,no pack size (title_conflicting_weight),False,,1.9648639458042367,
B075FXM8B9,"AMPLIFY NDS Nutrition Smoothie Premium Whey Protein Powder Shake with Added Greens and Amino Acids - Build Lean Muscle, Gain Strength, Lasting Energy, and Lose Fat - Vanilla (30 Servings)",54.99,4.7,168,4.5287168913560665,1 x 30.4 oz,1.8088815789473687,$/oz,False,,False,,1.5050498867587017,-0.007073646187162436
B08FWG2NKD,"Orgain Bundle - Chocolate Protein Powder and Chocolate Chip Cookie Dough Protein Bars (12 Count) - Made without Gluten, Non-GMO",44.98,4.3,26,4.295681982447083,,,,True,no pack size (sources_disagree),False,,-0.18983080363998625,
B0B3MGS1S7,"EHPlabs Aqua Hydrolyzed Collagen Peptides Powder - 10g of Protein per Serving, Hydration & Gut Health Support, Grass Fed Pasture-Raised Bovine Collagen, Type I & III, 24 Servings (Watermelon Wow)",34.95,4.6,86,4.420366580787633,1 x 10.4 oz,3.3605769230769225,$/oz,False,,False,,0.7170098028034523,-0.8533256618067766
B0B6D81PY8,"Amazing Muscle 100% Whey Protein Powder *Advanced Formula with Whey Protein Isolate as a Primary Ingredient Along with Ultra Filtered Whey Protein Concentrate (Vanilla, 5 lb)",49.99,4.0,266,4.093204666798497,1 x 5 lb,0.6248750000000001,$/oz,False,,False,,-1.6624637844376462,1.445115666716987
B08127QV5W,"Evlution Nutrition L-Leucine2000, 2000mg of Pure L-Leucine in Each Serving, Protein Synthesis, Recovery, Vegan, Gluten-Free, Unflavored Powder (100 Servings)",13.8,4.6,448,4.534249764246262,1 x 7.05 oz,1.9574468085106385,$/oz,False,,False,,1.5452908938589944,-0.11491371510960773
B07R1W6MDX,Shaklee - Life Shake Soy Protein Powder - Meal Replacement Shake - 14 Servings - Rich Chocolate,45.99,4.3,223,4.2981405068919525,,,,True,no pack size (no_size_found),False,,-0.17194976758409597,
B09QLJV8XG,"Apollon Nutrition Egg-Cellent | 24g Whole Egg Protein Powder, DRecovery, Energy, Dieting, Muscle Growth, for Men & Women, Dairy Free, Gluten Free, Lactose Free, Keto-Friendly | (Salted Caramel)",59.95,4.6,5,4.306692307692308,,,,True,no pack size (sources_disagree),False,,-0.10975186722437041,
B0B42DNYY1,"Vega Sport Premium Vegan Protein Powder Berry (45 Servings) 30g Vegan Protein, 5g BCAAs, Low Carb, Keto, Dairy Free, Gluten Free, Non GMO, Pea Protein for Women & Men, 4.2 lbs (Packaging May Vary)",90.78,4.6,4522,4.591917462946096,,,,True,no pack size (title_conflicting_weight),False,,1.964712470839347,
B09CRVJ8H8,"Brightcore Nutrition Revive Multi Collagen Protein Powder with Vitamin C and Hyaluronic Acid, Non-GMO, Gluten-Free Collagen Powder for Women and Men, Strawberry Lemonade Flavor, 30 Servings",74.95,4.4,21,4.310115384615385,1 x 11 oz,6.8136363636363635,$/oz,False,,False,,-0.08485556732735483,-1.8189995152381329
B07X5TQFQ9,"NaturesPlus SPIRU-TEIN Whey Shake - Vanilla - 1.05 lbs, Whey Protein Powder - Meal Replacement - Spirulina, Vitamins & Minerals for Energy - Vegetarian - 14 Servings",29.35,4.3,75,4.296750582750582,1 x 1.05 lb,1.7470238095238095,$/oz,False,,False,,-0.18205879201891736,0.04046465234555596
B004SLMFSW,"Body Nutrition, Trutein Protein Powder, Breakfast Shake, Meal Replacement, and Pre and Post Workout Recovery Drink Mix, 25 Grams of Protein, Vanilla Bean, 34 Gram Sample",1.99,4.7,40,4.394212364322794,,,,True,no pack size (title_conflicting_weight),False,,0.5267881889418301,
B09CRD4JB2,"Mdrive Lean for Men, Protein Powder for Supporting and Preserving Lean Muscle Mass, Morosil Sicilian Blood Orange Extract, Chromax, Whey Protein, Blood Orange Chocolate Flavor, 30 Servings, 30oz",59.99,4.1,79,4.218597105864433,1 x 30 oz,1.9996666666666667,$/oz,False,,False,,-0.7504749983375609,-0.1440685447186465
B005K0MFNK,"Growing Naturals | Original Rice Powder 15g Plant Protein | 2.8G BCAA, Low-Carb, Low-Sugar, Non-GMO, Vegan, Gluten-Free, Keto & Food Allergy Friendly | Original (1 Pound (Pack of 1))",35.13,4.1,102,4.206473846153846,,,,True,no pack size (title_conflicting_weight),False,,-0.8386483921194675,
B0C5RDHZS4,"ForestLeaf Advanced Hydrolyzed Collagen Peptides – Type 1, 2 and 3 Unflavored Protein Powder - Pasture Raised, Grass Fed - Anti-Aging, Joint, Skin, Hair and Bones Formula - 2 LBS, 80 Servings",48.95,4.7,8451,4.6941866824568015,1 x 2 lb,1.5296875,$/oz,False,,False,,2.7085243150919966,0.2219693869408436
B097HBYJNL,"Gatorade Whey Protein Powder, Chocolate, 22.4 Ounce (20 servings per canister, 20 grams of protein per serving)",19.99,4.3,821,4.299318448500651,,,,True,no pack size (title_conflicting_weight),False,,-0.16338250829943454,
B09RBM553R,"Solgar Grass Fed Whey to Go Protein Powder Chocolate, 2.3 lb - 20g of Grass-Fed Protein from New Zealand cows - Great Tasting & Mixes Easily - Supports Strength & Recovery - Non-GMO, 36 servings",48.59,4.2,1059,4.209861772745022,,,,True,no pack size (title_conflicting_weight),False,,-0.8140077432709485,
B0929XZB2Y,"NaturesPlus SPIRU-TEIN Shake - Chocolate - 8 Packets, Spirulina Protein Powder - Plant Based Meal Replacement, Vitamins & Minerals for Energy - Vegetarian, Gluten-Free - 8 Servings",17.49,4.6,847,4.561295479777954,1 x 8 ct,,,True,non-dominant dimension (count),False,,1.741996448521553,
B0B57C1WCF,"Huel Black Edition Protein Powder Meal Replacement Shake - Cookies and Cream - with LastFuel Scoop - 34 Scoops Packed with 100% Nutritionally Complete Food, Including 40g of Protein, 8g of Fiber, and 27 Vitamins and Minerals",58.88,4.1,27,4.259710769230769,,,,True,no pack size (no_size_found),False,,-0.45145218464241954,
B0BVFTR4NT,"Protein Powder for Weight Loss |MuscleTech Nitro-Tech Ripped |Whey Protein Powder + Weight Loss Formula |Lose Weight |Weight Loss Protein Powder for Women & Men |Chocolate, 2 lb(package may vary)",34.99,4.6,8623,4.595707365125156,1 x 2 lb,1.0934375,$/oz,False,,False,,1.992276718839191,0.6806654922963505
B01I0DFGOI,"California Medical Weight Management Whey Protein Powder for Muscle Building, Nutrition Shake Body Delicious Natural Chocolate Flavor, 1.85 LB",46.99,5.0,2,4.3060529230769236,1 x 1.85 lb,1.5875,$/oz,False,,False,,-0.11440216036468447,0.17128614486098437
B01E58PHTQ,"HealthForce SuperFoods Vitamineral Green Powder - 150 Grams - All Natural Green Superfood Complex with Vitamins, Minerals, Amino Acids & Protein - Organic, Vegan, Gluten Free - 15 Servings",28.95,4.6,394,4.52738223478649,1 x 150 g,5.471457963125,$/oz,False,,False,,1.4953428275945644,-1.5192734950937432
B01M3YB24P,"REDCON1 Isotope 100% Whey Isolate, Chocolate - Keto Friendly Whey Protein Powder - Low Carb + Zero Sugar Whey Protein Isolate - Keto Protein Powder (30 Servings)",39.99,4.5,144,4.405455488331892,1 x 33.76 oz,1.1845379146919433,$/oz,False,,False,,0.6085602885469644,0.5713306021267219
B0BL431QMV,Amazing Formulas The Family Whey Protein (Isolate) Powder for The Whole Family - 2 lbs - Most Complete & Purest Form of Protein - Gluten Free (Chocolate),23.99,3.6,87,4.006936263736264,1 x 2 lb,0.7496875,$/oz,False,,False,,-2.289900468607642,1.1963174775382854
B0075JU5BS,"Ultimate Nutrition Prostar Whey Protein Powder of Isolate Concentrate Peptides Blend, Low Carb Low Fat and Sodium, Keto Friendly, 25 Grams Protein, 6 Grams BCAAs, 80 Servings,Cocoa Mocha, 5.28 Pounds",69.99,3.9,296,4.015886910225812,,,,True,no pack size (title_conflicting_weight),False,,-2.224801733088818,
B09KVHPGSN,"BODYTECH Whey Protein Isolate Powder - with 25 Grams of Protein per Serving & BCAA's - Ideal for Post-Workout Muscle Building & Growth, Contains Milk & Soy - Rich Chocolate (1.5 Pound)",38.99,4.6,781,4.558469707283867,,,,True,no pack size (title_conflicting_weight),False,,1.7214443893553515,
B0C3WWZT6Z,"NativePath Chocolate Collagen Peptides - Premium Keto and Paleo Grass-Fed, Pasture-Raised Protein Powder for Hair, Skin, Nails, Bones, Joints, Digestion, and More - 20 Servings - No Gluten or Dairy",35.99,4.2,408,4.221952194697957,1 x 9.5 oz,3.788421052631579,$/oz,False,,False,,-0.7260731810084072,-1.0170508377890979
B07YGR39VV,"Devotion Nutrition Protein Powder Blend | Gluten Free, Keto Friendly, No Added Sugars | 1g MCT | 20g Whey & Micellar Protein | 12 Single Serving Packets (Angel Food Cake)",44.99,4.3,1436,4.299587309419253,,,,True,no pack size (title_conflicting_weight),False,,-0.16142706230435216,
B0BNMLB8T3,"Manitoba Harvest Hemp Yeah! Organic Max Fiber Protein Powder, Vanilla, 16oz; with 10g of Fiber, 9g Protein and 1.9g Omegas 3&6 per Serving, Preservative Free, Non-GMO",15.99,4.1,685,4.1296492764661075,,,,True,no pack size (title_conflicting_weight),False,,-1.3973993548895611,
B09W9YD4Q1,"CYMBIOTIKA Plant-Based Protein Powder for Women & Men, Soy & Gluten Free, Low Carb, Vegan, Keto, Plant Protein Drink & Smoothie Mix, for Energy, Recovery & Gut Health, Vanilla, 2 lb Bag",88.0,3.7,34,4.165965703086723,1 x 2 lb,2.75,$/oz,False,,False,,-1.1332672104321724,-0.5793792631478633
B09V4ZSHMG,"Allo Hazelnut Protein Powder for Hot Coffee | Gluten-Free, Clump-Free, Sugar-Free | 10 Grams of Hydrolyzed Whey Protein Powder | Dissolves in Hot Lattes, Matcha, Tea, Hot Chocolate | 10 Per Box",18.0,3.7,255,3.89353601953602,,,,True,no pack size (sources_disagree),False,,-3.114669105552751,
B08Q7VB6P4,"MariGold Grass-fed Whey Isolate Protein Powder Unflavored 2LB - 100% Pure, Cold Processed, Micro Filtered, Undenatured, Non-GMO, rBGH Free, Soy Free, Gluten Free, Lactose Free, Easy to Mix",52.99,4.5,99,4.38629106029106,,,,True,no pack size (sources_disagree),False,,0.4691759397341104,
B07P9SQJGL,"Unpretentious Baker Organic Rice Protein Powder, 3 lb, Vegan & Gluten-Free Alternative to Whey or Soy Protein",22.99,3.6,17,4.210404395604396,1 x 3 lb,0.4789583333333333,$/oz,False,,False,,-0.8100612057722197,1.8084498021248163
B09VLKTS28,"Pounamu Natural Whey Protein Isolate Powder, 28g Protein, 7.3g BCAAs, 4g Leucine | New Zealand Free-Range, Grass-Fed Dairy | Gluten-Free, Keto, Kosher | 2LB, 30 Servings",39.95,4.2,77,4.258283076923077,,,,True,no pack size (title_conflicting_weight),False,,-0.4618358998354187,
B09T2VZPBQ,"Yes You Can! Whey Protein Powder, High Protein Snack Replacement, Gluten-Free Protein Powder Contains Iron and Vitamin D, Protein Shake Powder for On-The-Go Filling Snacks - (Vanilla)",59.99,4.4,246,4.364923076923077,1 x 27.5137 oz,2.1803683255977933,$/oz,False,,False,,0.3137649647316486,-0.2622661672329179
B0BV3F1TQH,"MuscleTech Grass Fed Whey Protein Powder for Muscle Gain | Growth Hormone Free, Non-GMO, Gluten Free | 20g Protein + 4.3g BCAA | Triple Chocolate, 1.8 lbs",24.58,4.5,2286,4.4895212185075195,,,,True,no pack size (title_conflicting_weight),False,,1.2199767645848358,
B0C15RC8VG,"Amazing Grass Vegan Protein Powder, Plant Based Organic Blend with 25g of Protein, Dairy, Gluten & Soy Free - Creamy Chocolate (10 Servings)",29.3,4.5,107,4.390246153846154,1 x 15.1678 oz,1.9317237832777332,$/oz,False,,False,,0.49794163722824414,-0.09684084424638754
B0C37728C2,"Multi Collagen Protein Powder Unflavored,60 Serving, Premium Blend of Grass-Fed Beef, Chicken, Wild Fish, Eggshell Collagen, 5 Types of Hydrolyzed Collagen Peptides, Keto & Paleo Friendly, Easy Mix",32.99,4.4,1347,4.39119497645212,1 x 21 oz,1.570952380952381,$/oz,False,,False,,0.5048424965071996,0.1856021193641585
B005F10GO4,"Ultimate Nutrition ISO Mass Xtreme Gainer, Isolate Protein Powder with Creatine - Weight Gain Serious Lean Muscle Mass with 60 Grams of Protein, Banana, 30 Servings",109.99,4.1,13,4.276151583710408,1 x 60 g,51.96940080864583,$/oz,False,,False,,-0.3318768852745039,-4.594821284666098
B0BVQH5DSP,"MuscleMeds Carnivor Beef Protein Isolate Powder, Muscle Building, Recovery, Lactose Free, Sugar Free, Fat, Free, 23g Protein, Rocket Pop, 56 Servings",69.99,4.4,5942,4.397865888769104,1 x 56 oz,1.2498214285714284,$/oz,False,,False,,0.5533605512756183,0.4980348606789257
B08C7H1VQP,"Z Natural Foods Goat Whey Protein Powder Concentrate - Unflavored & Undenatured - Grass Fed in USA - Good Source of BCAA - 100% Pure, Gluten Free, Non GMO, Kosher - 1 lb",34.99,4.3,156,4.297693961952026,1 x 1 lb,2.186875,$/oz,False,,False,,-0.1751975230367858,-0.26633722971981405
B07YD67Z8Y,"NOW Sports Nutrition, Certified Organic Pea Protein, 11g With BCAAs, Creamy Chocolate Powder, 1.5-Pound",33.6,4.3,1048,4.299450568219142,,,,True,no pack size (title_conflicting_weight),False,,-0.16242159149628455,
B07TFB1HB6,"Promix Whey Protein Isolate Powder, Chocolate - 5lb Bulk - Grass-Fed & 100% All Natural - ­Post Workout Fitness & Nutrition Shakes, Smoothies, Baking & Cooking Recipes - Gluten-Free & Keto-Friendly",93.99,4.4,1173,4.390012820512821,1 x 5 lb,1.174875,$/oz,False,,False,,0.49624458607421695,0.5825214343122395
B0BRNSSYYR,"ProtiFit - High Protein Fruit Flavored Powder Drink Mix, 15g Protein, Low Calorie, Sugar Free, Ideal Protein Compatible, 7 Servings Per Box (Peach Mango)",16.95,4.4,63,4.330411910669975,1 x 7 oz,2.4214285714285713,$/oz,False,,False,,0.06276261680287983,-0.40553496915243437
B089XZ4YGL,"Ready Protein Powder, 25g of Whey Protein, 0g Add Sugar, 6 Simple Ingredients, Vanilla, 1 Pound Bag",24.99,4.6,70,4.405474691111997,,,,True,no pack size (title_conflicting_weight),False,,0.608699951833267,
B0B1J8WDPH,"Promix Plant-Based Vegan Protein Powder, Raw Chocolate - 2.5lb Bulk - Pea Protein & Vitamin B-12 - ­Post Workout Fitness & Nutrition Shakes, Smoothies, Baking & Cooking Recipes - Gluten-Free",45.99,4.1,890,4.123649176095375,,,,True,no pack size (sources_disagree),False,,-1.441038543140023,
B0BNTH8MB7,"Jarrow Formulas Whey Protein, Unflavored - 32 oz (2 lb) 908 g Powder Dietary Supplement - 18 g Protein, 3.8 g BCAAs & Glutamine per Serving - Approx. 38 Servings - Supports Muscle Funtion & Recovery",30.63,4.6,3488,4.589603050508063,,,,True,no pack size (title_conflicting_weight),False,,1.9478795724156475,
B016L50HZA,"Brazil Nut Protein Powder, Premium, Raw Power Brand (16 oz)",19.95,4.3,40,4.296052855120339,1 x 16 oz,1.246875,$/oz,False,,False,,-0.18713341836220995,0.5012595370902974
B07NBBPTD4,"PEScience Protein Powder Supplement Select Smart Mass, Gourmet Chocolate, 28 Servings, Clean Mass Gainer Powder, 3.25 Kilogram",59.99,4.2,35,4.273776046738072,,,,True,no pack size (sources_disagree),False,,-0.349154347104536,
B07F1XD24J,"Soy Protein Powder - NutritionBulk.com, Isolate, Unflavored, Non-GMO, Vegan, Gluten-Free, Dairy-Free (16 oz)",17.95,4.5,14,4.315741718135879,1 x 16 oz,1.121875,$/oz,False,,False,,-0.043934813924897766,0.6455873945110371
B08GV4SPZP,"Be Well by Kelly - Swedish Grass-Fed Beef Protein Powder - Paleo and Keto Friendly, Dairy-Free & Gluten-Free - Low Carb Protein Powder with BCAAs & Collagen - 23g Protein (Vanilla - 30 Servings)",59.99,4.2,882,4.211598622273249,1 x 25.76 oz,2.3288043478260874,$/oz,False,,False,,-0.8013755040012921,-0.3522480652825968
B00YPQG680,"Mutant Mass Weight Gainer Protein Powder – Build Muscle Size and Strength with 1100 Calories (Chocolate Fudge Brownie, 15 Pound (Pack of 1))",88.99,4.5,2358,4.489825318575017,,,,True,no pack size (sources_disagree),False,,1.2221885076012067,
B07YDS3PGB,Collagen Peptides Powder for Women Hydrolyzed Collagen Protein Powder Types I and III Non-GMO Grass-Fed Gluten-Free Kosher and Pareve Unflavored Easy to Mix Drink Healthy Hair Skin Joints Nails 1Lb,29.99,4.5,4376,4.494389112110383,1 x 1 lb,1.874375,$/oz,False,,False,,1.2553813265409646,-0.055665922351547915
B09HJ82HCK,"Zhou Nutrition Plant Based Vegan Protein Powder, Best Absorption Digest Score, Complete Amino Acid Profile, Dairy Free, Soy Free, Gluten Free, Sugar Free, Vanilla, 21g Protein, 16 Servings",26.99,4.2,166,4.240334309289327,1 x 17 oz,1.5876470588235294,$/oz,False,,False,,-0.5923786576622184,0.17115958878375415
B0748N897Q,"Organic Brown Rice Protein 6 LB. USDA Certified Organic. Unflavored. 26 G. Protein Per Serving. Non-GMO. No Soy, Gluten or Dairy. Natural. Vegan. Ultra-fine Powder Mixes Easily in Drinks.",54.95,3.9,231,4.0371655801825295,,,,True,no pack size (title_conflicting_weight),False,,-2.0700403413477515,
B089MWVSQB,"BiPro Bold Milk & Whey Protein Powder Isolate for Every Lifestyle, Creamy Vanilla, 1 Pound - No Added Sugar, Suitable for Lactose Intolerance, Gluten Free, Contains Prebiotic Fiber",29.99,4.4,614,4.382437741363114,1 x 1 lb,1.874375,$/oz,False,,False,,0.441150456876202,-0.055665922351547915
B08WG2SM7S,"Mikuna Chocho Superfood Protein, Plant-Based Protein Powder - Vegan, Lectin-Free, Gluten Free, 4g Net Carbs, and Bioavailable, Non-Isolate (Cacao, 15 Serving)",37.73,3.8,160,4.015041043761892,1 x 22.88 oz,1.6490384615384615,$/oz,False,,False,,-2.2309537844834613,0.11932556753702969
B09RPYFJLR,"CB Supplements NSF Certified for Sport Multi Collagen Protein Powder Bone, Skin, Hair, and Joint Support | 58 Servings | Hydrolyzed Collagen Supplements (Vanilla)",64.99,4.2,78,4.257993111366246,1 x 17.9 oz,3.63072625698324,$/oz,False,,False,,-0.46394484147620146,-0.9589630893418064
B07VTZ4C24,"Manitoba Harvest Hemp Yeah! Organic Protein Powder, Unsweetened, with 20g of Complete Plant Protein (Hemp + Pea), 2g of Fiber & 2g Omegas 3&6 Per Serving, Non-GMO, Vegan, 1 lbs",26.99,4.3,568,4.299068907937214,,,,True,no pack size (title_conflicting_weight),False,,-0.165197435875824,
B094F7LL5Y,"Garden of Life Organic Plant Protein Smooth Energy Powder, 10 Servings - Vegan, Grain Free & Gluten Free Plant Based Protein Shake with Yerba Mate, Vitamin B12, Probiotics & Enzymes, 15g Protein",24.64,4.3,1346,4.299562025449023,1 x 9 oz,2.7377777777777776,$/oz,False,,False,,-0.1616109545508796,-0.5732935687614716
B0BSNZ6GKL,"BulkSupplements.com Egg White Protein Powder (Egg White Powder) - Unflavored, Dairy Free, Lactose Free Protein Powder - 24g of Protein - 30g per Serving, 3 Servings (100 Grams - 3.5 oz)",16.96,4.4,1594,4.392461628063259,,,,True,no pack size (title_conflicting_weight),False,,0.5140549504147863,
B0BVGPR5DB,"BulkSupplements.com Oyster Extract Powder - Dietary Supplement, Source of Zinc & Protein - Gluten Free - 500mg per Serving, 200 Servings (100 Grams - 3.5 oz)",12.96,3.8,202,3.9872511242603546,1 x 100 g,3.674098197,$/oz,False,,False,,-2.4330719914568455,-0.9751871637803694
B0BNJXRW9R,"Pounamu Immune Defense Kids Fruity Cereal Protein Powder Blend | Grass-Fed, Free-Range New Zealand Whey Protein + Lactoferrin + Probiotics + Vitamins C&D for Immune and Digestive Health | 13.9OZ",32.95,4.8,12,4.339678632478632,1 x 13.9 oz,2.3705035971223025,$/oz,False,,False,,0.13016019225765557,-0.3764952595624085
B0BN1WYGWH,"Chlorella Powder, 1 Pound - Kosher, Raw Green Algae, Vegan Superfood, Bulk, Pure Vegan Green Protein, Rich in Vitamins and Minerals, Great for Drinks, Teas and Smoothies",27.92,4.4,28,4.314282221090169,1 x 1 lb,1.745,$/oz,False,,False,,-0.05454984740657236,0.04204826239726066
B0C5N5J1ZM,"Garden of Life Organic Vegan Sport Protein Powder, Vanilla - Probiotics, BCAAs, 30g Plant Protein for Premium Post Workout Recovery - NSF Certified, Keto, Gluten & Dairy Free, Non GMO 19 Servings",37.44,4.4,11743,4.39890920406073,,,,True,no pack size (sources_disagree),False,,0.5609486630742028,
B099WQZBQW,"Evolve Plant Based Protein Powder, Double Chocolate, 20g Vegan Protein, Dairy Free, No Artificial Flavors, Non-GMO, 3g Fiber, Amazon Exclusive, 2 Pound (Packaging May Vary)",39.98,4.3,1055,4.2994538330939,,,,True,no pack size (title_conflicting_weight),False,,-0.162397845812816,
B0BCHJH5L1,"Vintage Bounty - Plant-Based Protein Powder for Weight Management, Post-Workout & Recovery – Pea, Brown Rice, Pumpkin, & Sunflower Seed Protein – Smooth Delicious Oatmeal Creme Pie Flavor, 2 lbs.",49.99,4.2,33,4.274721893491124,1 x 2 lb,1.5621875,$/oz,False,,False,,-0.34227513143109894,0.19324616254901228
B07JVC8TF3,"Further Food Premium Marine Collagen Peptides | Wild-Caught, Keto Protein Powder | Hydrolyzed Collagen Powder for Hair, Skin, Nails, Bones & Joints…",29.99,4.4,718,4.384609530778378,1 x 6.5 oz,4.613846153846153,$/oz,False,,False,,0.45694604716254866,-1.2863530466960276
B0BMW8DMLV,BULKSUPPLEMENTS.COM Whey Protein Concentrate Powder - Unflavored Protein Powder - Flavorless Protein Powder - Whey Protein Powder - 30g (with 23g Protein) per Serving (100 Grams - 3.5 oz),12.96,4.3,1555,4.2996165765104974,,,,True,no pack size (title_conflicting_weight),False,,-0.16121420051447238,
B07PJC6VDQ,"Muscle Pharm Combat 100% Whey, Chocolate Milk - 5 lb Protein Powder - Gluten Free - 70 Servings",84.95,4.5,5588,4.495579866115324,1 x 5 lb,1.0618750000000001,$/oz,False,,False,,1.2640417713620313,0.7206828083367566
B07YD6PJCX,"NOW Sports Nutrition, Whey Protein, 24 G With BCAAs, Creamy Chocolate Powder, 2-Pound",30.33,4.5,400,4.45173349021915,,,,True,no pack size (title_conflicting_weight),False,,0.945143730728073,
B07X3MRZ5P,"NaturesPlus SPIRU-TEIN Shake - Cappuccino Flavor - 2.25 lbs, Spirulina Protein Powder - Plant Based Meal Replacement, Vitamins & Minerals for Energy - Vegetarian - 32 Servings",46.95,4.4,205,4.360538461538462,1 x 2.25 lb,1.3041666666666667,$/oz,False,,False,,0.2818753221669296,0.4398829554128984
B0793GML5N,"Ultimate Nutrition ISO Cool Whey Isolate Protein Powder - Keto-Friendly - Sugar, Carb and Fat-Free - 23 Grams of Protein Per Serving, Chocolate, 5 Pounds",89.99,4.1,119,4.198994278448824,,,,True,no pack size (title_conflicting_weight),False,,-0.8930478592856598,
B09R6YMTB2,"BODYTECH Micellar Casein Protein Powder, Slow Release for Overnight Muscle Recovery - 24 Grams of Protein per Serving - French Vanilla (2 Pound)",42.99,4.3,161,4.297734561213434,,,,True,no pack size (title_conflicting_weight),False,,-0.17490224150782172,
B08FRP3S71,"Orgain Keto Collagen Protein Powder with MCT Oil, Chocolate - Paleo Friendly, Grass Fed Hydrolyzed Collagen Peptides Type I and III, 0.88 Pound & Organic Plant Based Protein + Superfoods Powder",52.91,4.3,6,4.29501252236136,1 x 0.88 lb,3.757812499999999,$/oz,False,,False,,-0.19469983797306614,-1.0059674967919618
B0B3KS4VVF,"Plantfully Systems - Performance Vanilla Vegan Protein Powder, With 25g Plant Protein, 7 Mushroom Complex, & Probiotics, Low Carb Protein Mix, Gluten-Free Vanilla Powder, Soy-Free, 967.5g",54.5,4.6,31,4.356211788211788,,,,True,no pack size (title_conflicting_weight),False,,0.25040709661491223,
B01M18FOW4,"Inner Armour Isolate Zero Pina Colada Flavor 100% Whey Protein Isolate Powder, Mixes as a Clear Drink, 20g Protein, 90 Cals, 0g Sugar, 0g Fat, 0g Carbs, Gluten-Free, Lactose-Free 1.6 lbs, 28 Servings",29.99,4.1,131,4.194317383403996,1 x 1.6 lb,1.1714843749999997,$/oz,False,,False,,-0.9270632741417892,0.5864700175128067
B084FKSYFJ,"All 5 Multi-Collagen Protein Powder Peptides by Peak Performance. Multi-Collagen Contains All Types I, II, III,V, X. Keto, Paleo Friendly with Hydrolyzed Bovine, Marine, Chicken, Bone Broth Collagens",35.59,4.4,649,4.383233957752093,1 x 8.3 oz,4.287951807228915,$/oz,False,,False,,0.44694139948380296,-1.1862726553595504
B0BP99S8C7,"Growing Naturals | Original Raw Pea Powder 15g Plant Protein | 2.8G BCAA, Low-Carb, Low-Sugar, Non-GMO, Vegan, Gluten-Free, Keto & Food Allergy Friendly | Original Unflavored (16 Ounce (Pack of 1))",19.75,4.3,441,4.298859247135843,,,,True,no pack size (title_conflicting_weight),False,,-0.1667223148969207,
B0C5FVW25M,"Dymatize Protein Powder, Rich Chocolate, 80 Ounce",61.94,4.7,3465,4.68610830975045,1 x 80 oz,0.77425,$/oz,False,,False,,2.649769693417755,1.152272257359267
B07FMCDGZ6,"EXTRA LARGE Grass-Fed Collagen Peptides 5 lb. Custom Anti-Aging Hydrolyzed Protein Powder for Healthy Hair, Skin, Joints & Nails. Paleo and Keto Friendly, GMO and Gluten Free, Pasture-Raised Bovine.",69.95,4.5,3487,4.493007372682719,1 x 5 lb,0.874375,$/oz,False,,False,,1.2453318301540288,0.9861180971388036
B07YD6GJ5Q,"NOW Sports Nutrition, Plant Protein Complex 22 Grams, Chocolate Mocha Powder, 2-Pound",32.74,4.2,112,4.2496026186579385,,,,True,no pack size (title_conflicting_weight),False,,-0.5249695357626503,
B08X14T2F3,"Bulletproof Vanilla Sleep Collagen Peptide Powder, 10.4 Ounces, Keto Supplement for Better Sleep and Collagen Protein for Healthy Skin, Bones and Joints",36.99,4.2,189,4.237360946745562,1 x 10.4 oz,3.556730769230769,$/oz,False,,False,,-0.614004150531835,-0.9308310586678766
B0B44G2M68,"Sun Bay Organics Vanilla Vegan Protein Powder - 1.5 lb of New Vanilla Formula Plant Based Organic 21g Protein Blend Shake Mix - Soy, Dairy, and Gluten Free",20.99,4.1,897,4.123486877828054,1 x 1.5 lb,0.8745833333333333,$/oz,False,,False,,-1.4422189508336867,0.9857926090775236
B09886KPDG,"NovaLife Organic Immunity Vanilla Plant Protein Powder, 1.65 Pounds",35.59,4.5,112,4.3925813420621935,1 x 1.65 lb,1.3481060606060609,$/oz,False,,False,,0.5149256394721222,0.39461077819781193
B0C25GFL85,"Protein2o 20g Whey Protein Isolate Powder Tub, Low Carbs, Sugar Free, Plus Electrolytes, Orange Mango, 16 Servings, 1.4 pounds",29.96,4.2,776,4.212966201762643,,,,True,no pack size (title_conflicting_weight),False,,-0.7914289939268568,
B091NJJ92R,"VMI Sports | Major Mass Lean Mass Gainer | Mass Gainer Protein Powder for Muscle Gain | Weight Gainer Protein Powder for Men | Weight Gainer for Women (Apple Pie, 4 Pounds)",54.99,4.3,107,4.297202675585284,1 x 4 lb,0.85921875,$/oz,False,,False,,-0.17877068630380755,1.0100078278870377
B01GW23J52,"Raw Power Raw Warrior Brown Rice Protein Powder, one Kilo (35.2oz/1000g), Premium",44.95,4.0,6,4.281059033989267,1 x 35.2 oz,1.2769886363636362,$/oz,False,,False,,-0.29618462459273787,0.46865532664599147
B0025PZQ0M,"BlueBonnet 100% Natural Whey Protein Isolate Powder, Chocolate, 2 Pound",51.99,4.5,578,4.463989465598596,1 x 2 lb,1.6246875,$/oz,False,,False,,1.0342823757056727,0.13965089559420024
B09FSKPJPR,"Plantfuel Vegan Performance Protein Powder, Chocolate - 9 Essential Amino Acids, 21g Plant Based Protein - 20 Servings, 2.07 LBS",49.99,3.2,36,4.0468969521044995,,,,True,no pack size (title_conflicting_weight),False,,-1.9992633301314755,
B0B2BF3RTM,"BRAINMD Dr Amen Omni Protein Chocolate - 2.38 lbs - Plant-Based Protein Powder - Promotes Energy & Exercise Recovery - Vegan, Vegetarian, Sugar Free, Gluten Free - 30 Servings",59.95,4.1,21,4.266365384615384,1 x 2.38 lb,1.5743172268907564,$/oz,False,,False,,-0.40305265870778856,0.1826788877036308
B0BTQ14XH5,"IRONVEGAN Gainer Vanilla Protein Powder, 2500 GR",56.3,4.1,898,4.123463874029985,1 x 2500 g,0.638431260775,$/oz,False,,False,,-1.442386259213938,1.4157929841807122
B00PGWIF4A,"Olympian Labs Pure Smoothie Mix, 14g Organic Vegan Protein, Probiotics, Vitamins, Minerals, CLA, Flax, 2-Pound Powder",27.1,3.8,51,4.149750663129973,,,,True,no pack size (title_conflicting_weight),False,,-1.2512004344517214,
B0BY35N5S4,"Ultimate Nutrition HydroCool Hydrolyzed Whey Protein Isolate Powder with No Bloating - Fat and Gluten Free, Rapid Absorption, 33 Grams of Protein, Vanilla, 3 Pounds",59.99,4.2,16,4.283860542335363,,,,True,no pack size (title_conflicting_weight),False,,-0.275809040428037,
B089TYW61F,"AnyShaker Shaker Bottle Stretch Lids - Turn Any Cup into Shaker Bottles for Protein Mixes - Drink Shaker for Pre Workout, Protein Shakes, BCAA Powder - Leak Proof (Black, Single)",18.99,4.1,337,4.1520795986622065,,,,True,no pack size (no_size_found),False,,-1.2342619084547113,
B0C7JL8YTZ,"Simply tera's Pure whey Protein Powder, Family Size Dark Chocolate Flavor",39.53,4.5,764,4.471540716329894,1 x 24 oz,1.6470833333333335,$/oz,False,,False,,1.0892031989967232,0.12094636147222074
B012ECXI3C,BULKSUPPLEMENTS.COM Hydrolyzed Whey Protein Isolate - Isolate Protein Powder - Whey Isolate - Plain Protein Powder - Whey Powder - Whey Protein Powder Unflavored (250 Grams - 8.8 oz),17.96,4.3,189,4.297937869822485,1 x 250 g,2.0366297413,$/oz,False,,False,,-0.1734235624666176,-0.16909232629241205
B09Y6BTDXQ,"Nutricost Organic Pea Protein Powder (Chocolate, 2 Pound) - Certified USDA Organic, Protein from Plants, Vegan Friendly, Gluten Free, Non-GMO",28.95,4.0,60,4.198123581336696,1 x 2 lb,0.9046875,$/oz,False,,False,,-0.8993805058811445,0.9395564490352671
B00GK7R2KS,"XYMOGEN VegaPro Protein Powder - 17g Pea Protein + Rice Protein, Dairy-Free - Amino Acid Profile with Lysine, Arginine + Branched-Chain Amino Acids (10.37 oz)",29.0,3.1,19,4.134905742145179,,,,True,no pack size (title_conflicting_weight),False,,-1.3591686785462103,
B08K42GFVN,"Every Little Bit Collagen Peptides Powder – Protein & Amino Acid Supplement, Hair, Skin, Nails & Joints – Potent 11g Per Serving",23.69,3.9,39,4.199732193732194,,,,True,no pack size (sources_disagree),False,,-0.8876809450718657,
B07TDBG3KH,"HEALTHFORCE SUPERFOODS Warrior Food, Vanilla - 500 Grams - Plant-Based Protein Powder with Minerals & Pea Protein - Certified Organic, Vegan, Non-GMO, Soy Free, Gluten Free, Sugar Free - 25 Servings",34.95,4.7,19,4.348990249187432,1 x 500 g,1.9816316664375002,$/oz,False,,False,,0.19788429174998828,-0.13169055371567526
B01N4BPGNN,"iSatori 100% Bio-Active Whey Protein Powder, Concentrate, Isolate and Hydrolysate - Bio-Gro, Bio Active Peptides, and BCAAs for Recovery 25G of Protein per Serving - Vanilla Swirl (26 Servings)",29.99,4.5,152,4.4082058741258745,,,,True,no pack size (no_size_found),False,,0.6285640544856901,
B01DWUEQ7C,"North America Grown, Organic Pea Protein Powder, 1KG (2.2 Pounds), Plant-Based Vegan Protein Organic, Rich in Branched Chain Amino Acids, Flavonoids and Minerals, No GMOs & Vegan Friendly",23.95,4.3,773,4.299281936813187,1 x 1 kg,0.6789710788437501,$/oz,False,,False,,-0.16364806059092277,1.3316813117839075
B004HIGYF6,"Dr. Mercola Dr. Mercola, Miracle Whey Chocolate Protein Powder, 16 oz (1 LB.), BCAA, Natural Sweeteners Only, Non GMO, Soy Free, Gluten Free",22.97,4.4,85,4.337772189349113,1 x 16 oz,1.435625,$/oz,False,,False,,0.11629448577318975,0.3086750651113457
B09B2N1X1B,"3-in-1 Protein Funnel Powder Device, Protein Powder Containers to Go, and Powder Mixer, Tight-Lock Containers for Protein Powder and Pre Workout Powder, Pack of 3, 150cc and 25cc, White - PowderJet",10.99,4.6,10,4.317718912666281,,,,True,no pack size (no_size_found),False,,-0.029554527098214385,
B09G8VM2Z9,"Optimum Nutrition Gold Standard 100% Micellar Casein Protein Powder, Slow Digesting, Helps Keep You Full, Overnight Muscle Recovery, Creamy Vanilla, 4 Pound (Packaging May Vary)",114.99,4.7,68,4.439039871123641,1 x 4 lb,1.79671875,$/oz,False,,False,,0.8528220695787706,0.0021438809236640137
B07PXGFB27,"Organic Wheatgrass Powder - 100% Pure, Raw, Non-GMO, Vegan - Amazing Green Superfood for Smoothie, Juice, Shakes, Recipes - Natural Plant Protein Source - 87 Servings - 1 lb",14.99,4.2,291,4.22815607580825,1 x 1 lb,0.936875,$/oz,False,,False,,-0.6809518798754913,0.8917924395323585
B07WNSK51K,"Nutricost Organic Rice Protein Powder 5lbs (Unflavored) - Certified USDA Organic, 20G of Rice Protein Per Serv, Non-GMO",49.95,3.6,141,3.9236993006993,,,,True,no pack size (title_conflicting_weight),False,,-2.8952892579494156,
B014VGIUDM,"Greens First Dream Whey Protein Powder, Rich Dutch Chocolate, 30 Servings – 20 g Protein – Low Carb Powder – Hormone-Free, Non-GMO, No Artificial Sweeteners/MSG/Aspartame, Gluten Free, 28.04 oz",48.99,4.6,642,4.550923680241327,1 x 28.04 oz,1.7471469329529246,$/oz,False,,False,,1.6665615583516005,0.04036836874073686
B07XZJ898L,"NaturesPlus SPIRU-TEIN Shake - Chocolate Peanut Butter - 2.3 lbs, Spirulina Protein Powder - Plant Based Meal Replacement, Vitamins & Minerals for Energy - Vegetarian, Gluten-Free - 34 Servings",46.95,4.5,294,4.439464305478694,1 x 2.3 lb,1.2758152173913044,$/oz,False,,True,False,0.8559090130589946,0.46991133188671635
B0BJFP5XN9,"ALPHA LION Superhuman Whey Protein Powder, Great Tasting Pure Whey Protein Isolate, Low Carb, Low Sugar, No Bloat Post Workout, Muscle Recovery & Growth (28 Servings, Hulk Milk)",59.99,4.4,483,4.378641279512567,1 x 34.0746 oz,1.7605489132667738,$/oz,False,,False,,0.41353849988463665,0.029928262397442264
B008S1C5F6,"Solgar Brewer's Yeast Powder, 14 oz - Rich Source of Amino Acids, B-Complex Vitamins, Minerals, & Protein - Natural, Unflavored, and Unsweetened - Dairy Free, Vegetarian - 13 Servings",16.76,4.5,3979,4.49384607883584,1 x 14 oz,1.1971428571428573,$/oz,False,,False,,1.2514318040613637,0.5568689758673812
B01MSPQUM7,JBN Whey Superior Protein Powder | Nutrient Dense - Whey Concentrate - Casein | Naturally Occurring BCAA's | 25 Servings | Great Taste | Easy to Mix,30.99,4.1,15,4.273598662207357,1 x 16 oz,1.936875,$/oz,False,,False,,-0.35044447834406284,-0.10047925854415751
B0BDBFC4FV,"Myprotein® - Impact Whey Isolate - Whey Protein Powder - Flavored Drink Mix - Daily Protein Intake for Superior Performance - Caramel (5.5 lbs, Pack of 1)",92.99,4.5,2682,4.491000575894693,1 x 5.5 lb,1.0567045454545454,$/oz,False,,False,,1.2307362438467988,0.7273514990192549
B09WJ8FDDQ,"BEAM Be Amazing Vegan Protein Powder | 20g Plant-Based Protein with Prebiotics Fibers | Sugar-and-Gluten-Free Shake Mix, Low Carb Non-Dairy Smoothie | Chocolate Brownie Batter, 25 Servings",52.99,3.6,100,3.983213521904105,,,,True,no pack size (sources_disagree),False,,-2.462437781763346,
B0829H2PVC,"Superior Source Keto Collagen Protein Powder Chocolate (14 oz), Grass Fed Collagen Peptides with MCT Oil, 23 (17 g) Servings, Pre/Post Workout, Gluten Free, Paleo Friendly, Non-GMO",21.41,4.7,466,4.6153762570197205,,,,True,no pack size (title_conflicting_weight),False,,2.1353300717883714,
B09GRHLHF9,"Collagen Powder Purely Inspired Collagen Peptides Powder Collagen Supplements for Women and Men Collagen Protein Powder with Biotin Keto Friendly & Non-GMO Chocolate, 1.26 lbs (23 Servings)",22.99,4.3,8778,4.299927717715382,1 x 1.26 lb,1.140376984126984,$/oz,False,,False,,-0.15895124676812383,0.6232391830708838
B01BP2GG40,"Body Nutrition Protein Trutein Powder - Naturals CinnaBun 4lb Whey, - Natural Low Carb Keto Friendly Drink - Lean Muscle Builder, Workout, Recovery",67.99,4.6,159,4.466867430441899,1 x 4 lb,1.06234375,$/oz,False,,False,,1.0552140338138807,0.7200798354115914
B07RKLJF1F,Vegansmart Plant Based Pea Protein Powder by Naturade - Vanilla (15 Servings),24.14,4.5,1107,4.479476923076923,1 x 19 oz,1.2705263157894737,$/oz,False,,False,,1.1469238367909738,0.47558684615499186
B00CQ7XLBK,"Source Naturals Pea Protein Power Plant-Based Protein Powder - Easy To Digest, Bioavailable, Non-Dairy, Vegan, Non-GMO, Gluten Free, Sugar Free, Unflavored - 32oz",30.53,3.7,64,4.091211846976553,1 x 32 oz,0.9540625,$/oz,False,,False,,-1.6769577152030837,0.8669552038142815
B00NXOM29M,New Nutrilite Protein Powder Classic Package 15.75oz 11/2015 Shipped from USA and Fast Shipment,119.95,5.0,3,4.311560439560439,1 x 15.75 oz,7.615873015873016,$/oz,False,,False,,-0.07434557234675694,-1.9710734449520135
B089NF84MD,"Whey Protein Isolate - Dark Chocolate Flavor with Zero Sugar - All Natural Protein Powder - Mix in Smoothie, Shake, Juice, Or Recipe - Hormone Free, Non GMO, & Gluten Free - Bulk 5 lb Size",64.99,4.4,407,4.375578519593614,1 x 5 lb,0.812375,$/oz,False,,False,,0.3912628130776133,1.0866010609705261
B0794LKY9X,"Ultimate Nutrition Prostar Micellar Casein Protein Powder 24 Grams of Protein, 9.9 Grams of EAAS, and 4.6 Grams of BCAAS-69 Servings,Vanilla Powder,5 Pounds",79.99,4.2,38,4.272401337792642,,,,True,no pack size (title_conflicting_weight),True,False,-0.35915271025723056,
B00BPN3QZM,"Herbalife Personalized Protein Powder, Unflavored (360G)",47.86,4.5,2050,4.488383164005806,1 x 360 g,3.7689116021180555,$/oz,False,,False,,1.211699607275633,-1.0099968740133005
B0BKH27PQW,"LAB NUTRITION GOL - Whey Protein Isolate 100% Hydrolyzed, 100% Whey Protein Powder, Lean Muscle Building Powder Presentation, Gluten and Sugar Free, 29 Servings, 2 Lbs - Vainilla Flavored",49.9,2.9,7,4.219666272189349,1 x 2 lb,1.559375,$/oz,False,,False,,-0.7426988699994945,0.19570809637704742
B019M7GISY,"Organic Protein Powder Plant-Based (Creamy Chocolate Fudge) by MaryRuth's Vegan, Gluten Free, Non-GMO, Soy Free, Dairy Free, Nut Free, No Fillers, No Additives, Paleo Friendly 14.8 oz for Men & Women",27.95,4.0,445,4.063832069339112,1 x 14.8 oz,1.8885135135135134,$/oz,False,,False,,-1.8760929290745545,-0.0659328430061121
B07W4D8K3N,"Ultimate Nutrition Prostar Raw Whey Protein Concentrate Powder, Low Carb, Low Fat, Keto Friendly, 24 Grams of Protein Per Serving with 5.5 Grams of BCAAs,Unflavored, 67 Servings, 4.4 Pounds",49.99,4.0,45,4.215813186813187,,,,True,no pack size (title_conflicting_weight),False,,-0.770722654217446,
B08L6RZ7CM,"TB12 Plant Based Protein Powder by Tom Brady, 24g of Vegan Pea Protein, Low Sugar, Low Carb, Non-GMO, Meal Replacement, Keto Friendly, Paleo, Sugar Free, Cookies and Cream Flavor (30 Servings/2.25lbs)",60.0,4.5,1134,4.479917752891501,,,,True,no pack size (title_conflicting_weight),True,False,1.1501300257005111,
B0C7HN5XKY,"Ascent 100% Whey Protein Powder - Post Workout Whey Protein Isolate, Zero Artificial Flavors & Sweeteners, Soy & Gluten Free, 5.7g BCAA, 2.7g Leucine, Essential Amino Acids, Vanilla Bean 2 lb",41.0,4.7,6749,4.692746888152593,,,,True,no pack size (title_conflicting_weight),False,,2.698052581154047,
B0BLD356V9,PureLx Collagen Peptides Powder - Unflavored Hydrolyzed Collagen Protein Powder for Coffee & Shakes - Keto Collagen Powder Supplement - Non GMO Bovine Collagen Type 1 and 3-16 oz,31.85,4.4,303,4.369616468039004,1 x 16 oz,1.990625,$/oz,False,,False,,0.3479003567727612,-0.13787698086515945
B06ZYJ7W4K,"Ancient Nutrition Real Bone Broth Protein Supplement Powder, Chocolate (40 Servings), 20g Protein Per Serving, Gluten Free Hydrolyzed Collagen Peptides Supplement, 35.60 Oz",76.44,4.4,14345,4.399105378447928,,,,True,no pack size (sources_disagree),False,,0.5623754543749959,
B07SSJDPNK,"Evlution Nutrition Stacked Protein Protein Powder with 25 Grams of Protein, 6 Grams of BCAAs and 5 Grams of Glutamine (Double Rich Chocolate, 5 LB)",46.99,4.8,33,4.4016449704142016,,,,True,no pack size (title_conflicting_weight),False,,0.5808461007055434,
B00BEOHFKO,"Whey Protein Powder | MuscleTech Phase8 Protein Powder | Whey & Casein Protein Powder Blend | Slow Release 8-Hour Protein Shakes | Muscle Builder for Men & Women | Chocolate, 4.6 lbs (50 Servings)",51.54,4.5,2625,4.4908139066174,1 x 4.6 lb,0.7002717391304348,$/oz,False,,False,,1.229378583936288,1.289478379393696
B07RT1SXFV,"Total ISO Whey Isolate Protein Powder: Best Tasting Whey Protein Shake Featuring 100% Whey Protein Isolate, Perfect Post Workout Protein Powder Mix and Meal Replacement Drink, Cinna Cereal, 2 Pounds",49.99,4.4,264,4.3665545617173525,,,,True,no pack size (sources_disagree),False,,0.3256308782441031,
B0BSPB3H4J,"Evolution Advance Nutrition Fit & Slim Blend, 2 Pack, 2 Pounds e.a. – Grass Fed Whey Protein Powder, Easy Digesting, Keto Approved, Non GMO, Stevia Sweetened (Coco-Colada + Vanilla)",129.99,4.3,20,4.295500806885422,,,,True,no pack size (sources_disagree),False,,-0.1911485073371215,
B07DGGZ5M1,"Vega Protein and Greens, Salted Caramel, Vegan Protein Powder, 20g Plant Based Protein, Low Carb, Keto, Dairy Free, Gluten Free, Non GMO, Pea Protein for Women and Men, 1.1 Pounds (17 Servings)",21.99,4.3,239,4.298222694432639,,,,True,no pack size (title_conflicting_weight),False,,-0.17135201132365524,
B0BZRJ1L5C,"Zint Sweet Collagen Powder Beauty Drink Mix (Strawberry Lemonade): Delicious Hydrolyzed Collagen Peptides Protein Supplement - Grass-Fed, Zero Sugar, Non-GMO, Gluten-Free, 10 oz",27.49,4.6,1934,4.581748476122807,1 x 10 oz,2.7489999999999997,$/oz,False,,False,,1.8907526530231982,-0.5788823596578391
B07N97JJR1,"Perfect Keto Pure Whey Protein Powder Isolate Delicious 100% Grass Fed Meal Replacement Shake No Artificials, Gluten Free, Soy Free, Non-GMO (Chocolate)",43.99,4.5,737,4.470647227191414,,,,True,no pack size (no_size_found),False,,1.0827047842528494,
B0BK88D8W2,"FAN TASTY Collagen Protein Powder with MCT Oil - Grassfed, GF, Use as Keto Creamer in Coffee, Tea and Shakes - Caramel Flavor",14.99,4.2,24,4.279296703296704,1 x 5.3 oz,2.828301886792453,$/oz,False,,False,,-0.30900219031671794,-0.6177371347691876
B0C7D3VLXW,"Vega Organic All-in-One Vegan Protein Powder French Vanilla (9 Servings) Superfood Ingredients, Vitamins for Immunity Support, Keto Friendly, Pea Protein for Women & Men, 12.2oz (Packaging May Vary)",27.8,4.5,9770,4.497448358979542,1 x 12.2 oz,2.278688524590164,$/oz,False,,False,,1.2776314626685341,-0.3225257192087681
B0881C6ZFC,"Honest Earth - Vanilla Coconut | Plant Based Vegan Protein Powder | 31g Protein | 100% Natural, Dairy Free, No Gums, No Sugar, No Artificial Flavoring, Canadian Grown Clean Pea Protein Powder",31.95,3.8,71,4.113693893735131,1 x 17.637 oz,1.811532573566933,$/oz,False,,False,,-1.5134440720748947,-0.009074458871258333
B0BFYNC9DY,Ascent Native Fuel Micellar Casein Protein Powder - 64 Ounce (Pack of 1) - Chocolate,74.99,4.4,2103,4.394185361808003,1 x 64 oz,1.17171875,$/oz,False,,False,,0.5265917975894585,0.5861967065131763
B097S826SY,"MariGold Grass-fed Whey Isolate Protein Powder - Creamy Vanilla Flavor - 1 Lb Bag | 100% Pure, Cold-Processed, Micro-Filtered, Undenatured, Non-GMO, rBGH Free, Soy Free, Gluten Free, Lactose Free",29.99,4.4,111,4.344686390532544,1 x 1 lb,1.874375,$/oz,False,,False,,0.16658199904832427,-0.055665922351547915
B00XQENEV4,"PaleoPro Protein Powder (Aztec Vanilla 1lb.) Grass-Fed, Pastured, Cage-Free Protein | Gluten Free, Dairy Free. No Sugar, Soy, Grains or Net Carbs | Paleo & Keto Friendly (15 Servings)",40.99,4.6,13,4.3239457013574665,1 x 1 lb,2.561875,$/oz,False,,False,,0.015733382620086552,-0.48256572238492657
B003VUKHWW,"Simply tera's Organic whey Protein Powder, Dark Chocolate Flavor",23.24,4.0,605,4.049803043110735,1 x 12 oz,1.9366666666666665,$/oz,False,,False,,-1.9781271082921374,-0.10033229612474402
B0B9QMTLDW,"Optimum Nutrition Gold Standard 100% Micellar Casein Protein Powder, Slow Digesting, Helps Keep You Full, Overnight Muscle Recovery, Chocolate Peanut Butter, 2 Pound (Packaging May Vary)",64.99,4.4,72,4.333623668639053,1 x 2 lb,2.0309375,$/oz,False,,False,,0.08612197780810386,-0.16526844319744866
B099DC46YF,"Bulletproof XCT MCT Oil Made with C10 and C8 MCT Oil, 32 Oz, Unflavored Collagen Protein Powder, 18g Protein, 42.3 Oz",89.5,5.0,5,4.322317307692308,,,,True,no pack size (title_conflicting_weight),False,,0.003889951125784026,
B0C6YK2JTX,"Whey Protein Powder MuscleTech Clear Whey Protein Isolate Whey Isolate Protein Powder for Women & Men Clear Protein Drink 22g of Protein, 90 Calories Arctic Cherry Blast, 1.1lb (19 Servings)",30.43,3.9,695,3.959360165506865,1 x 1.1 lb,1.7289772727272725,$/oz,False,,False,,-2.635925064626492,0.05465109910061664
B0B6NKDLX1,"Iconic Protein Coffee, Vanilla - Keto Coffee with Vitamin D3, Vitamin C, Zinc, MCT Oil (1g), Pea Protein Powder (10g) - 200mg Caffeine - Sugar Free, Gluten Free, Dairy Free, Nothing Artificial - 12 Pack",24.99,4.1,212,4.171512284730195,,,,True,no pack size (title_conflicting_weight),False,,-1.0929264985223015,
B0C5N7C3D9,"Judee’s Unflavored Egg White Protein Powder for Fast Blending 4 lb - 100% Non-GMO, Keto-Friendly, Pasteurized - Dairy-Free, Soy-Free, Paleo-Friendly, Gluten-Free and Nut-Free - Made in USA",115.99,4.5,1033,4.478163162097418,1 x 4 lb,1.81234375,$/oz,False,,False,,1.137368752849309,-0.009686101472072614
B095VQJL72,"Designs for Health WheyCool - Grass Fed Whey Protein Powder Supplement with 22g Protein, May Support Athletes, Muscles + Energy - Non-GMO + Gluten-Free, Unflavored + Unsweetened (30 Servings / 900g)",97.49,4.5,99,4.38629106029106,1 x 900 g,3.070883343840278,$/oz,False,,False,,0.4691759397341104,-0.7301630156691039
B075C9LP36,"Vegansmart Plant Based Vegan Protein Powder by Naturade, All-in-One Nutritional Shake – Protein & Greens Vanilla Crème 22.8 oz",31.48,4.5,240,4.4304589955499045,1 x 22.8 oz,1.380701754385965,$/oz,False,,False,,0.7904127061716772,0.36196975998387176
B0BJZ7KQMW,"Tone It Up Collagen Creamer I Dairy Free, Gluten-Free, Kosher, Non-GMO, Marine Based Collagen Peptide Protein Powder for Women I 14 Servings, 8g of Collagen + Protein – Unflavored",32.78,4.6,175,4.474015487867836,1 x 4.94 oz,6.635627530364372,$/oz,False,,False,,1.1072024014013935,-1.782831542856491
B081PCBC3R,"Dymatize Super Mass Gainer Protein Powder, 1280 Calories & 52g Protein, Gain Strength & Size Quickly, 10.7g BCAAs, Mixes Easily, Tastes Delicious, Gourmet Vanilla, 6 Pound (Pack of 1)",38.44,4.5,12895,4.498060886110356,,,,True,no pack size (title_conflicting_weight),False,,1.2820864192723422,
B09VH6C1TY,"ODYN Nutrition Organic Plant Based Protein Powder, with Organic Turmeric Root Powder. Vanilla Flavor. 25g of Vegan Protein Per Serving. Made in California. USDA Organic. No Sugar Added. 454g.",19.5,4.5,32,4.337139454094293,,,,True,no pack size (title_conflicting_weight),False,,0.11169255394010788,
B08NLYYF4L,"VUNNEX 1.32lb Bone Broth Protein Powder, 20g Protein, Grass-Fed Beef & Non-GMO, Gluten Free, Keto Friendly, Hydrolyzed Collagen Peptides, Perfect for Soup",27.95,4.0,119,4.149820724729816,1 x 1.32 lb,1.3233901515151514,$/oz,False,,False,,-1.250690871085153,0.4198915413461457
B08PDSYN2R,"Body Nutrition Protein Powder - Trutein Eggnog 2lb Whey, Casein & Egg White - Natural Low Carb Keto Friendly Drink - Zero Sugar - Lean Muscle Builder, Weight Loss, Workout, Recovery",36.99,4.6,30,4.354618401206636,1 x 2 lb,1.1559375,$/oz,False,,False,,0.23881827123244875,0.6047228478284133
B0BD6B2799,"Cave Nutrition Whey Protein Powder (1 LB), BCCAs, Glutamine, No Sugar Added, Non-GMO, (Chocolate)",24.99,4.1,2,4.291652923076923,1 x 1 lb,1.561875,$/oz,False,,False,,-0.21913446015618818,0.1935194917748438
B0B5MDNTLX,"PURE ORIGINAL INGREDIENTS Brown Rice Vegan Protein Powder (1 lb) Sprouted Brown Rice, Gluten Free, Shakes & Smoothies",11.99,4.5,3,4.299655677655677,1 x 1 lb,0.749375,$/oz,False,,False,,-0.16092981489925526,1.1968870986141875
B07YLCDNNP,"RSP NUTRITION TRUEFIT Protein Powder Meal Replacement Shake, 4.32 LB, Chocolate",84.97,4.4,8113,4.398428438002018,1 x 4.32 lb,1.2293113425925926,$/oz,False,,False,,0.557452014810966,0.5206413625697792
B07KV88G1M,"Sun Star Organics Pea Protein Powder - Unsweetened - Chocolate with Cocoa Powder & Vanilla Bean - Soy Free, Non-GMO 17.6 oz",15.99,4.2,20,4.281514792899408,1 x 17.6 oz,0.9085227272727272,$/oz,False,,False,,-0.2928698552309674,0.9337768281120737
B004QXV69G,"Optimum Nutrition Gold Standard 100% Whey Protein Powder, Naturally Flavored Chocolate, 4.8 Pound (Packaging May Vary)",84.99,4.6,1433,4.575871860787028,1 x 4.8 lb,1.106640625,$/oz,False,,False,,1.848011580863046,0.6642671628335775
B01MCT71MD,Organic Pumpkin Seed Protein Powder: The World's Best Tasting & Most Complete Plant-Based Protein Powder Vegan Plant Based Protein Powder Paleo - 20 Servings Coconut Almond Flavor - 2.2 lbs.,54.97,4.0,24,4.246643642072214,1 x 2.2 lb,1.5616477272727272,$/oz,False,,True,False,-0.546490398460717,0.1937183110178564
B09TC87MQ4,"Organika Enhanced Collagen Peptides Protein Powder for Healthy Hair, Skin, Nails, Joints - Hydrolyzed for Better Absorption - Grass-Fed, Non-GMO, Type I and III - Unflavored 17.64 oz",34.99,4.6,91,4.424563623292595,1 x 17.64 oz,1.9835600907029478,$/oz,False,,False,,0.7475352134886903,-0.13301945949172958
B01GIAKJHO,"KAGED MUSCLE, Fermented BCAA Powder, Plant Based, Non-GMO, Supports Protein Synthesis, Vegan Friendly Branched Chain Amino Acids, Aminos, BCAAs, Unflavored, 72 Servings, 14.1 Ounce",29.97,4.4,707,4.384405560704356,1 x 14.1 oz,2.125531914893617,$/oz,False,,False,,0.4554625572360929,-0.22746576217854905
B008CQ6R5G,"Optimum Nutrition Gold Standard 100% Micellar Casein Protein Powder, Slow Digesting, Helps Keep You Full, Overnight Muscle Recovery, Chocolate Supreme, 1.87 Pound (Packaging May Vary)",65.0,4.6,346,4.519950139412826,1 x 1.87 lb,2.1724598930481283,$/oz,False,,False,,1.4412886303200065,-0.2573016716760139
B0B2Y6VPMM,"Garden of Life Raw Organic Protein Vanilla Powder Packets, 10ct Tray - Certified Vegan, Gluten Free, Organic & Non-GMO, Plant Based Sugar Free Shake with Probiotics & Enzymes, 4g BCAAs, 22g Protein",28.35,4.3,23036,4.2999722188084375,,,,True,no pack size (sources_disagree),False,,-0.15862758691958376,
B010WC1EMI,Organic Pumpkin Seed Protein Powder by Omega Nutrition,38.46,5.0,2,4.3060529230769236,1 x 600 g,1.8172044323125003,$/oz,False,,False,,-0.11440216036468447,-0.013345424027899896
B00JDTVQ84,"Philosophie Vegan Protein Powder - Green Superfood Powder - Hemp Protein, Spirulina & Maca Root Powder - Vegan, Plant-Based, Organic Superfood Blend - Protein Powder for Meal Replacement Shake, 16oz",54.99,3.0,3,4.263941391941391,1 x 16 oz,3.436875,$/oz,False,,False,,-0.4206825425567502,-0.8839976161452915
B07XS9HLGP,"Vega Sport Protein Powder Vanilla (14 servings, 20.4 oz) - Plant-Based Vegan Protein Powder, BCAAs, Amino Acid, tart cherry, Non Dairy, Gluten Free, Non GMO (Packaging May Vary)",27.99,4.5,671,4.468207324161984,1 x 20.4 oz,1.3720588235294118,$/oz,False,,False,,1.064959183173653,0.3705490191526905
B09TTYXRTH,"Natreve Vegan Protein Powder - 25g Plant Based Protein Powder with Probiotics and Amino Acids - Gluten Free & Unflavored, 20 Servings",19.99,4.0,236,4.1009933576173125,,,,True,no pack size (sources_disagree),False,,-1.6058160412557385,
B0B275R3YW,"Judee's Organic Moringa Powder 1 lb - Non-GMO - Gluten-Free and Keto-Friendly - Blends Well in Smoothies and Protein Shakes - Mix into Juice, Tea, or Lattes",14.99,4.3,35,4.29592794547225,1 x 1 lb,0.936875,$/oz,False,,False,,-0.18804189577266742,0.8917924395323585
B0C7JF2TKP,"Muscle Milk Gainer Protein Powder, Vanilla Creme, 32g Protein, 5 Pound",48.79,4.5,5744,4.4956973948158545,1 x 5 lb,0.609875,$/oz,False,,False,,1.2648965665771772,1.4783119415730095
B00CX96668,Optimum Nutrition Serious Mass Strawberry Weight Gain Protein Powder | 12 lbs,83.71,4.1,69,4.224774038461539,1 x 12 lb,0.4359895833333333,$/oz,False,,False,,-0.7055496957992258,1.9368695159306084
B07K36MZG5,"OMG! Superfoods Organic Chaga Mushroom Powder - 100% Pure, USDA Certified Organic - Source of Fiber, Protein & Iron - 3.5 Ounces (1 Package)",11.99,4.7,118,4.493180976699648,1 x 3.5 oz,3.4257142857142857,$/oz,False,,False,,1.2465944654280585,-0.8795537586126067
B0C6C95Q98,"Bulletproof Chocolate Collagen Protein Powder with MCT Oil, 19g Protein, 42.3 Oz, Value Size, Collagen Peptides and Amino Acids for Healthy Skin, Bones and Joints",65.44,4.6,12062,4.5969188851362,1 x 42.3 oz,1.5470449172576832,$/oz,False,,False,,2.0010881964086438,0.2065539533149655
B07CVLD4GB,"PaleoPro Protein Powder (Ancient Cacao 1lb.) Grass-Fed, Pastured, Cage-Free Protein | Gluten Free, Dairy Free. No Sugar, Soy, Grains or Net Carbs | Paleo & Keto Friendly (15 Servings)",40.99,4.8,10,4.3327565066512435,1 x 1 lb,2.561875,$/oz,False,,False,,0.07981504244178145,-0.48256572238492657
B09DS74R96,"Ultimate Nutrition Whey Gold Protein Powder with 20 Grams of Protein Whey Protein Isolate and Amino Acids for Maximum Muscle Development and Recovery, 27 Servings, Chocolate",29.99,3.9,25,4.228085239085239,,,,True,no pack size (sources_disagree),False,,-0.6814670807720625,
B00D1VYSTY,"Bob's Red Mill Gluten Free Soy Protein Powder, 14 Ounce (Pack of 4)",44.86,4.4,789,4.385807692307693,4 x 14 oz,0.8010714285714285,$/oz,False,,False,,0.46566036747413525,1.1057446781241993
B0977DQG8J,"PlantFusion Vegan Collagen Powder - Plant Based Collagen Protein Powder For Muscle & Joints, Hair, Skin & Nails - Keto, Gluten Free, Soy Free, Non-Dairy, No Sugar, Non-GMO - Unflavored 10.58 oz",35.97,4.2,762,4.213171316818775,1 x 10.58 oz,3.3998109640831755,$/oz,False,,False,,-0.7899371764580676,-0.869183795121882
B08NFN5QNN,"EHPlabs OxyWhey Whey Protein Powder Protein Shake - 25g of Whey Protein Isolate Meal Replacement Shake, Non-GMO, Post Workout Protein Shakes, Isolate Protein Powder - 27 Serves (Raspberry Cheesecake)",44.95,4.0,429,4.065682274247491,,,,True,no pack size (sources_disagree),False,,-1.862636247467604,
B07GH88YY2,"Portions Master 100% Whey Protein Isolate Powder, Cold-Processed, CFM, All-Natural, Hormone Free, Fast-Digesting, Sweetened with Stevia (Chocolate Brownie, 2 LB)",49.99,4.0,22,4.250045623342175,1 x 2 lb,1.5621875,$/oz,False,,False,,-0.5217475288599751,0.19324616254901228
B0C1NTNR11,"Optimum Nutrition Gold Standard 100% Micellar Casein Protein Powder, Naturally Flavored French Vanilla, 4 Pound (Packaging May Vary)",91.99,4.4,2206,4.394442514119628,1 x 4 lb,1.43734375,$/oz,False,,False,,0.5284620859917636,0.30704036676672264
B0794QLKKV,"Naturade Total Soy Protein Powder and Meal Replacement Shakes For Weight Loss, Vanilla (15 Servings)",14.97,4.6,1898,4.581423362387242,,,,True,no pack size (no_size_found),False,,1.8883880759940634,
B094F8JLNF,"Garden of Life Raw Organic Protein & Greens Vanilla - Vegan Protein Powder for Women and Men, Plant and Pea Proteins, Greens & Probiotics, Gluten Free Low Carb Shake Made Without Dairy 20 Servings",35.69,4.4,6900,4.398157000624322,1 x 19.4007 oz,1.8396243434515247,$/oz,False,,False,,0.5554778300321168,-0.030098342103332808
B07YD5SWLQ,"NOW Sports Nutrition, Whey Protein, 26 g With BCAAs, Creamy Vanilla Powder, 6-Pound",72.47,4.4,238,4.364145748987855,,,,True,no pack size (title_conflicting_weight),False,,0.3081113992908142,
B0B3QJ24LZ,"California Performance Co. V-Whey Animal-Free Protein Powder, Vegan Friendly, Up to 23g Protein Per Serving Per Serving… (Vanilla Sundae)",29.99,4.2,84,4.256312151616499,1 x 16.7 oz,1.795808383233533,$/oz,False,,False,,-0.47617059011841806,0.002836304918855647
B08KHSY4H8,"Pure Food: Plant Based Protein Powder with Probiotics | Organic, Clean, All Natural, Vegan, Vegetarian, Whole Superfood Nutritional Supplement with No Additives | Keto (Vanilla + Chocolate)",69.98,3.8,75,4.107356643356643,1 x 70.4 oz,0.9940340909090909,$/oz,False,,False,,-1.5595353780813959,0.8108817035743534
B08FVZ5656,"Orgain Organic Plant Based Protein Powder Travel Pack, Vanilla Bean - Vegan, Low Net Carbs & Organic Plant Based Protein Powder Travel Pack, Creamy Chocolate Fudge - Vegan, Low Net Carbs, 10 Count",51.98,4.3,8,4.295088667058133,,,,True,no pack size (sources_disagree),False,,-0.19414603177793166,
B01703ZND8,"Organic Vegan Protein Powder - Plant Based Strawberry Protein Powder with Pea, Hemp, Brown Rice, Chia Seed & Amino Acids - Low Calorie for Muscle Growth & Speed Recovery by Organic Muscle",53.0,4.4,650,4.383255647328093,1 x 26.8082 oz,1.9770070351608837,$/oz,False,,False,,0.447099149426574,-0.1284983749430118
B0BKH1X1SS,"NuEthix Formulations Iso-Perfect Whey Protein Isolate Powder with 24g Protein, Naturally Sweetened with Stevia, Vanilla, 32 Servings",59.4,4.6,63,4.398153846153846,1 x 32 oz,1.85625,$/oz,False,,False,,0.5554548873274244,-0.042390278344676485
B09TLB5BC2,"Smartshake Glossy Lite Protein Shaker Bottle 800ml Leakproof BPA Free – Gifts for Mens Womens Gym Shaker Drink Bottle for Protein Shakes + Protein Powder (800ml, NavyBlue)",10.9,4.1,12,4.27745641025641,,,,True,no pack size (no_size_found),False,,-0.3223867821500702,
B076KQR2C9,"Skratch Labs Vegan Sport Chocolate Recovery Drink Mix with Electrolytes, (12 Servings) Meal Replacement Shake, Plant Based Non-Dairy Protein Powder from Pea Protein for Post Workout & Muscle Recovery",36.95,4.8,617,4.716022453222453,,,,True,no pack size (no_size_found),False,,2.867337543564687,
B08VZVFGVJ,"Amazing Grass GLOW Vegan Collagen Support with Biotin and Plant Based Protein Powder, Vanilla Honeysuckle, 15 Servings",26.8,4.2,972,4.21064531085353,1 x 11.1 oz,2.4144144144144146,$/oz,False,,False,,-0.8083090107655079,-0.40157164714719035
B09Y7D933K,Jovvily Cricket Protein Powder - 8 oz - No Added Flavor - Mild Taste,21.99,5.0,2,4.3060529230769236,1 x 8 oz,2.74875,$/oz,False,,False,,-0.11440216036468447,-0.5787581055419095
B0BHTZXPN5,NuTherapy Nutritional Protein Powder for Adults- Vitamins and Minerals for Nutritional Support and Bone Health Support - 6 Servings (Pack of 2),18.89,3.9,26,4.225883324728962,1 x 23.2 oz,0.8142241379310345,$/oz,False,,False,,-0.6974817720551701,1.0834947515159898
B09TNR8DK8,"Steel Supplements Veg-PRO Vegan Protein Powder, Blueberry Muffin - Organic Pea Protein Powder, Gluten Free, Dairy Free, Soy Free, Non GMO, BCAA Amino Acid (25 Servings, 1.65lbs)",40.0,4.2,1527,4.207064615384615,1 x 1.65 lb,1.5151515151515151,$/oz,False,,False,,-0.8343516823844287,0.23501423986845962
B01JEQDFLG,"Ultra Premium Organic Pea Protein Powder. USDA Certified ONLY from USA and Canada Grown Peas. No GMO, Soy or Gluten. Vegan. Full Spectrum Amino Acids (BCAA). More Protein Than Whey. 3 LB.",44.95,4.2,329,4.225788972089857,1 x 3 lb,0.9364583333333334,$/oz,False,,False,,-0.69816800600551,0.8924001958283062
B0C3LCHKZJ,Honbay 20PCS 10ml 5g White Plastic Measuring Spoons Coffee Sugar Protein Powder Spices Scoops (Round bottom),8.39,4.6,135,4.454483005366726,,,,True,no pack size (sources_disagree),False,,0.9651411643889953,
B0C3JNHH95,"Myogenix Whey Isolate Vanilla Protein Powder ISO Whey Protein Powder with 25 Grams of Protein Per Serving, 100% Whey Isolate Protein Powder, Protein Shake Powder, Keto Protein Powder (2 lbs)",49.99,4.6,49,4.381724508050089,,,,True,no pack size (title_conflicting_weight),False,,0.4359630565177972,
B07RQVPW6W,"Nutrex Research Plant Protein | Great Tasting Vegan Plant Based Protein Powder | No Artificial Flavors, Colors, or Sweeteners, Gluten Free, Lactose Free | 18 Servings (Cinnamon Cookies)",31.25,4.2,264,4.230120453190221,1 x 19.2 oz,1.6276041666666667,$/oz,False,,False,,-0.6666648131482523,0.1372004041511906
B095XGVV79,Vegan Protein Shake Powder | Meal Replacement Shakes Keto Organic Gluten Free Dairy Free Low Carb Plant Based Protein Powder | Salted Caramel Lean Meal Protein Shake 20 SRV 720 G by Sunwarrior,43.21,4.4,559,4.381021430182721,1 x 720 g,1.7013651308767361,$/oz,False,,False,,0.4308495174912708,0.07664629153169022
B0BG8WPSRC,"Axe & Sledge Plant Fed Vegan Protein Powder, Naturally Flavored, Sweetened, and Colored, 20 Grams Protein, Gluten-Free, Dairy-Free, 30 Servings (Peanut Butter Banana)",49.95,2.5,6,4.211291592128802,,,,True,no pack size (sources_disagree),False,,-0.8036085576911027,
B0B7Y236R7,"Naked Protein Powder Blend - Egg, Whey and Casein Protein Blend, Unflavored",26.99,4.3,985,4.299419327964454,1 x 16 oz,1.686875,$/oz,False,,False,,-0.16264880425458664,0.08833204004441518
B08XB5KFWJ,"Healthier Comforts Pea Vegan Protein Powder w/Low Sodium | 100% Plant Based Protein Powder | Kosher, Gluten Free, Non-GMO, Keto Friendly, Organic Protein Powder | Unflavored Protein Powder 32oz",30.0,4.0,44,4.217105481345003,1 x 32 oz,0.9375,$/oz,False,,False,,-0.7613236973893152,0.890881311702151
B07VBP6P7C,"Fit & Lean Plant Protein Meal Replacement Protein Powder Vanilla, 18.72 Ounce",26.79,3.8,168,4.009129262490087,1 x 18.72 oz,1.4310897435897436,$/oz,False,,False,,-2.2739506211821037,0.3129979481978002
B0BNNV5G8C,"Foods Alive Organic Hemp Protein Powder, 8oz - Organic, Non-GMO, Gluten-Free, Vegan, Kosher (Single Pack)",8.99,4.4,35,4.3180798442064265,1 x 8 oz,1.12375,$/oz,False,,False,,-0.026929444440805254,0.6433058975197989
B08LF2H4YW,BioTrust Ageless Multi Collagen Protein a 5-in-1 Collagen Powder and Ageless Collagen Booster Capsule Bundle,54.0,4.4,58,4.3284895877603065,,,,True,no pack size (only_weak_sources),False,,0.04878141546458433,
B07XYGYK1Q,VitaminMed VitaLean Protein Powder,79.95,5.0,8,4.337836758661186,1 x 35.1329 oz,2.2756447660170385,$/oz,False,,False,,0.11676410331134054,-0.32069954914623455
B09RHJ45JX,"Boto ActiveLab Collagen Premium Anti-Aging Marine Hydrolyzed Collagen Powder | Wild-Caught | Type 1 & 3 Collagen Protein Supplement | Amino Acids for Skin, Hair, Nails | Paleo Friendly, Non-GMO",22.99,3.3,13,4.199680995475113,1 x 150 oz,0.15326666666666666,$/oz,False,,False,,-0.8880533139058524,3.3651860884446014
B01HEUM2YK,"Plant Based Protein Daily Protein Powder | Healthy Skoop | USDA Certified Organic | BCAAs | Vegan, Dairy Free, Gluten Free, Non-GMO | Vanilla | 20 Servings | 19 Ounces, 19 Ounce Tub",39.94,4.5,39,4.344176638176639,1 x 19 oz,2.1021052631578945,$/oz,False,,False,,0.162874531231787,-0.21232412902555023
B08J8C731X,"Organic Blue Spirulina Powder - 16oz / 1lb - 100% Pure Superfood from Blue Green Algae - USDA Certified Natural Food Coloring for Smoothies & Protein Drinks - Non GMO, Gluten-Free, Dairy-Free, Vegan",165.97,4.7,869,4.649754652605459,1 x 16 oz,10.373125,$/oz,False,,False,,2.385366768513124,-2.3932181436413527
B07121K8N9,"Collagen Protein Powder Unflavored Grass Fed Dr. Amy Myers (16 oz) - Collagen Peptides Protein Powder, Non-GMO, Gluten Free, Keto Friendly - Supports Hair, Skin, Nails, Bone & Joint Health",46.97,4.5,562,4.463148343627176,1 x 16 oz,2.935625,$/oz,False,,False,,1.028164831367341,-0.6686210778039089
B09Z4PQ1QS,"Protein Powder Funnel 4 Pack - to go for Travel, Supplement Funnel for Pre Workout and BCAA's. Water Bottle Funnel for Gym Powders. Protein Powder Holder. Portable Protein Funnel.",23.99,4.2,114,4.249184031158714,,,,True,no pack size (no_size_found),False,,-0.528013954613881,
B08XWSCLHH,"SANE Protein Powder Vegan + Unflavored Raw Pea + 26 Grams of Protein Per Serving, Organic Plant Based Vegan Protein Powder, Gluten Free + Cholesterol Free + Soy Free",39.95,4.4,28,4.314282221090169,,,,True,no pack size (sources_disagree),False,,-0.05454984740657236,
B07YD5T1YT,"NOW Sports Nutrition, Egg White Protein, 16 g With BCAAs, Unflavored Powder, 5-Pound",89.27,4.4,2094,4.394161757052149,,,,True,no pack size (title_conflicting_weight),False,,0.5264201183973335,
B01M0HIZUI,"Wild Alaskan Salmon Bone Broth Collagen Powder 5LB Pure Protein Non-Gelling Type - Unflavored, No Taste",119.45,4.5,59,4.361300084530854,1 x 5 lb,1.493125,$/oz,False,,False,,0.28741466435910745,0.25502168165955297
B0019696AY,Manitoba Harvest Hemp Protein Powder 2 Pack,34.52,3.7,31,4.175042957042957,,,,True,no pack size (no_size_found),False,,-1.0672476491385663,
B098QWYYVY,"Pure Protein Powder, Natural Whey, High Protein, Low Sugar, Gluten Free, French Vanilla, 1.6 lbs",36.8,4.3,1800,4.299665426617064,1 x 1.6 lb,1.4374999999999996,$/oz,False,,False,,-0.1608589099585128,0.30689185476801584
B00BEOHFWW,"Whey Protein Powder | MuscleTech Phase8 Protein Powder | Whey & Casein Protein Powder | Slow Release 8-Hour Protein | Muscle Builder for Men & Women | Protein Powder for Muscle Gain | Vanilla, 4.58lbs",45.99,4.5,2591,4.490698826597132,1 x 4.58 lb,0.6275927947598253,$/oz,False,,False,,1.2285415981597116,1.4391863242772973
B0774X9RND,"REDCON1 MRE Meal Replacement Supplement, Fudge Brownie - Whole Food Protein + Carbohydrate Blend with No Whey for Post Workout Fuel - Natural Protein Powder with MCT Oil + Amino Acids (7 lbs)",84.99,4.5,3665,4.493335959710828,,,,True,no pack size (sources_disagree),False,,1.2477216687051085,
B074KP2CDP,"Beverly International Muscle Provider, 30 Servings, Vanilla. Super-Fast-Absorbing Whey Protein Powder for Recovery, Lean Muscle. Fills Your Muscles, not Your Stomach. Tastes Like Ice Cream!",48.95,4.8,561,4.709147098515519,,,,True,no pack size (no_size_found),False,,2.8173325636799973,
B08PQ1D3QG,"Zint Spirulina Powder, Organic (12 oz): Premium Immune Support Supplement, Blue-Green Algae, Immunity Booster, Non-Irradiated Vegan Protein",19.99,4.1,22,4.265218037135279,1 x 12 oz,1.6658333333333333,$/oz,False,,False,,-0.4113974045585832,0.10548131749230169
B000JM7X9A,Metagenics Vasotensin Fish Protein Powder Supplement to Help Support Healthy Blood Pressure Levels - 120 Tablets,84.71,4.6,98,4.430120431604594,1 x 120 ct,,,True,non-dominant dimension (count),False,,0.7879503047398148,
B074ZN8YM7,"Power Meal Plus Matcha Protein Powder Meal Replacement by balanced greens, Organic, Raw, All-in-one Nutritional Vegan Shake, Gluten Free Chocolate - 24 Servings",61.12,3.4,32,4.110042679900745,,,,True,no pack size (no_size_found),False,,-1.539999629151688,
B07BY8FHGB,"Wild Foods Collagen Peptides Powder | Gluten Free and Unflavored Protein Powder for Men & Women | Non-GMO, Keto & Paleo Friendly Supplements | (16 oz)",26.99,4.6,230,4.493644802789278,1 x 16 oz,1.686875,$/oz,False,,False,,1.249967908002384,0.08833204004441518
B097SVNS19,"MetCon Dolce Whey Protein Isolate, Premium Grass-Fed Whey Protein Isolate Powder with 5 All-Natural Ingredients, No Fillers, Organic Cacao Flavor, 500g",54.99,4.7,32,4.378429776674938,1 x 500 g,3.1178805532875002,$/oz,False,,False,,0.41200022359315935,-0.7509136925343151
B07P6S4F9D,"Three Arrows Restore Collagen Peptides - Improve Nutrient Absorption, Reduce Inflammation, Healthy Hair Growth, Improve Wound Healing, Grass Fed, Hydrolyzed, Unflavored Protein Powder 41 Servings",28.99,4.3,94,4.2970350939383195,1 x 16 oz,1.811875,$/oz,False,,False,,-0.17998952042113062,-0.009332688373117022
B07XB37LLX,"Premier Protein Powder, Cafe Latte , 30g Protein, 1g Sugar, 100% Whey Protein, Keto Friendly, No Soy Ingredients, Gluten Free, 17 servings, 23.9 Ounce (Pack of 1)",21.99,4.4,41236,4.399687047931155,1 x 23.9 oz,0.9200836820083682,$/oz,False,,False,,0.5666059809511729,0.916501153654227
B09FGPJW5T,"Ultimate Nutrition ISO Mass Xtreme Gainer, Weight Gainer Protein Powder with Creatine, 60 Grams of Protein, Whey Isolate Protein Powder for Lean Muscle Gain, 10 LBS with 30 Servings, Cookies N Cream",109.99,4.5,160,4.41080076107638,,,,True,no pack size (title_conflicting_weight),False,,0.6474368654596743,
B08ZXBSV87,"Probase Nutrition Organic Pumpkin Seed Protein Powder, Plant Based, Vegan, Unflavored, Unsweetened, No Added Sugar, Gluten and Soy Free, Paleo and Keto Friendly, 1 lb - Cold Pressed",26.99,4.5,299,4.440181553044113,1 x 1 lb,1.686875,$/oz,False,,False,,0.8611256093816442,0.08833204004441518
B07KV69WJD,"Sun Star Organics Pea Protein Powder, Unsweetened, Vanilla Flavor, Soy Free, Non-GMO 17.6 oz",15.99,4.3,39,4.29602849002849,1 x 17.6 oz,0.9085227272727272,$/oz,False,,False,,-0.18731062753609723,0.9337768281120737
B09RL5QHQQ,"Orgain Vegan Protein Powder + Oatmilk, Vanilla Bean, 20g of Plant Based Protein, 2g of Sugar, Made from Organic Oats, No Dairy or Soy, Non-GMO, 1lb",25.99,4.4,1171,4.389997384377601,,,,True,no pack size (title_conflicting_weight),False,,0.49613231788383755,
B01BGDZ0WW,"Optimum Nutrition Gold Standard 100% Whey Protein Powder, Mocha Cappuccino, 5 Pound (Packaging May Vary)",84.99,4.3,47,4.296215384615385,1 x 5 lb,1.0623749999999998,$/oz,False,,False,,-0.18595132893164917,0.7200396466768807
B0C3T4GKJC,"Hydrolyzed Multi Collagen + VIT C, Biotin, Hyaluronic Acid, CoQ10, Probiotics, Zinc, Protein | Keto Chocolate Coconut Drink Powder (11.2 oz Pouch) Healthy Aging, Beauty Supplement by Svete",59.0,4.9,39,4.440472934472934,1 x 11.2 oz,5.267857142857143,$/oz,False,,False,,0.8632448487675489,-1.4674638353786376
B015L5RTMA,"MTN OPS Magnum 100% Whey Isolate Protein Powder - 32 Servings, Chocolate",49.95,4.6,254,4.500415425423382,1 x 37.6 oz,1.3284574468085106,$/oz,False,,False,,1.299211163522529,0.41467017768580533
B06XK7GLPB,"Yuve Vegan Protein Powder with Superfoods - Award Winning Taste - Complete Nutritional Shake - Natural Greens, Plant Based, Non-GMO, Gluten, Dairy, Soy & Lactose Free (Chocolate) 10-Pack(35.5g)",31.99,4.3,279,4.2983995407577495,10 x 35.5 g,2.5546513937147886,$/oz,False,,False,,-0.17006579449459527,-0.47870796511016794
B0025Q5M5K,"Bluebonnet Nutrition Whey Protein Isolate Powder, Whey From Grass Fed Cows, 26g of Protein, No Sugar Added, Non GMO, Gluten Free, Soy free, kosher Dairy, 2 Lbs, 28 Servings, Strawberry Flavor",47.96,4.5,182,4.4172348045397225,1 x 2 lb,1.49875,$/oz,False,,False,,0.6942321549648388,0.24988437659802304
B00CLTUIHI,"NutriBiotic Certified Organic Rice Protein Chocolate, 22.9 Oz | Low Carbohydrate Vegan Protein Powder | Raw, Certified Kosher & Keto Friendly | Made without Chemicals, GMOs & Gluten | Easy to Digest",22.49,4.0,105,4.15902024291498,1 x 22.9 oz,0.9820960698689957,$/oz,False,,False,,-1.1837820727166837,0.827389071779118
B092DR8DBZ,"Tripact Vegan Protein Powder - Non-GMO, Organic Plant Based Proteins - Superfoods, Greens, Probiotics - BCAAs & Glutamine - No Artificial Colors or Flavors - Chocolate Peanut Butter (20 servings)",49.99,4.1,29,4.257609311740891,1 x 23.9863 oz,2.084106344038055,$/oz,False,,False,,-0.4667362454638755,-0.20057559481071946
B09J5D2H24,Keto Collagen Protein Powder with MCT Oil – Keto and Paleo Friendly Grass Fed and Pasture Raised Hydrolyzed Collagen Peptides – Fits Low Carb Diet and Keto Snacks – KEYTO Vanilla Flavor,27.18,4.4,6889,4.398154109438765,1 x 11.9 oz,2.284033613445378,$/oz,False,,False,,0.5554568022187436,-0.32572672800824054
B09Y33RJDM,"GHOST Vegan Protein Powder, Banana Pancake Batter  - 2lb, 20g of Protein - Plant-Based Pea & Organic Pumpkin Protein - ­Post Workout & Nutrition Shakes, Smoothies, & Baking - Soy & Gluten-Free",49.99,4.2,852,4.211955502958579,,,,True,no pack size (sources_disagree),False,,-0.798779883520335,
B0BNGTYSG2,"NOW Supplements, Organic Chlorella Powder with naturally occurring Chlorophyll, Beta-Carotene, mixed Carotenoids, Vitamin C, Iron and Protein, 4-Ounce",11.36,4.5,724,4.470196712378531,1 x 4 oz,2.84,$/oz,False,,False,,1.0794281556109497,-0.6233763572156082
B09BRJDJ5M,"Arma Sport RELOAD - 100% Organic Grass Fed Whey Protein Powder for Men & Women - Advanced Formula with MCT Oil, Curcugreen, & Bioperine - Extended Absorption with Enhanced Bioavailability - Vanilla",44.99,4.7,28,4.369911360163016,1 x 20 oz,2.2495000000000003,$/oz,False,,False,,0.3500451297129141,-0.30491206685423916
B09NJP3HPK,Perfect Keto Beauty+Sleep Collagen Powder | Keto-Friendly Grassfed Collagen Peptides Protein Powder for Sleep and Stress Relief– Mexican Hot Chocolate,39.99,3.7,272,3.8852066212268745,1 x 10.58 oz,3.779773156899811,$/oz,False,,False,,-3.175249455608047,-1.0139285413947619
B0C6NTLCJB,"Optimum Nutrition Gold Standard 100% Whey Protein Powder, French Vanilla Creme, 5 Pound (Packaging May Vary)",83.94,4.7,220034,4.699773600727593,1 x 5 lb,1.04925,$/oz,False,,False,,2.7491583983730523,0.7370237988302962
B09V3JLF8G,"Autoimmune Health & Nutrition Paleo Perfection Double Chocolate Protein Powder (NO STEVIA, AIP Elimination Phase Compliant), 16 Ounce (Pack of 1)",49.5,4.0,5,4.283254807692308,1 x 16 oz,3.09375,$/oz,False,,False,,-0.2802145947496021,-0.740298702052334
B01M4RYJ68,"Body Nutrition, Trutein Protein Powder, Breakfast Shake, Meal Replacement, and Pre and Post Workout Recovery Drink Mix, Keto Friendly and Natural, 25 Grams of Protein, Strawberries & Cream, 4 Pounds",54.95,4.0,43,4.218413345690454,,,,True,no pack size (title_conflicting_weight),False,,-0.7518115001174829,
B09P9JMW9L,"SHIFAA NUTRITION Halal & Grass-Fed Hydrolyzed Collagen Peptides Protein Powder Unflavored, 1 Lb. (16 Oz) | Type I & III | for Hair, Skin, Nail, Joints | Keto & Paleo Friendly, Sugar-Free, Gluten-Free",32.99,4.7,57,4.423092307692308,1 x 1 lb,2.061875,$/oz,False,,False,,0.7368342227569373,-0.18592354790169388
B096H4G4HY,"PRTCL Essential Dark Chocolate Whey Protein Powder - 2 lbs, 30 Servings, 20g Protein per Scoop",40.99,4.4,20,4.309486820871436,,,,True,no pack size (sources_disagree),False,,-0.08942715944327556,
B09YDN57SW,"RAW CBUM Itholate Whey Protein Powder | Naturally Flavored Protein Whey Isolate, Post Workout Powder Supplement | Formulated & Flavored by Chris Bumstead | Cinnamon Crunch Cereal Flavor | 25 Servings",49.99,4.7,247,4.56528814968815,,,,True,no pack size (no_size_found),False,,1.7710354417162166,
B0B4T78JCR,"LA Muscle LA Whey Gold Diet Protein Powder, Banana | Only Whey Isolate & Concentrate | Triple filtrated, Pharma Grade, Highest Biological Value",139.99,4.5,29,4.333925101214575,1 x 70.4 oz,1.9884943181818182,$/oz,False,,False,,0.08831431995161333,-0.1364138356168763
B0BP9CN1SR,"Growing Naturals | Vanilla Rice Powder 15g Plant Protein | 2.8G BCAA, Low-Carb, Low-Sugar, Non-GMO, Vegan, Gluten-Free, Keto & Food Allergy Friendly | Vanilla Blast (16.4 Ounce (Pack of 1))",25.73,4.5,152,4.4082058741258745,,,,True,no pack size (title_conflicting_weight),False,,0.6285640544856901,
B095VLPBLN,"Designs for Health Organic PurePea Powder, Unflavored + Unsweetened - 22g Vegan Protein from Non-GMO, Natural Pea Protein Isolate - Soy Free + Dairy-Free Easy Shake Add In (15 Servings / 450g)",58.99,4.3,145,4.297599311136624,,,,True,no pack size (title_conflicting_weight),False,,-0.1758859256461067,
B01LZ5SOZC,"Vega Sport Performance Protein Powder, Chocolate, 1.6 Ounce",4.49,4.2,43,4.270220574606117,1 x 1.6 oz,2.8062499999999995,$/oz,False,,False,,-0.3750135674673327,-0.6070430320551985
B00FGCNZVS,Greens Shake Powder Drink by Moms for Nutrition with Whey Protein Isolate and Concentrated Fruit and Vegetable Extracts,43.5,3.3,14,4.193113980909601,1 x 19.04 oz,2.284663865546219,$/oz,False,,False,,-0.9358157123926826,-0.32610367272873403
B01N0EUG1Z,"HealthForce SuperFoods Warrior Food - 1000 grams, Vanilla Flavor - All Natural Plant Based Protein Powder - Organic, Non GMO, Vegan, Gluten Free - 50 Servings",59.95,4.5,189,4.419091715976331,1 x 1000 g,1.6995539113437501,$/oz,False,,False,,0.7077376136638107,0.07810151805718916
B07PNCYT1N,"Nashua Nutrition Syntrax - Nectar - Medical Unflavored - 2lb Jug Protein Isolate Powder, Vegan, Low Calorie, Sugar, Gluten and Lactose-Free, Unflavored, 32lb (907g)",52.99,4.7,14,4.336179674340259,,,,True,no pack size (title_conflicting_weight),False,,0.10471200248640186,
B079ZJYGR4,"Zammex Collagen Peptides Powder, 90 Servings, Unflavored Instant Powdered, Pure Hydrolyzed Collagen Protein Powder (Type I, III) 100% Grass Fed, Paleo & Keto, Non-GMO, for Skin Hair Nail Joint",36.95,4.4,5658,4.397761047463176,1 x 32 oz,1.1546875,$/oz,False,,False,,0.5525980324504085,0.6062010585549931
B08TTLFKKX,Magnum Nutraceuticals Quattro Protein Powder - 2lbs - Iced Caramel Macchiato - Protein Isolate - Lean Muscle Creator - Metabolic Optimize,49.99,4.3,82,4.296861538461538,,,,True,no pack size (sources_disagree),False,,-0.18125180265895754,
B0BQCZHVCW,"Haidy Cruz - Whey Blend Protein Blend Powder - Extra Strength Formula for Muscle Growth and Improved Strength - Gluten-Free, Soy Free 2lb, 28 Servings with 25g of Protein - Pistachio Macaroon Flavor",56.87,5.0,38,4.46122121356904,1 x 2 lb,1.7771875,$/oz,False,,False,,1.0141486672710966,0.01707687760356723
B075VGSMSK,"Nuliv Science AstraGin Maximum bioavailability Enhancer for pre-Workout Supplements, BCAA and Protein Powder",24.95,4.4,69,4.3325865384615385,1 x 60 ct,,,True,non-dominant dimension (count),False,,0.07857885081683724,
B0014NY3SW,"Dymatize ISO100 Hydrolyzed Protein Powder, White, Gourmet Vanilla, 25.6 Ounce",39.5,4.6,2227,4.584024091653028,1 x 25.6 oz,1.5429687499999998,$/oz,False,,False,,1.9073033785732858,0.21015847472648058
B07SQNB2RQ,"Vegan Protein Powder Vanilla & Strawberry Flavored, 500 Grams (17.63 Oz): Organic Superfood Protein Powder for Healthy Weight and Increased Energy; Protein Powder Meal Replacement for Women and Men",14.99,4.8,12,4.339678632478632,,,,True,no pack size (sources_disagree),True,False,0.13016019225765557,
B072BZHL7T,"BRI Spirulina 2000mg Maximum Strength Premium Quality Spirulina Superfood Powder, Packed w Antioxidants, Protein and Vitamins in Easy to Swallow Vegetable Cellulose Capsules (240 Count)",59.99,4.5,1835,4.487107566590712,1 x 240 ct,,,True,non-dominant dimension (count),False,,1.2024220898526545,
B01BXFUBUO,"BulkSupplements.com Pea Protein Isolate Powder - Unflavored, No Sugar Added, Plant Based Protein Powder - Vegetarian & Vegan, 21g of Protein - 30g per Serving (100 Grams - 3.5 oz)",10.96,4.1,1303,4.1167998705361954,,,,True,no pack size (title_conflicting_weight),False,,-1.4908540655836064,
B076HJ9WBB,Sparkle Skin Boost Acai Lemonade Verisol Collagen Peptides Protein Powder Vitamin C Supplement Drink,19.5,4.3,155,4.297685666851135,1 x 4.7 oz,4.148936170212766,$/oz,False,,False,,-0.17525785393910318,-1.141245299879486
B09RGLRF9S,Almased Meal Replacement Shake - Low-Glycemic High Plant Base Protein Powder- Nutritional Weight Health Support Supplement - Original Flavor - 17.6 oz,93.2,4.1,549,4.135649725274725,1 x 17.6 oz,5.295454545454545,$/oz,False,,False,,-1.3537576324237517,-1.4746026296206602
B0BQCDZZWX,"MRI PERFORMANCE Hydrolyzed Whey Protein Isolate Powder with VELOSITOL, 100% Hydrolyzed Whey Protein Isolate Powder",39.99,4.2,40,4.271512977819726,1 x 30.88 oz,1.2950129533678758,$/oz,False,,False,,-0.36561382018821836,0.44950613454787414
B00FYDE1FS,"Growing Naturals Original Rice Protein Isolate Powder, 16.2 Ounce - 1 each.",36.07,3.2,6,4.243849731663685,,,,True,no pack size (title_size_count_ambiguous),False,,-0.5668107222452043,
B07SV58JW5,"Evlution Nutrition 100% Isolate, Whey Isolate Protein Powder, 25 G of Fast Absorbing Protein, No Sugar Added, Low-Carb, Gluten-Free (Vanilla Ice Cream, 1.6 LB)",19.99,4.5,342,4.445713151364764,,,,True,no pack size (title_conflicting_weight),False,,0.9013573464402979,
B0942BK6L7,"Grass-Fed Hydrolyzed Collagen Peptides Powder | Multi Types 1 & 3 | Pure Bovine | Keto Friendly | Supports Hair, Skin, Nails | 16oz Unflavored Supplement by Transformation Protein",29.95,4.4,154,4.353272979727853,1 x 16 oz,1.871875,$/oz,False,,False,,0.2290329180614875,-0.05384245043486884
B0BPCVWSM4,Protein Milkshake Organic Protein Powder - Cupcake Batter,44.99,3.9,1193,3.936897124152443,1 x 16.8 oz,2.6779761904761905,$/oz,False,,False,,-2.799300479998729,-0.5431199638920071
B00WW8ZA30,"SOTRU Vegan Protein Shake, Chocolate - 20.7 oz. - Whole Food, Plant-Based Protein Powder with Green Superfoods, Enzymes & Probiotics - USDA Certified Organic, Non-GMO, Gluten-Free - 21 Servings",39.98,4.5,116,4.394379143868683,1 x 20.7 oz,1.9314009661835752,$/oz,False,,False,,0.5280011893167722,-0.09661250868525713
B08SCGKXVD,"HMR 120 Shake and Tumbler Starter Set (Chocolate) - Chocolate Shake Meal Replacement Powder, 12g Protein, 120 Cal, Canister of 12 Servings paired with an HMR Extra Large 28 Oz. Stainless Tumbler",47.0,4.6,15,4.327946488294314,,,,True,no pack size (no_size_found),False,,0.04483141156952117,
B095VYBRDP,"Designs for Health VegeMeal - Non-Dairy Pea Protein Meal Supplement Powder with 5-MTHF, Minerals, Vitamins, Creatine + 16g Vegan Protein per Serving - Vanilla Flavor (15 Servings / 540g)",72.99,4.4,111,4.344686390532544,,,,True,no pack size (title_conflicting_weight),False,,0.16658199904832427,
B01E3PRQPE,"Plant Based Protein Breakfast Protein Powder | Healthy Skoop| USDA Certified Organic | Probiotics | Fiber | Vegan, Dairy Free, Gluten Free, Non-GMO | Chocolate | 14.5 Ounces",37.99,3.8,136,4.034967626967627,1 x 14.5 oz,2.6200000000000006,$/oz,False,,False,,-2.0860262229471163,-0.5132171008645106
B08B2PVYNJ,REDCON1 Glutamine - Amino Acid Supplement for Repair + Protein Synthesis - Sugar Free L-Glutamine Powder Supports Muscle Recovery & Immune System (60 Servings),26.99,4.7,96,4.472404636459431,1 x 10.58 oz,2.551039697542533,$/oz,False,,False,,1.095486556080235,-0.47677505121517255
B0C118P1X9,"Vega Real Food Smoothie, Wildberry Bliss, Vegan Protein Powder, 20g Plant Based Protein, No Blender Required, Gluten Free, Non GMO, Pea Protein for Women and Men, 1.30 Pounds (14 Servings)",19.99,4.1,399,4.1458938992042444,,,,True,no pack size (title_conflicting_weight),False,,-1.2792509730416155,
B0BD9DXWN4,"Mighty Cricket Protein Powder. 20g Clean Prebiotic Cricket Protein. No Sugar, Low Carbs, Gluten & Dairy Free. Keto & Paleo, 100% Natural Ingredients. Vanilla, 1 lb (Pack of 1)",38.49,4.2,21,4.280948717948718,,,,True,no pack size (title_conflicting_weight),False,,-0.2969869615809773,
B06X16H4VP,"Smart138 Vanilla Pea Protein, Ultra-Fine Powder, Vegan, Gluten-Free, Soy-Free, Dairy-Free, Non-GMO, USA/Canada, Keto (Low Carb), Natural BCAAs (1000g / 2.2lbs, Vanilla)",39.99,4.1,278,4.159742183004028,1 x 1000 g,1.13369742976875,$/oz,False,,False,,-1.1785313473112835,0.6312651954919667
B097B2P1NF,"Pro Jym Protein Powder - Egg White, Milk, Whey protein isolates & Micellar Casein | JYM Supplement Science | Banana Cream Pie Flavor, 4 Lb",47.99,4.7,1170,4.661451365339997,1 x 4 lb,0.74984375,$/oz,False,,False,,2.47043785356095,1.1960327560345432
B09NB2YVJB,"RENEVA Collagen Powder - 10g Collagen Peptides (Type I and III) Protein Supplement Packet with Zero Sugar (Lemon Strawberry, 30 Count Travel Pack)",29.99,4.3,40,4.296052855120339,,,,True,no pack size (sources_disagree),False,,-0.18713341836220995,
B00B1SXT8A,"Omega Nutrition Pumpkin Seed Protein Powder, 26.50-Ounce",29.4,4.4,459,4.377760507533703,,,,True,no pack size (sources_disagree),False,,0.40713257801392233,
B092B62F47,"NaturesPlus SPIRU-TEIN Shake - Chocolate - 2.1 lbs, Spirulina Protein Powder - Plant Based Meal Replacement, Vitamins & Minerals for Energy - Vegetarian, Gluten-Free - 34 Servings",39.91,4.7,779,4.644741258741259,1 x 2.1 lb,1.187797619047619,$/oz,False,,False,,2.3489039720438005,0.567576050035962
B07G3FL89B,"Tru-Nut Plant Based Peanut Butter Protein Powder - Vegan Protein Powder, Non Dairy, Gluten Free, Non GMO, Natural Protein Powder 16oz",11.99,4.1,43,4.244316960148286,1 x 16 oz,0.749375,$/oz,False,,False,,-0.5634125337924045,1.1968870986141875
B0BT8F7NKQ,"SEEQ Clear Whey Isolate Protein Powder, 22g Protein, Zero Lactose, Zero Sugar, Keto-Friendly, Best Protein Powder for Men and Women, Juicy Protein with 25 Servings (Blue Razz Freeze)",49.99,4.0,290,4.087788414974856,1 x 24.64 oz,2.028814935064935,$/oz,False,,False,,-1.7018565976140267,-0.1638398215192603
B09X251QH5,"drink wholesome Chocolate Egg White Protein Powder | Easy to Digest & Gut Friendly | All Natural Ingredients | Minimally Processed | Dairy Free | No Additives, No Lactose | 20g Protein",44.99,4.3,260,4.2983201446073505,1 x 18.24 oz,2.46655701754386,$/oz,False,,False,,-0.170643248760282,-0.4307633027555778
B01ERCFFBA,"Pure Whey from 100% Grass-Fed Cows | GMO Free, Hormone Free, Soy Free Protein Shake Mix | 17 Grams of Protein Per Scoop & Only 90 Calories | Best All-Natural Vanilla Protein Powder for Men & Women",69.95,5.0,1,4.300456575682382,,,,True,no pack size (sources_disagree),False,,-0.15510482238291304,
B0821R7VM9,Get Chia Organic Hemp Heart Protein Powder-74% | 22 Grams Protein Per Serving I Cold Processed & Stored | Made from The Hemp Heart | (6 LBS (2 X 3 LB Bags),68.95,4.7,59,4.426135249366019,2 x 3 lb,0.7182291666666667,$/oz,False,,False,,0.7589657699527136,1.254884961844411
B096L8684S,"Designer Wellness, Soy Isolate Protein Powder with Biotin, Hyaluronic Acid and Prebiotics, Vegan, Zero Sugar, Non-GMO, Angel Cake Natural Vanilla Flavor, 11.4 Ounces",11.99,4.2,170,4.23978367025466,1 x 11.4 oz,1.0517543859649123,$/oz,False,,False,,-0.5963834974160861,0.733766705000305
B09MZ8ZWWN,"Z Natural Foods Chlorella Powder - Broken Cell Wall - Amazing Blue Green Algae Superfood for Smoothies, Drinks, Recipes - Raw, Non GMO, Gluten Free, Vegan, Plant Protein -1 lb",24.99,4.4,25,4.3125446985446985,1 x 1 lb,1.561875,$/oz,False,,False,,-0.06718698158203712,0.1935194917748438
B08RD9QV3P,"Sparkle Muscle Boost (Orange) [30-Serves] BODYBALANCE Protein Super Collagen Powder & Time Delayed Non-Acidic Vitamin C Supplement Drink, Improve Muscle Conditioning Keto Protein Powder Nutrition",35.0,4.5,80,4.375648351648351,1 x 30 ct,,,True,non-dominant dimension (count),False,,0.39177070694509736,
B0C2JDBY56,"Zint Collagen Peptides Powder: Paleo & Keto Certified - Granulated Collagen Hydrolysate for Enhanced Absorption - Enzymatically Hydrolyzed Protein for Women & Men, 16 oz",27.99,4.5,5235,4.495288655353605,1 x 16 oz,1.749375,$/oz,False,,False,,1.261923773250999,0.038627172104844204
B0BXCSMRN1,"Ritual 50 and Over Vegan Plant Based Protein Powder with BCAA: 20g Organic Pea Protein from Regenerative Farms in USA, Hand-Crafted Vanilla, 3rd Party Tested, Gluten-Free, Dairy-Free, Non-GMO, 1 Lbs",44.5,4.1,206,4.172816460135609,,,,True,no pack size (title_conflicting_weight),False,,-1.083441131193099,
B0B76LLGMG,"Pro Jym Protein Powder - Egg White, Milk, Whey protein isolates & Micellar Casein | JYM Supplement Science | Tahitian Vanilla Bean Flavor, 1.7 Pound",32.56,4.6,1363,4.574735272802568,,,,True,no pack size (sources_disagree),False,,1.8397450896458316,
B07PWWC61V,"NOOSH Plant Based Almond Protein Powder Chocolate 35 Gram - Vegan, All Natural Ingredients, Non-GMO, Gluten Free, Kosher, Peanut Free, Soy Free, Dairy Free (Chocolate)",24.95,4.5,280,4.437361328497805,,,,True,no pack size (sources_disagree),False,,0.8406139008633636,
B09Y2F22DN,"Collagen Peptides Powder - Hydrolyzed Protein(Type I & III) - Digestive Enzymes - Keto Collagen Powder for Women & Men - Hair, Skin, Joints & Workout Recovery Aid - Grass Fed, Non-GMO, Gluten-Free",19.97,4.3,49569,4.299987052551409,1 x 8.67 oz,2.303344867358708,$/oz,False,,False,,-0.158519699974032,-0.33722954548394973
B0B4LQH3GB,"ENIVA Natural Power 100% Grass Fed Whey Protein Powder, Organic Vanilla, Clean Protein for Everyone & Keto, Low Carb, Gluten Free Non GMO Soy Free, Whey (WPI) Isolate Primary, USA Made, 5.28 lbs",79.95,4.3,69,4.296649038461538,,,,True,no pack size (sources_disagree),False,,-0.18279733138851928,
B06XS2LCXW,"Muscle Milk Lean Muscle Vanilla Creme Protein Powder, 1.93 Pound (Pack of 1)",22.16,4.6,629,4.550075286415712,1 x 1.93 lb,0.7176165803108809,$/oz,False,,False,,1.6603911252623234,1.2560507384120223
B0C8D3DHXZ,"KOS Plant Based Protein Powder, No Erythritol, Chocolate Peanut Butter - Organic Pea Protein Blend, Superfood with Vitamins & Minerals - Soy, Dairy Free, Meal Replacement for Women & Men, 14 Servings",34.99,4.2,1031,4.210101053192908,1 x 19 oz,1.8415789473684212,$/oz,False,,False,,-0.8122674382985713,-0.03154919962603935
B0C8CCNQFY,"Garden of Life Grass Fed Collagen Beauty - Cranberry Pomegranate, 20 Servings, Collagen Powder for Women Men Hair Skin Nails, Collagen Peptides Powder, Collagen Protein Hydrolyzed Collagen Supplement",19.99,4.3,2696,4.29977176849401,1 x 9.52 oz,2.0997899159663866,$/oz,False,,False,,-0.16008547736568624,-0.2108184697105979
B078SH3B1K,"NF Sports Post Workout Nutri Whey Protein Powder, Dietary Supplement, Amino Energy, Supports Immunity, BCAA Powder, Protein Powered, Helps Fight Stress (Belgian Chocolate Powder, 920g, 23 Servings)",39.99,4.5,50,4.354084481991997,,,,True,no pack size (sources_disagree),False,,0.23493503600661136,
B00AY3RND0,"Fit & Fresh Jaxx Powder Pack, Convenient Container for Taking Protein Powder and Supplements On The Go, 12 oz",15.0,4.4,411,4.375761452031115,,,,True,no pack size (no_size_found),False,,0.3925932946669159,
B096CMBLWP,"Hydrolyzed Marine Collagen Powder (10 oz): Anti Aging Collagen Peptides Protein Supplements from Japan - Unflavored, Paleo Certified, Sustainable, Non GMO - Beauty, Skin, Hair & Nails",59.99,4.0,33,4.232414201183432,1 x 10 oz,5.9990000000000006,$/oz,False,,False,,-0.6499822088099776,-1.645032347195129
B0BZ3WR7ZJ,RICHARD BOY Fasting Whey Protein Isolate Chocolate Flavor- 100% Natural Powder -100% Grass-Fed -Gluten Free Keto -with Coconut Oil – Chocolate Shake (2 Pounds),59.95,4.6,75,4.4103869463869465,1 x 2 lb,1.8734375,$/oz,False,,False,,0.6444271596185736,-0.054982405553787236
B003PQZJJS,Nutri-West - Total Green Protein Powder - 16oz,74.53,4.4,32,4.316494292803971,1 x 16 oz,4.658125,$/oz,False,,False,,-0.03846128088641785,-1.2994022286512594
B0BGJJXP1C,"Gorilla Gulps 100% Organic Pure Plant Protein Powder | USDA Certified | Organic Protein Powder | Vegan | Non-GMO | Sugar, Soy, Dairy, & Gluten Free | 20 Servings - Unflavored",54.99,4.0,36,4.228029027576198,1 x 21.1644 oz,2.598230991665249,$/oz,False,,False,,-0.6818759113704402,-0.501817920452318
B07RG7FBB5,"Nova Lucia Chocolate Whey Isolate Protein Powder with Prohydrolase, Keto, Gluten Lactose Free, Low Cholesterol Meal Replacement Supplement, Sweetened by Stevia for Women & Men 14.82 oz",32.95,4.1,207,4.1725958041958044,1 x 14.82 oz,2.2233468286099867,$/oz,False,,False,,-1.0850459786957631,-0.2889348531171258
B08V121RBG,"MTN OPS Magnum 100% Whey Isolate Protein Powder - 32 Servings, Mocha",49.95,4.6,255,4.500678876678877,1 x 37.6 oz,1.3284574468085106,$/oz,False,,False,,1.3011272646246759,0.41467017768580533
B0B4P6TF3Q,HERBALIFE COMBO FIVE FORMULA 1 Healthy Nutritional Shake Mix (Cookies and Cream 750g)-HERBAL ALOE CONCENTRATE PINT 473ml-PERSONALIZED PROTEIN POWDER 360g-HERBAL TEA CONCENTRATE 51g with SHAKER CUP and SPOON,143.5,4.3,308,4.298507228270569,,,,True,no pack size (no_size_found),False,,-0.16928257498928614,
B06XWLC1MT,"Raw Grass Fed Whey 5LB - Happy Healthy Cows, COLD PROCESSED Undenatured 100% Grass Fed Whey Protein Powder, GMO-Free + rBGH Free + Soy Free + Gluten Free, Unflavored, Unsweetened (5 LB BULK, 90 Serve)",79.96,4.5,2891,4.4916246235516315,1 x 5 lb,0.9994999999999999,$/oz,False,,False,,1.2352749901169813,0.8033897411999591
B08ZDTMGYV,"KompleX Nutrition Plant Based Protein Powder (25 Servings) - Coconut Flavored Natural, Vegan, Zero Sugar, Low Fat, Non GMO Dietary Supplement Made from 29 Natural Greens & Fruits",47.99,4.0,94,4.167081176887629,1 x 35.2 oz,1.3633522727272727,$/oz,False,,False,,-1.1251542842845326,0.37924624529638146
B0BY9L89NK,"RG LIFE & NUTRITION - La Formula RG Hydrolyzed Whey Protein Powder with BCAA, 2.05 Lb – Easy Digesting and Fast Absorbing for Optimal Muscle Recovery – Sugar Free (Dark Chocolate)",69.99,4.5,27,4.331710769230769,,,,True,no pack size (sources_disagree),False,,0.07220931431509257,
B0984S54L2,"BSN SYNTHA-6 Isolate Protein Powder, Vanilla Protein Powder with Whey Protein Isolate, Milk Protein Isolate, Flavor: Vanilla Ice Cream, 48 Servings",76.73,4.6,3371,4.589254898507331,1 x 64.32 oz,1.1929415422885574,$/oz,False,,False,,1.9453474363244214,0.5616721485620478
B07R6YFLG2,"Isopure Multi Collagen Peptides Protein Powder, Vitamin C for Immune Support, 6.88 oz.",20.99,4.3,2219,4.29972528410957,1 x 6.88 oz,3.050872093023256,$/oz,False,,False,,-0.16042356184393816,-0.7212308747001398
B0C7SZN1QR,"REDCON1 MRE Lite Whole Food Protein Powder, Fudge Brownie - Low Carb & Whey Free Meal Replacement with Animal Protein Blends - Easy to Digest Supplement Made with MCT Oils (1.92 lbs)",39.99,4.6,3946,4.590773314176607,1 x 1.92 lb,1.3017578125,$/oz,False,,False,,1.956390989455165,0.44240878803768746
B097NJSF9J,"Ancient Nutrition Keto Protein Powder, KetoPROTEIN with Fats from Bone Broth and MCT Oil, Vanilla, 18g Protein 11g Fat Per Serving, Gluten Free, 17 Servings",54.0,4.3,598,4.299107649631921,1 x 18.7 oz,2.8877005347593583,$/oz,False,,False,,-0.16491566457134937,-0.6461330290654965
B0C5L8JNSJ,"Naked Shake - Chocolate Coconut Almond Protein Powder - Flavored Plant Based Protein from US & Canadian Farms with MCT Oil, Gluten-Free, Soy-Free, No GMOs or Artificial Sweeteners - 30 Servings",41.99,4.2,1327,4.208039045092838,1 x 38.4 oz,1.0934895833333333,$/oz,False,,False,,-0.8272645806950286,0.6806004163892788
B01CS939BC,Maxi Health NatureMax EnergizeTM Whey Protein Powder- Energy Support Meal Replacement - 20g Protein Per Serving - Natural Chocolate Flavor - Kosher Dairy Vitamin - 1.17lb,37.6,3.5,6,4.257803220035779,,,,True,no pack size (sources_disagree),False,,-0.46532593562552615,
B08XRXRTK9,"Vegan Creations Plant Based Protein Powder by NutraOne – Vegan Protein Powder, Dairy Free, Pea Protein Isolate and Brown Rice (Vanilla Ice Cream)",32.99,4.3,84,4.296891861761427,1 x 17.6 oz,1.8744318181818183,$/oz,False,,False,,-0.1810312589829419,-0.05570733662369115
B0BTZ72WV8,Sunwarrior Warrior Blend Protein Greens Powder Drink Mix | BCAA Plant Based Organic Hemp Seed Vegan Gluten Free Non-GMO Low Carb Protein Powder | Chocolate 750 G 30 SRV,47.97,4.5,26,4.330581311306144,1 x 750 g,1.8132354990750001,$/oz,False,,False,,0.06399468056761215,-0.010358181571117463
B0006GIOBU,"ImmunoPro The Finest Grass-Fed Whey 300g for Immune Systems Well Wisdom - Non-Denatured, Unflavored Whey Protein Powder, High Protein, Non-GMO, Hormone-Free",40.44,4.8,58,4.4566663833404165,1 x 300 g,3.82151571725,$/oz,False,,False,,0.9810210391458483,-1.0289340933152737
B07PGR3VPJ,"Mtn Ops Eva Shockey Signature Series Collagen Peptide Protein Powder, 20 Servings, 21.2 Ounce",44.95,4.3,59,4.296464919695689,,,,True,no pack size (sources_disagree),False,,-0.1841364412345052,
B09KM8SRF5,"PERFORMIX Post Workout Plant-Based Protein Powder - 36 Servings - Includes Pea, Pumpkin, Sunflower, and Watermelon Protein - for Lean Muscle Growth and Build Strength Naturally - Vanilla Oat",29.98,4.1,3,4.290131868131867,,,,True,no pack size (title_is_kit),False,,-0.2301972089412539,
B07BCBM7RN,"Bone Broth Protein Powder with Organic Turmeric & Collagen Peptides - Grass Fed Beef Bone Broth Collagen - Keto & Paleo Friendly Nutrition - Turmeric Flavor 22g Protein, 20 Servings",35.97,3.9,382,3.9961517136329014,1 x 16.42 oz,2.1906211936662605,$/oz,False,,False,,-2.368337325173051,-0.268675637870365
B09FSZ1JQN,"Plantfuel Vegan All-in-One Nutrition Meal Replacement, Vanilla - Superfood Packed Plant Based Protein Powder, 20g Protein, 5g Fiber - 20 Servings, 1.85 LBS",42.97,3.8,29,4.200372469635628,1 x 1.85 lb,1.451689189189189,$/oz,False,,False,,-0.8830241695254953,0.2934722151903093
B08HSM7XFM,RSP NUTRITION TrueFit Protein Powder (Vanilla 2 LB) with AminoLean Pre Workout Energy (Pink Lemonade 30 Servings),69.99,4.2,24,4.279296703296704,1 x 2 lb,2.1871875,$/oz,False,,False,,-0.30900219031671794,-0.2665324481427739
B09B15MHQW,XPRS Nutra Organic Chlorella Powder - Broken Cell Wall Chlorophyll Powder - Chlorella Organic Powder for Immunity - Vegan Friendly Chlorella Powder Organic for Complete Protein,12.99,4.3,148,4.297625887028102,,,,True,no pack size (no_size_found),False,,-0.1756926371576714,
B07N14MN7N,"PEScience Select Vegan Plant Based Protein Powder, Peanut Butter Delight, 5 Serving, Premium Pea and Brown Rice Blend",14.99,4.2,1513,4.207125070528494,1 x 5.4675 oz,2.741655235482396,$/oz,False,,False,,-0.8339119875057742,-0.5752271716298621
B07T15NT3T,Colossal Labs 100% Whey Protein Powder Isolate/Blend,61.99,4.0,148,4.133788248651718,1 x 80 oz,0.774875,$/oz,False,,False,,-1.3672962940720583,1.1511698316311216
B08Y99D3Q8,"Pin Up Girl Protein Whey Isolate Powder – 25 Grams of Protein Per Serving – Low Calorie, Fat Free, Sugar Free, Zero Carb – for Women (30 Servings) Vanilla",22.95,3.8,81,4.0983167420814475,,,,True,no pack size (sources_disagree),False,,-1.6252832704730171,
B00CAXA9B0,"Body Nutrition Trutein Pumpkin Pie 2lb Protein Shakes/Shake, Meal Replacement Drink Mix, Post/Pre Workout Recovery Shake Powder, Breakfast Shake",36.99,4.3,55,4.29638547968885,1 x 2 lb,1.1559375,$/oz,False,,False,,-0.18471421447142497,0.6047228478284133
B0BX71SC7Q,"Maximum Human Performance Probolic-SR Sustained Release Protein Powder, 24g Protein, BCAAs, Glutamine, Arginine, Pre-Workout, Post-Workout, Nighttime Protein, 2lbs, 26 Servings, Vanilla",41.04,4.6,178,4.475271147457194,,,,True,no pack size (sources_disagree),True,False,1.1163349094950528,
B088C2Z12L,Lekithos® Organic Almond Protein Powder - 3LB - Single Ingredient - Non-GMO Project Verified,97.99,4.0,2,4.2900529230769235,1 x 3 lb,2.0414583333333334,$/oz,False,,False,,-0.23077138235524272,-0.1723276659215563
B0BYK9M7P6,"M+S Hydrolyzed Whey Protein Isolate, 2.05 Lb – Grass Fed Protein Powder, Gluten Free, Fast Absorbing, Easy Digesting, Stevia Sweetened (Vanilla)",49.5,4.7,27,4.367710769230769,1 x 2.05 lb,1.5091463414634148,$/oz,False,,False,,0.33404006379384543,0.24043995944768184
B08VPF6683,"Mass Gainer | MuscleTech 100% Mass Gainer Protein Powder | Protein Powder for Muscle Gain | Whey Protein + Muscle Builder |Creatine Supplements | Vanilla, 5.15 Pound (Pack of 1)",27.04,4.3,752,4.299264703296703,1 x 5.15 lb,0.32815533980582523,$/oz,False,,False,,-0.16377340127251117,2.325059907014595
B00014WIS2,Solgar - Whey To Go - Whey Protein Powder,45.14,3.8,16,4.237817376867737,1 x 32 oz,1.410625,$/oz,False,,False,,-0.610684499393675,0.33267631706154116
B0C1TY5B3B,"Nutritional Designs Nana Flakes 100% Pure Banana Flakes Medical Food Powder - Decrease Fat Intake, Natural Remedy for Diarrhea & Heart Burn - High Protein & Fiber - Single Serve (50 Packets)",37.99,4.3,92,4.2970075134168155,1 x 50 ct,,,True,non-dominant dimension (count),False,,-0.1801901156604751,
B004R674TS,Puritan's Pride Soy Protein Isolate Powder Chocolate,35.95,4.0,33,4.232414201183432,1 x 28 oz,1.2839285714285715,$/oz,False,,False,,-0.6499822088099776,0.46125046934537767
B07KY13B6J,"BodyHealth PerfectAmino Power Meal (Natural Vanilla Flavor) Vegan Meal Replacement Shake, Non Dairy Protein Powder, Plant Based Meal Replacement, Organic Meal Replacement, 20 Servings, 12.5g Protein",64.95,4.1,198,4.174631200575125,,,,True,no pack size (no_size_found),False,,-1.0702423853767662,
B01GVTH0NS,Bone Broth Powder - Pure Protein Organics 2lb Bag,59.95,4.1,75,4.220993006993007,1 x 2 lb,1.8734375,$/oz,False,,False,,-0.7330494264439049,-0.054982405553787236
B01K2UDX74,"BulkSupplements.com Soy Protein Isolate Powder - Unflavored, No Sugar Added, Gluten Free, Vegetarian & Vegan Protein Powder - 27g of Protein - 30g per Serving (1 Kilogram - 2.2 lbs)",23.96,4.1,999,4.121351707116413,,,,True,no pack size (title_conflicting_weight),False,,-1.4577482104918502,
B07227WPWG,"Codeage Marine Collagen Powder - Wild-Caught Hydrolyzed Fish Collagen Peptides - Type 1 & 3 Collagen Protein Supplement - Amino Acids for Skin, Hair, Nails - Paleo Friendly, Non-GMO, 15.87 Ounces",49.99,4.4,784,4.385729454668816,1 x 15.87 oz,3.149968494013863,$/oz,False,,False,,0.46509133915123063,-0.7649025702664225
B01MAX9PZK,"Nutritional Designs Nana Flakes 100% Pure Banana Flakes Medical Food Powder - Decrease Fat Intake, Natural Remedy for Diarrhea & Heart Burn - High Protein & Fiber - Single Serve (69 Packets)",47.99,4.2,27,4.277710769230769,1 x 69 ct,,,True,non-dominant dimension (count),False,,-0.3205368099030431,
B08FRSTZDR,"Orgain Bundle - Chocolate Protein Powder and Chocolate Protein & Superfoods Powder - Vegan, Made without Dairy, Gluten and Soy, Non-GMO",56.98,4.7,49,4.4102128801431135,1 x 64.8 oz,0.879320987654321,$/oz,False,,False,,0.6431611625329696,0.9784116246374552
B073WL1T2G,"Mutant Whey – 100% Whey Protein Powder, Gourmet Taste, 22g of Protein, 10.4 g EAAs, 5 g BCAAs, Fast Absorbing, Easy Digesting, 5lbs - Triple Chocolate",64.95,4.5,90,4.381486457204767,,,,True,no pack size (title_conflicting_weight),False,,0.43423169453877647,
B0889H4NVN,"NAMANNA Pea Protein Powder (80% Protein) – 2.2 lb, Non-GMO, Vegan, Kosher, Halal, Gluten Free, Dairy Free, Soy Free, Hypoallergenic, 100% Pure, Unflavored, Plant Based Protein, Keto Friendly",20.99,4.1,238,4.166361815469849,1 x 2.2 lb,0.5963068181818181,$/oz,False,,False,,-1.130386254816846,1.5090504619113734
B09XC39F3X,"Future Kind Vegan Protein Powder Chocolate (34srv) - Whey Free Protein Powder for Men and Women Pea Plant Protein for Lean Muscle - Sugar-Free, Soy-Free Non Dairy Protein Powder w/ Iron and Fiber",59.99,4.3,31,4.295822177822178,1 x 32 oz,1.8746875,$/oz,False,,False,,-0.18881115196958273,-0.05589368531460968
B0BG15TB8V,LevelUp Clean MCT® Oil + Fortified Multi Collagen Protein Powder,78.99,5.0,1,4.300456575682382,,,,True,no pack size (only_weak_sources),False,,-0.15510482238291304,
B07STDRWYJ,Goliath Labs 20-Pound Strawberry 100% Whey Protein Powder Workout Supplement,215.99,4.3,298,4.298471770509775,,,,True,no pack size (sources_disagree),False,,-0.16954046199160766,
B0082EBSPC,"Nutra BioGenesis - Premiere Greens Multi - Superfood Protein, Fiber, Antioxidant, and Essential Nutrient Powder Supplement - 322 g",53.49,4.1,4,4.288634766807995,1 x 322 g,4.709366434646739,$/oz,False,,False,,-0.24108574121000864,-1.31434936752504
B0C355KN55,"Optimum Nutrition Gold Standard 100% Whey Protein Powder, Vanilla Ice Cream, 1 Pound (Packaging May Vary)",47.9,4.6,3057,4.588193904208999,1 x 1 lb,2.99375,$/oz,False,,False,,1.9376307437598366,-0.6954080558593978
B0B5F51V61,Arena Strength Chocolate Whey Protein Powder,30.0,4.4,55,4.327284356093346,1 x 24 oz,1.25,$/oz,False,,False,,0.040015673501920736,0.4978396701463039
B0BXMBVL3L,"Muscle Milk 100% Whey Protein Powder, Vanilla, 5 Pound, 68 Servings, 25g Protein, 2g Sugar, Low in Fat, NSF Certified for Sport, Energizing Snack, Workout Recovery, Packaging May Vary",57.49,4.4,6139,4.3979330270496035,1 x 5 lb,0.7186250000000001,$/oz,False,,False,,0.553848853117338,1.2541322037316023
B01BP2GDDE,"Body Nutrition Protein Powder - Trutein Naturals Chocolate Peanut Butter Cup 4lb Whey, Casein & Egg White - Natural Low Carb Keto Friendly Drink - Lean Muscle Builder, Weight Loss, Workout, Recovery",67.99,3.9,21,4.237198717948718,,,,True,no pack size (no_size_found),False,,-0.615184052961411,
B08C7J3Q3Z,"Whey Protein Powder Concentrate - Unflavored & Undenatured - Cold Processed From Raw Milk of Grass Fed Cows Raised in New Zealand - Hormone Free - 100% Pure, Non GMO, Gluten Free & Kosher - 1 lb",19.99,4.4,27,4.313710769230769,1 x 1 lb,1.249375,$/oz,False,,False,,-0.05870606042428384,0.4985229590481488
B07P5HV6YC,"Rice Protein Powder (5 lb) Sustainably Sourced, Vegan & Gluten-Free, Made of Sprouted Brown Rice, Post-Training Recovery, Eco-Friendly Packaging",34.99,3.6,65,4.0545564648117844,1 x 5 lb,0.437375,$/oz,False,,False,,-1.9435551092206291,1.9325349964643252
B09SQCZHR5,"RAW EAA Essential Amino Acids Powder Supplement | Maximize Protein Synthesis, Build Lean Muscle Mass | Increase Strength, Endurance, Recovery | BCAA Energy Supplement | Watermelon (25 Servings)",30.5,4.4,166,4.355213202022892,1 x 11.1113 oz,2.7449533357932916,$/oz,False,,False,,0.24314430299663645,-0.5768697106562276
B0BMW8BD2W,"PROTASH Vegan Protein Powder by TASHIE, 20g Pea Protein, Non GMO, Zero Sugar, Contains Probiotic, HMB & BCAA (Coconut)",63.99,4.1,12,4.27745641025641,,,,True,no pack size (sources_disagree),False,,-0.3223867821500702,
B07VXCN5LL,"Exo Pure Cricket Protein Powder, 1 Pound, Low Carb, Dairy Free, Gluten Free",39.99,4.0,75,4.183114219114219,1 x 1 lb,2.499375,$/oz,False,,False,,-1.008544743656402,-0.44882145013517427
B09GFMTNP8,"Nuzest Probiotic Vanilla Clean Lean Protein Digestive Support, Pea Protein Powder with Added Probiotics, Vegan Protein Powder, Gut Health, Non-GMO, 20 Servings, 1.1 lb",49.99,3.8,606,3.8834795821462484,1 x 1.1 lb,2.840340909090909,$/oz,False,,False,,-3.187810342743031,-0.6235403481891497
B07DF8G768,"NorthBound Nutrition Waves of Whey Protein Powder, High Protein and Low Sugar, Natural Flavors (Mini Marshmallows)",35.99,5.0,2,4.3060529230769236,1 x 24.48 oz,1.4701797385620916,$/oz,False,,False,,-0.11440216036468447,0.27617999948964556
B0BSHGXDGL,"MacroLife Naturals MacroMeal Vegan Vanilla Superfood Supplement Powder Protein + Greens, Probiotics, Digestive Enzymes, Fiber - Energy, Detox, Immune - Non-GMO, Gluten-Free - 19.7oz (15 Servings)",29.99,4.4,56,4.327690588740868,1 x 19.7 oz,1.5223350253807106,$/oz,False,,False,,0.04297023457313051,0.22855206175693782
B0BZ4F8PB9,"Key Nutrients Collagen Coffee Creamer Powder, Vanilla Keto Powder, 20 Servings, Grass Fed Hydrolyzed Collagen Peptides, Collagen Powder for Healthy Hair, Skin & Nails, Collagen Protein Powder, MCT Oil",21.99,4.0,918,4.034828641099534,,,,True,no pack size (no_size_found),False,,-2.087037077780718,
B09MZS51HR,"zyy Flavored Pea Protein Powder - Organic Hydrolyzed Vegan All Natural Canada Grown Peas, Easy to Digest, Dairy Free, Gluten Free, Soy Free, Sugar Free, Non-GMO with BCAA - French Vanilla",34.95,4.4,29,4.314846153846155,1 x 21 oz,1.6642857142857144,$/oz,False,,False,,-0.05044832140225564,0.10675118993920095
B075K3SGNJ,"Ultimate Nutrition Iso Sensation 93 with Glutamine Complex Low Carb Whey Protein Isolate Powder – 30 Grams of Protein, Fat-Free, Keto Friendly, Banana Ice Cream, 5 Pounds",89.99,4.5,1754,4.486551206917749,,,,True,no pack size (title_conflicting_weight),False,,1.1983756434595532,
B01N3P9W29,"Plant-Based Protein Powder | Organic Chocolate Keto Friendly Vegan Protein with MCT Oil, 19 oz, Makes 15 Shakes, Vegan, Gluten Free, Non-GMO, Stevia Free & Erythritol Free, Soy Free, Dairy Free & Only 4g Sugar",29.99,4.1,4272,4.105450879495931,1 x 19 oz,1.578421052631579,$/oz,False,,False,,-1.5733961441919464,0.17912210774222673
B08VYX89JB,"PURIS® Organic Pea Protein Isolate Powder - 100% Grown, Processed and Packed in USA - 2 LB Unflavored - Certified Organic, Vegan, Gluten Free, Dairy Free, Non GMO - Plant Protein Powder - Keto, BCAA",54.99,4.5,109,4.391192307692307,1 x 2 lb,1.7184375,$/oz,False,,False,,0.5048230864132601,0.0630051058708732
B077M1MC5P,"LevelUp 𝗪𝗜𝗡𝗡𝗘𝗥 - 𝗕𝗘𝗦𝗧 𝗞𝗘𝗧𝗢 𝗣𝗥𝗢𝗧𝗘𝗜𝗡 Grass-fed Collagen Protein Powder, C8 MCT Oil, Whey Protein Isolate, Irish Butter, Ketogenic Protein Shake Supplement (Vanilla Sweet Cream)",39.99,4.2,673,4.214643989176652,1 x 16.08 oz,2.486940298507463,$/oz,False,,False,,-0.7792263179247422,-0.44200729071912204
B075L6C8BW,"Rise Nutrition Solutions Protein Powder – Whey Protein Concentrate – Protein Powder Weight Gain – Vanilla Lean Protein Powder, 2.91 LBS",44.99,5.0,9,4.342853146853146,1 x 2.91 lb,0.9662800687285223,$/oz,False,,False,,0.15324867775515869,0.8495704836904762
B075SNJWTV,"MATCHA DNA Premium Collagen Peptide Powder from Grass Fed Beef - 1 LB Unflavored, Odorless and Easy to Mix Hydrolyzed Protein Peptides (16 oz, Beef Collagen)",28.49,4.2,394,4.222546644844518,1 x 1 lb,1.780625,$/oz,False,,False,,-0.7217496996916939,0.014436806964159912
B0025Q70P0,"BlueBonnet Nutrition Whey Protein Isolate Powder From Grass Fed Cows, 26g of Protein, No Sugar Added, Gluten & Soy free, kosher Dairy, 2 Lbs, 28 Servings, French Vanilla Flavor",47.96,4.6,594,4.547638236240747,1 x 2 lb,1.49875,$/oz,False,,False,,1.6426662732115334,0.24988437659802304
B0BZQV18VY,"Isothority Whey Protein Isolate, Whipped Cream Banana, 2 lb - Ultra Absorbable Branched Chain Amino Acids (BCAA) Powder with 25g Protein Per Serving, Low Carb - Build Muscle & Accelerate Recovery",54.99,4.2,107,4.25068093645485,1 x 2 lb,1.7184375,$/oz,False,,False,,-0.5171268480698301,0.0630051058708732
B0BNP5BFCR,"Manitoba Harvest Hemp Yeah! Organic Balanced Protein + Fiber Powder, Unsweetened, Keto Friendly, Preservative Free, Non GMO, 32 Ounce (Pack of 1)",19.99,4.3,757,4.299268881118881,1 x 32 oz,0.6246875,$/oz,False,,False,,-0.16374301565273194,1.4455256810643133
B07B6V4D9S,Autoimmune Health - Paleo AIP Protein Powder | Grass-fed Beef Collagen | Vanilla Banana Flavor | 1 Pound 30 Servings (w/stevia),49.5,4.1,59,4.231629754860524,1 x 1 lb,3.09375,$/oz,False,,False,,-0.6556875468281114,-0.740298702052334
B08FW89JLF,"Orgain Keto Plant-Based Protein Powder, Vanilla - Keto Friendly, Organic, Vegan, Gluten Free, Organic Prebiotic Fiber, 0.97 Pound & Keto Collagen Protein Powder with MCT Oil, Chocolate - 0.88 Pound",53.12,4.3,37,4.295978846153846,,,,True,no pack size (title_conflicting_weight),False,,-0.18767169122790475,
B000GFHP1Q,"Source Naturals Arthred Collagen Protein Powder - Unflavored Quick Dissolve Hydrolyzed Peptides - Anti Aging Support For Bone, Joint & Skin Health - 9 oz (30 Servings)",30.18,4.7,63,4.432024813895781,1 x 9 oz,3.3533333333333335,$/oz,False,,False,,0.8018010225896903,-0.8503776158883756
B0BQCRNXQJ,"WellPath Renew [Multi Collagen Protein Powder] - 5 Types of Collagen - Hydrolyzed Grass-Fed Bovine, Marine, & Chicken Collagen Peptides - Type I, II, III, V, and X - Keto Friendly Supplement, 11 oz",24.85,4.4,3741,4.396650262780698,1 x 11 oz,2.2590909090909093,$/oz,False,,False,,0.5445192106192227,-0.3107247327431406
B0BQWCC293,"Garden of Life Creamy Organic Vegan Protein Powder + OatMilk, 20g Complete Plant Based Protein, Coconut Water, MCTs, Sprouted Grains, Prebiotics, Probiotics – Gluten-Free, Chocolate Brownie, 2 LBS",35.99,4.0,120,4.149204178537512,,,,True,no pack size (title_conflicting_weight),False,,-1.25517505863013,
B0BFJK9QXP,"Collagen with Biotin, Hyaluronic Acid, Vitamin C, 1 lb Powder. Hydrolyzed Multi Collagen Peptide Protein. Types I, II, III, V, X, Collagen for Hair, Skin, Nails*. Collagen Supplement for Women, Men",32.99,4.5,2513,4.4904236021944675,1 x 1 lb,2.061875,$/oz,False,,False,,1.2265398700590298,-0.18592354790169388
B09D9WWXVJ,Thick-n-Rich Vanilla Nutrition Shake Mix Protein Powder (13.05 oz),14.99,4.3,21,4.295532051282051,1 x 13.05 oz,1.1486590038314175,$/oz,False,,False,,-0.19092126445416607,0.6133527120928027
B09RL6PGM2,"Orgain Chocolate Sport Plant-Based Protein Powder, 1.26 lbs",27.0,4.3,184,4.297904284640441,1 x 1.26 lb,1.3392857142857142,$/oz,False,,False,,-0.17366783006067446,0.4035791163558757
B07SHXXT5R,"Nutricost Casein Protein Powder 5lb Chocolate - Micellar Casein, Gluten Free, Non-GMO",66.95,4.4,1048,4.3889467253498005,1 x 5 lb,0.836875,$/oz,False,,False,,0.4884907945311809,1.04600655102201
B08YS18DCC,"Pure Choice Whey Isolate Protein Powder, Best Cold Filtered & Undenatured Whey, Flavored, Without Artificial Sweeteners (Vanilla, 12 oz)",21.99,4.6,36,4.363878084179971,1 x 12 oz,1.8324999999999998,$/oz,False,,False,,0.3061646527003363,-0.024797025081591935
B0BN2J1N7G,"Surthrival: Black Walnut Protein Powder, Wild-Foraged, Ethically-Harvested, 17g Protein, USA Sourced, Vegan, Paleo, Gluten-Free, 1lb",49.0,4.2,30,4.276187028657617,1 x 1 lb,3.0625,$/oz,False,,False,,-0.33161909146636365,-0.7264281653452848
B0C2ZX82CX,"Pea Protein Powder by Rookie Wellness, Vegan Protein Powder with Amino Acids, Probiotics, Multivitamin and Mineral Blend, Folic Acid and Biotin – Sugar-Free, Gluten Free(30 Servings), Vanilla Flavor",60.0,4.0,42,4.219737062937063,1 x 32.21 oz,1.8627755355479665,$/oz,False,,False,,-0.7421840034847723,-0.04718477706615097
B07BVMMBPK,"NOW Sports Nutrition, Whey Protein Isolate, 25 g With BCAAs, Creamy Vanilla Powder, 5-Pound",72.94,4.4,7764,4.398358896333792,,,,True,no pack size (title_conflicting_weight),False,,0.5569462329467565,
B09TTNP2GD,"Cira Bright Whey Protein Powder for Women, 25g of Protein, Low Carb & No Sugar Added - 30 Servings, Vanilla",39.99,3.9,64,4.159661044837516,1 x 35.2 oz,1.1360795454545454,$/oz,False,,False,,-1.1791214713932099,0.6283974831589931
B0BSMLJG2J,"MacroLife Naturals MacroMeal Omni Chocolate Superfood Supplement Powder Protein + Greens, Probiotics, Digestive Enzymes, Fiber - Energy, Detox, Immune - Non-GMO, Gluten-Free - 18.5oz (15 Servings)",21.99,4.2,131,4.245892186553604,,,,True,no pack size (sources_disagree),False,,-0.5519557918395369,
B0BHL8M49X,"POWERLIFE Tony Horton High Impact Plant Protein Powder with 3000 MG of HMB (Chocolate) Foundation Four Greens Drink with Pre & Pro Biotics, Essential Magnesium (Strawberry)",98.51,3.4,15,4.197511705685619,,,,True,no pack size (only_weak_sources),False,,-0.9038307242230702,
B01FUY7WAQ,"AMANDEAN Collagen Peptides Powder XL. Grass-Fed Hydrolyzed Type I & III Collagen Protein. Bovine Hydrolysate. Agglomerated, Easy to Mix, Unflavored, Non-GMO. 18 Aminos for Healthy Skin Hair Nails.",48.95,4.6,889,4.562901793858316,1 x 35.2 oz,1.390625,$/oz,False,,False,,1.7536792935093186,0.3521855982188464
B0BSVLGN26,"Evolution Advance Nutrition Grass Fed 100% Whey Protein Powder – Pure Protein Powder with BCAA, Quick Absorbing and Fast Digesting for Optimal Muscle Recovery – 2 Pounds (Vanilla)",59.99,4.5,117,4.394819230769231,1 x 2 lb,1.8746875,$/oz,False,,False,,0.5312019749558374,-0.05589368531460968
B093TKTHQS,"MOMOF4TRANSFORM MO4T Grass Fed Whey Protein Isolate Powder, Naturally Sweetened with Monk Fruit, 1.6 Pounds, 24 Serving. Natural Chocolate Flavor",39.99,4.5,83,4.377459297983569,,,,True,no pack size (sources_disagree),False,,0.40494185795109594,
B07CV8LFL8,AM Vitality Collagen and Whey Protein Powder Complex Health Supplement - Vanilla Flavor - 16oz (21 Servings),42.65,4.5,23,4.327100105374078,1 x 16 oz,2.665625,$/oz,False,,False,,0.03867560394864803,-0.5368041210226215
B07G3H56BR,"2 lb Egg White Protein Powder by Source Nutrition - 25 Grams Protein, Build Lean Muscle, Dairy Free - Milk Chocolate",59.95,4.3,593,4.299101418134938,,,,True,no pack size (title_conflicting_weight),False,,-0.1649609867248359,
B0C7HJTTP6,"Owyn Vegan Protein Powder, 20g Plant Based Protein, Probiotics, Superfoods Greens, Pea, Chia Seeds, Pumpkin Seed Blend (Chocolate, 2.1 LB)",39.99,4.3,4865,4.299871013509345,,,,True,no pack size (title_conflicting_weight),False,,-0.15936366078937705,
B0BVYMVW9N,HERBALIFE (Duo) Formula 1 Healthy Meal Nutritional Shake Mix (Cafe Latte) with Personalized Protein Powder,84.0,4.5,268,4.4354389140271495,,,,True,no pack size (no_size_found),False,,0.826632033595015,
B08B9RSFP3,"Opportuniteas Vanilla Whey Protein Powder - Grass Fed Whey Isolate + Real Sugar & Vanilla Flavor - Perfect for Shakes, Smoothies, Drinks, Cooking & Baking - Non GMO & Gluten Free - 2.5lb",59.99,4.5,3884,4.49370017853372,1 x 2.5 lb,1.4997500000000001,$/oz,False,,False,,1.2503706600209967,0.24897309683720045
B0B48F5JXD,"Gym & Tonic Low Calorie Collagen Protein Powder with 18 Amino Acids - Unflavored, Non-GMO, 0 Sugar, 0 Carbs, 20 Grams Clean Protein Per Serving, 20ct Single Serve Packs",18.57,4.6,381,4.525509157509157,,,,True,no pack size (sources_disagree),False,,1.4817197935013515,
B07Z7CNX39,Mutant Pro – Triple Whey Protein Powder Supplement – Time-Released for Enhanced Amino Acid Absorption – Decadent Gourmet Flavors – 2 lbs – Cookies and Cream,44.99,4.6,135,4.454483005366726,1 x 2 lb,1.4059375,$/oz,False,,False,,0.9651411643889953,0.3372238730101153
B0C4RBFYCS,"Optimum Nutrition Gold Standard 100% Plant Based Protein Powder, Gluten Free, Vegan Protein for Muscle Support and Recovery with Amino Acids - Creamy Vanilla, 20 Servings",33.22,4.0,481,4.060027508914926,1 x 26.1027 oz,1.2726652798369518,$/oz,False,,False,,-1.9037637876107156,0.47328868611219455
B08KFM5VV5,"Naked Collagen - Collagen Peptides Protein Powder, 60 Servings Pasture-Raised, Grass-Fed Hydrolyzed Collagen Supplement | Paleo Friendly, Non-GMO, Keto, Gluten Free | Unflavored 20oz",41.99,4.7,1021,4.656430607853685,1 x 20 oz,2.0995,$/oz,False,,False,,2.4339215009056128,-0.21062982178358272
B082DGBH99,"Protein Essentials Collagen Peptides Powder (Chocolate), Grass-Fed, Paleo & Keto Friendly, NonGMO & Gluten Free (21 oz)",37.99,4.2,39,4.271954415954417,1 x 21 oz,1.8090476190476192,$/oz,False,,False,,-0.36240320692003614,-0.007199049406441859
B07BF9C75W,Steel Supplements Whey-Iso | Whey Isolate Protein Powder | Fast Absorbing | Lean Muscle Growth | Easy Digestion | Gluten Free | Low Carb | 25 Serving (Banana Pancakes),40.0,4.4,225,4.362806366047746,1 x 31.7466 oz,1.2599774464037092,$/oz,False,,False,,0.2983699648728219,0.4869777242834302
B07NX8H3VR,Performance Inspired Nutrition Plant-Based Protein Powder - All Natural - 20G - 1B Probiotics - Digestive Enzymes - Fiber Packed - G Free - Vanilla Bean - 1.5 Lb,35.98,4.4,334,4.37167749537115,,,,True,no pack size (title_conflicting_weight),False,,0.3628903659692099,
B0BMDXF3V9,Performance Inspired Nutrition WHEY Protein Powder - All Natural - 25G - Contains BCAAs - Digestive Enzymes - Fiber Packed - Decadent Natural Chocolate – 2 Pounds,32.99,4.5,336,4.44500351935646,,,,True,no pack size (title_conflicting_weight),False,,0.8961961386461771,
B099686LR8,"UP 2U 90% Native Whey Protein Isolate Powder 2 lb 47 Servings (Unflavored) | Made from Farm Fresh Milk, Low Carb Lifestyle, No Preservatives, Build and Maintain Lean Muscle with just one Scoop",41.99,4.8,73,4.482941915227629,1 x 2 lb,1.3121875,$/oz,False,,False,,1.1721249893397874,0.43150611808077144
B09D1DF56V,"Myogenix Myolean Evolution Isolate Powder - 100% Whey Protein Powder, Premier Protein Shake Mix | Low Carb Low Sugar All of The Muscle Gains | Vanilla Cream - 2.31 Pound Bag",46.99,4.6,133,4.453346153846153,1 x 2.31 lb,1.2713744588744589,$/oz,False,,False,,0.9568727564535041,0.47467511601877704
B081S8GX72,"BULKSUPPLEMENTS.COM Beef Bone Broth Protein Powder - Unflavored, Gluten Free, Dairy Free, Protein Powder - 18g of Protein - 22g per Serving, 5 Servings (100 Grams - 3.5 oz)",11.96,4.3,165,4.2977660256410255,,,,True,no pack size (title_conflicting_weight),False,,-0.17467339832287246,
B07HS1VSXS,Vital Nutrients - Marine Collagen Powder - Type 1 and 3 Collagen Protein Supplement - 300 Grams,28.9,4.3,131,4.29746698970321,1 x 300 g,2.731004061041667,$/oz,False,,False,,-0.17684830953729744,-0.5699090851415994
B004R63YQA,Puritan's Pride Soy Protein Isolate Powder Vanilla-28 oz Powder,35.95,4.0,30,4.236971342383107,1 x 28 oz,1.2839285714285715,$/oz,False,,False,,-0.6168377728157699,0.46125046934537767
B094W2CYNM,"Tone It Up Plant Based Protein + Immunity Powder I Dairy Free, Gluten-Free, Kosher, Non-GMO Pea & Chia Seed Protein and Oat Milk for Women I 14 Servings, 15g of Protein + Vitamin C – Strawberry Banana",26.99,4.1,27,4.259710769230769,1 x 15.8 oz,1.7082278481012656,$/oz,False,,False,,-0.45145218464241954,0.07114645331242853
B0C6B53N9S,"Whey Protein Powder | MuscleTech Nitro-Tech Whey Gold Protein Powder | Whey Protein Isolate Smoothie Mix | Protein Powder for Women & Men | Vanilla Protein Powder, 5 lbs (69 Serv)-package varies",58.94,4.5,6406,4.496133652226162,1 x 5 lb,0.73675,$/oz,False,,False,,1.2680695000412483,1.2201006857773085
B09YWLPB4K,"Alani Nu Collagen Peptides Protein Powder Supplement, Rainbow Candy, 14 Servings",21.71,4.1,368,4.148791477361742,1 x 11.85 oz,1.8320675105485233,$/oz,False,,False,,-1.258176665801312,-0.02447454079616263
B07VRZVRBC,"Aspen Naturals Pea Protein Powder (5 lb) Unflavored, Plant Based, Gluten Free, Non-GMO Vegan Protein Powder and Keto & Low Carb",41.15,4.4,186,4.358112023898432,1 x 5 lb,0.514375,$/oz,False,,False,,0.26422765589325,1.710983931181806
B071NPXP7S,"Opportuniteas Collagen Peptide Powder, Low Carb Keto & Paleo Diet Friendly, Healthy Protein Supplement, Support Joints, Hair, Skin & Nails - Grass Fed, Gluten Free & Non-GMO, Unflavored, 6 oz",18.99,4.4,477,4.378427692307693,1 x 6 oz,3.1649999999999996,$/oz,False,,False,,0.411985063830994,-0.7714066804240997
B08CY4LD92,iSatori Bio-GRO Vanilla Ice Cream (60 Servings) & Bio-Active Whey Protein Powder Vanilla Swirl (30 Servings),49.99,5.0,7,4.332743195266272,,,,True,no pack size (only_weak_sources),False,,0.07971822772223687,
B01FDXBRGY,RevLabs-Red Series: ProRev Protein Powder- Chocolate Cupcake Flavor- 20g Protein- 2G Carb Per Serving- Blends Great!,29.97,3.6,25,4.177409563409563,1 x 24 oz,1.24875,$/oz,False,,True,False,-1.0500351402860753,0.4992065898508842
B09VN26H3N,"Designer Wellness, Designer Plant Meal Replacement, Pea Protein and Organic Sprouted Rice Protein Powder with Vitamins, Minerals, Healthy Fats, and Antioxidants, Madagascar Vanilla, 1.32 Pounds",22.99,4.1,841,4.124851260772422,1 x 1.32 lb,1.0885416666666665,$/oz,False,,False,,-1.4322956894753534,0.6867965092348443
B09XVNGVZL,"BodyHealth Perfect Greens Formula (30 Svgs) Daily Superfood Green Apple Smoothie Powder with Vegetables, Fruit, Antioxidants, Prebiotics, Probiotics, Fiber, and PerfectAmino Protein",51.5,4.3,31,4.295822177822178,,,,True,no pack size (no_size_found),False,,-0.18881115196958273,
B08VJMQGSC,"TERRA ORIGIN Collagen Protein Bone Broth Powder, Natural Collagen from Real Whole Food Sources with 17g Protein, for Hair, Skin, Nail and Joint Support, 20 Servings, Vanilla",25.99,4.7,140,4.510481427317929,1 x 17.5 oz,1.485142857142857,$/oz,False,,False,,1.372421964086523,0.26234507808140484
B0B8R7R4F6,"Garden of Life Raw Organic Fit Vegan Protein Powder Coffee, 28g Plant Based Protein for Weight Loss, Pea Protein, Fiber, Probiotics, Dairy Free Nutritional Shake for Women and Men, 10 Servings",31.95,4.2,13447,4.200858998922964,,,,True,no pack size (sources_disagree),False,,-0.8794856048603122,
B0C29L4VZS,"EnergyFirst Natural Grass Fed Whey Protein Isolate Powder - Chocolate (2lb) - ProEnergy Supplement Shake for Meal Replacement, Preworkout & Post Workout Recovery, Non GMO, Sugar & Gluten Free",49.95,4.5,153,4.408538461538462,1 x 2 lb,1.5609375,$/oz,False,,False,,0.6309829881386044,0.1943398076990739
B09YDQ1QC9,"Olympian Labs Plant Based Pea Protein Powder, Unflavored - 25g of Protein, Vegan, Low Net Carbs, Gluten Free, Lactose Free, No Sugar Added, Soy Free, Kosher, Non-GMO, 2 Pound Pea Protein",24.14,4.1,913,4.1231241461241455,,,,True,no pack size (sources_disagree),False,,-1.4448571262196301,
B00014DRN2,"NutriBiotic – Mixed Berry Rice Protein, 1 Lb 5 Oz (600g) | Low Carb, Keto-Friendly, Vegan, Raw Protein Powder | Grown & Processed Without Chemicals, GMOs or Gluten | Easy to Digest & Nutrient-Rich",21.4,4.2,92,4.254216815742398,,,,True,no pack size (title_conflicting_weight),False,,-0.4914101279607999,
B0BJ6WCZNN,"Naked Rice 1LB - Organic Brown Rice Protein Powder - Vegan Protein Powder, GMO Free, Gluten Free & Soy Free. Plant-Based Protein, No Artificial Ingredients - 15 Servings",21.99,4.0,1556,4.02159417235534,1 x 1 lb,1.374375,$/oz,False,,False,,-2.1832923797319834,0.368244616474255
B08M88JT5T,"vedge Certified Organic Plant Protein Chocolate Flavor (20 Servings) - Plant-Based Vegan Protein Powder, USDA Organic, Gluten Free, Non Dairy Nutrition Plant Protein",40.99,4.3,497,4.298962282878412,1 x 27.65 oz,1.4824593128390597,$/oz,False,,False,,-0.16597292807192165,0.2648159997047861
B09PC4RJ97,Judee's Marine Collagen Powder 5 oz - Add to Protein Shakes and Coffee - Just One Ingredient and Sustainable Protein Source - Gluten-Free and Nut-Free - Keto-Friendly and Non-GMO,12.91,4.2,22,4.280390450928382,1 x 5 oz,2.582,$/oz,False,,False,,-0.30104728025719135,-0.49325635636197973
B0C2JKMDZ2,"It's Just! - Whey Protein Concentrate, 1.25lb, Made in USA, 80% Protein Content, Unflavored Powder, 20oz (Grass-Fed/Unflavored, 20oz (Pack of 1))",21.99,4.3,130,4.297456977804805,1 x 1.25 lb,1.0995,$/oz,False,,False,,-0.176921126839053,0.6731113986260653
B08QGZD77Z,"Low FODMAP Certified Protein Powder for IBS & SIBO Gluten, Soy, Sugar & Grain Free, Low Carb Whey Protein Isolate (WPI) ProHydrolase for 3X Protein Absorption Gut Friendly All Natural Non GMO Vanilla",49.99,4.1,53,4.2361171328671325,1 x 13.12 oz,3.8102134146341466,$/oz,False,,False,,-0.6230505038652016,-1.0248874021351113
B09BNYWRS2,"Podium Nutrition, Whey Protein Powder, Maple Butter Pancake, 27 Servings, 25g of Whey Protein Per Serving, Gluten Free, Soy Free",44.99,4.4,314,4.37038127090301,,,,True,no pack size (sources_disagree),False,,0.3534628264140486,
B00HJC3KM2,"Eat the Bear Naturally Grass Fed Whey Protein Powder, Vanilla,1.62LBS",34.99,4.4,106,4.343478669801814,1 x 1.62 lb,1.3499228395061729,$/oz,False,,False,,0.15779815393476565,0.3927708058016711
B0B75QWK6N,"Biochem 100% Plant Protein Powder, Chocolate, 27.3oz, 20g Vegan Protein (Hemp Seed & Pea Protein) Cranberry, Cocoa, Keto-Friendly, Non-GMO, Gluten-Free",36.15,4.4,476,4.378391678438423,,,,True,no pack size (title_conflicting_weight),False,,0.4117231322092561,
B08T9W6L3S,"Jacked Factory Authentic Whey Muscle Building Whey Protein Powder - Low Carb, Non-GMO, No Fillers, Mixes Perfectly - Chocolate Flavor",34.99,4.5,913,4.475633798633798,1 x 36.5 oz,0.9586301369863014,$/oz,False,,False,,1.1189724991997645,0.8604298662612446
B0C5242Z7K,"Hydra Cup | 5 Pack | 28-Ounce Shaker Bottles for Protein Powder Shakes & Mixes, Wire Whisk & Mixing Grid, BPA Free Shaker Cup Blender Set",27.99,4.7,5058,4.690379582201238,1 x 5 ct,,,True,non-dominant dimension (count),False,,2.680834984168251,
B0170QKFZ6,"Bariatric Fusion Orange Cream Meal Replacement 27g Protein Powder, 21 Serving Tub for Bariatric Surgery Patients Including Gastric Bypass & Sleeve Gastrectomy - No Gluten, Aspartame or Sugar",49.99,4.3,196,4.297983120327948,,,,True,no pack size (no_size_found),False,,-0.173094452084407,
B00B8YTJ0E,Life's Basics Plant Protein Vanilla Unsweetened LifeTime 1.1 lbs Powder,35.99,4.3,44,4.296147397512668,,,,True,no pack size (sources_disagree),False,,-0.18644580432218752,
B095DGKHHM,"Nutricost Organic Vegan Protein Powder (Chocolate, 2 LBS) - Plant Based, Certified Organic, Vegan Friendly, Gluten Free, Non-GMO",34.95,3.7,56,4.108696175333047,1 x 2 lb,1.0921875,$/oz,False,,False,,-1.549792859711045,0.682228244689513
B081MY2P44,"PlantFusion Elite Activated Peptide Sport Vegan Protein Powder - 30g Premium Plant Based Protein, 6.5g BCAAs - Keto, Gluten Free, Soy Free, Non-Dairy, No Sugar, Non-GMO - Creamy Vanilla 1 lb",36.99,4.2,84,4.256312151616499,,,,True,no pack size (title_conflicting_weight),False,,-0.47617059011841806,
B09Z6JYFGR,"Hydrolyzed Marine Collagen Peptides Powder. Canadian Wild-Caught Fish Skin(Not Scales)-Colageno Hidrolizado en Polvo- Vital Protein Supplement for Skin, Hair, Joints and Digestion- Marine Powder (5oz)",19.95,4.3,4148,4.299849359724798,1 x 5 oz,3.9899999999999998,$/oz,False,,False,,-0.15952115041818074,-1.0878791247902218
B08FZTVRLN,"Icon Muscle Isolean Whey Protein Isolate Powder, Vanilla, Chocolate, Strawberry, Cookies & Cream, Salted Caramel, Chocolate Mint, Chocolate Peanut Butter, 1 Pound (Chocolate Peanut Butter)",15.99,3.4,22,4.159011140583555,,,,True,no pack size (sources_disagree),False,,-1.1838482746683199,
B07CTVCX72,"Rockin' Wellness Vegan Protein Superfood Mix | Plant-Based Protein Powder | Organic, Non-GMO, Dairy-Free, Gluten-Free, 21 Servings",62.92,4.3,38,4.296003822264692,1 x 34.4 oz,1.8290697674418606,$/oz,False,,False,,-0.18749003806619127,-0.02223718909511154
B07F1CFG11,"Pea Protein Powder - NutritionBulk.com, Isolate, Unflavored, Dairy-Free, Keto, Vegan, Gluten-Free, Non-GMO (1 lb)",17.95,4.0,7,4.278897041420119,1 x 1 lb,1.121875,$/oz,False,,False,,-0.3119089616690632,0.6455873945110371
B0979W2RRV,"USN Supplements Weight Loss Collagen Peptides Grass Fed Protein Powder for Men and Women with Joint and Anti Aging Support, Mixed Berry, 15 Servings",23.99,3.7,87,4.048364835164835,1 x 7 oz,3.427142857142857,$/oz,False,,False,,-1.9885873045249502,-0.8801233796885091
B08CT3DL32,"Natreve- Marine Collagen Peptides Grass-Fed Whey Powder | Keto Friendly for Muscle, Hair, Skin, Nails, Joints, Collagen Protein Powder, Collagen Supplements (French Vanilla)",14.99,4.4,24,4.311949764521193,1 x 17.6 oz,0.8517045454545454,$/oz,False,,False,,-0.07151398217272532,1.0220086508103612
B07PVWNWJ3,Maxi-Health NatureMAX PlusTM Energy Support Drink Soy Protein Powder - Sugar Free Diet Supplement - 20g Protein Per Serving - Natural Strawberry Flavor - Kosher Vitamin - 1lb,32.87,3.4,13,4.209239819004525,1 x 1 lb,2.054375,$/oz,False,,False,,-0.818531260326933,-0.18094485014524392
B09YX1BWBN,"Unico Apollo Protein Shake Variety Box | 8 Great-Tasting Protein Powder Samples | Made w/ 100% Grass-Fed Whey Plus Casein and Egg White Protein | Low Carb, Low Sugar, Low Calorie Protein Shakes",28.99,4.5,95,4.384204657727594,,,,True,no pack size (no_size_found),False,,0.4540013745422549,
B0BT9MVG7D,"Shaker Bottle with Shaker Balls Leak Proof Drink Shaker Bottle Ideal for Workout Supplements,Protein powder, BPA Free, Nutrition, Portable Fitness Bottle for Fitness Enthusiasts Athletes (600ml,20-OZ)…",7.99,4.3,108,4.297214785214785,,,,True,no pack size (no_size_found),False,,-0.17868261204358143,
B01LRZO72S,"Naked Mass - Natural Weight Gainer Protein Powder - 8lb Bulk, GMO Free, Gluten Free & Soy Free. No Artificial Ingredients - 1,250 Calories - 11 Servings",69.99,4.5,3716,4.493424489550564,1 x 8 lb,0.546796875,$/oz,False,,False,,1.248365552990919,1.6274729958895553
B0C5YZMKP9,"Huel Vanilla Caramel Complete Protein|100% Vegan, Nutritionally Complete, Plant-Based Protein Powder|9g EAAs & 5g BCAAs|Gluten Free, No GMOs, Sugar Free, No Lactose|26 Portions",37.99,4.3,247,4.298261122661122,,,,True,no pack size (title_conflicting_weight),False,,-0.171072519882966,
B0925FG4TG,"Pure Protein Powder, Whey, High Protein, Low Sugar, Gluten Free, Rich Chocolate, 1 lb (Packaging may vary)",10.99,4.4,5802,4.397815462512172,1 x 1 lb,0.686875,$/oz,False,,False,,0.5529937972576774,1.315868778633388
B07X3Y43JX,"NaturesPlus SPIRU-TEIN WHEY Shake, Chocolate - 1 lb - Whey Protein Powder - with Spirulina, Vitamins & Minerals - Gluten Free - 14 Servings",29.35,4.2,49,4.267771019677997,1 x 1 lb,1.834375,$/oz,False,,False,,-0.3928293675428603,-0.026194232768486137
B08DBY189T,"Beneprotein Instant Protein Powder, Unflavored - Whey Protein - 8 OZ (Pack of 3)",56.81,4.9,15,4.360555183946488,3 x 8 oz,2.3670833333333334,$/oz,False,,False,,0.281996945517669,-0.3745225722658352
B08PG55FB4,"3-in-1 Protein Funnel Powder Device, Protein Powder Containers to Go, and Powder Mixer, Tight-Lock Containers for Protein Powder and Pre Workout Powder, 150cc and 25cc, Silver and Black Bundle",16.99,3.5,2,4.2820529230769235,,,,True,no pack size (no_size_found),False,,-0.28895599335052186,
B01HC9DEFE,"Fitness Labs Muscle Fit Protein Powder | 5 lb | Chocolate Fudge Ice Cream Flavor | 6 Protein Sources | Plus BCAA and Glutamine | Non-GMO, Gluten Free Supplement",73.99,5.0,4,4.316981223500908,1 x 5 lb,0.9248749999999999,$/oz,False,,False,,-0.03491979673855159,0.9094049660439069
B07X57THMF,"𝗪𝗜𝗡𝗡𝗘𝗥 𝟭𝟴𝟬𝟬𝗺𝗴 Collagen Pills - Multi Collagen Supplements (Types I, II, III, V & X) Collagen Peptides Pills for Hair, Skin & Joints - Hydrolyzed Collagen Protein Powder for Women and Men",21.99,4.5,1599,4.485340659340659,1 x 90 ct,,,True,non-dominant dimension (count),False,,1.189571238476522,
B095VMVS5V,"Designs for Health PaleoMeal - Bone Broth Protein Powder with 17g Protein, Meal Replacement Shake Dietary Supplement with Active Folate + Chelated Minerals, Vanilla (15 Servings / 480g)",68.49,4.3,178,4.29786250958344,1 x 480 g,4.045122580898437,$/oz,False,,False,,-0.17397166324078955,-1.1066247362851869
B08G5WJP7X,Magnum Nutraceuticals Quattro Protein Powder - 2lbs - Toasted Cinnamon Cereal - Protein Isolate - Lean Muscle Creator - Metabolic Optimize,49.99,4.4,158,4.353938133041336,,,,True,no pack size (sources_disagree),False,,0.23387062891113747,
B0BXXQ6VS1,"a2 Milk Protein + Collagen Nutritional Powder | Joint & Bone Health Support | 14g Protein & Collagen Peptides with Glucosamine, Vitamins D & K | Creamy, Delicious Simply Vanilla Flavor",28.99,4.2,72,4.2597775147929,1 x 14.1 oz,2.056028368794326,$/oz,False,,False,,-0.4509667390713908,-0.1820439599422327
B0BHKWGQXD,"Genius Protein Powder, Vanilla - Dual Protein Blend with Improved Whey Isolate & Natural Egg White for Lean Muscle Building for Men & Women - Grass-Fed Pre & Post Workout Meal Replacement Shake",39.99,4.4,460,4.377798654176013,1 x 23.1044 oz,1.7308391475216844,$/oz,False,,False,,0.407410021456869,0.05318063908097692
B00HNQE6JK,"HealthSmart Chocorite Protein Shake Powder, Banana Cream, 14.7 Ounce",26.67,4.8,14,4.346398652442448,1 x 14.7 oz,1.8142857142857145,$/oz,False,,False,,0.17903541069204845,-0.011149268333480952
B00457F67G,"HealthSmart Chocorite Protein Shake Powder, Banana Cream, 14.7 Ounce",26.67,4.8,14,4.346398652442448,1 x 14.7 oz,1.8142857142857145,$/oz,False,,False,,0.17903541069204845,-0.011149268333480952
B086WNJTY4,"Afinity Protein Funnel with Keychain - Portable Protein Powder Dispenser, Water Bottle Funnel for Powder, On-The-Go Supplement Container, Protein Bottle Accessory",15.99,4.5,265,4.4349397303727205,,,,True,no pack size (no_size_found),False,,0.8230014327514957,
B0BGWSJDP3,Thorne Whey Protein Isolate - 21 Grams of Easy-to-Digest Whey Protein Powder - NSF Certified for Sport - Chocolate Flavored - 31.9 Ounces - 30 Servings,58.0,4.5,655,4.467553490211588,,,,True,no pack size (title_conflicting_weight),False,,1.0602037989162432,
B07XFBJSP9,"High Level Natural Vegan Protein Powder | Chocolate Shake Plant Protein | 20g Protein | 2 lb, Pea Protein Isolate, Brown Rice Protein + Quinoa | No Artificial Color, Flavors | MCT Oil and Antioxidants",36.98,4.0,39,4.223806267806268,1 x 2 lb,1.155625,$/oz,False,,False,,-0.7125883656879204,0.6050922505968559
B0B2SB3KVS,"VMI Sports | ProtoLyte Whey Isolate Protein Powder | Low Calorie Whey Protein Powder for Weight Loss | Protein Powder for Muscle Gain | Digestive Enzymes | Non-GMO (Milk and Cookies, 1.6 Pounds)",49.99,4.4,489,4.378850678733032,1 x 1.6 lb,1.9527343749999997,$/oz,False,,False,,0.4150614764078239,-0.11162061960279776
B078T4PV69,"VibraxLabs Chlorella Capsules – Broken Cell Wall 600 mg Veggie Pills (1200 mg Serving) - Protein Powder Supplement for Natural Detoxification, Best with Spirulina, No Aftertaste, Made in USA",30.0,4.5,145,4.405808266360505,,,,True,no pack size (no_size_found),False,,0.6111260700922774,
B07ZQPWLWM,"Flexible Dieting Lifestyle Whey Protein Cookie Butter Powder - Fruity Cereal | Keto-Friendly, Low Carb, No Added Sugars, Gluten-Free | Easy to Mix, Bake and Spread | 8.6oz",21.0,4.3,80,4.296830617658204,1 x 8.6 oz,2.441860465116279,$/oz,False,,False,,-0.18147669202316868,-0.4170148361332736
B07FYTMPNP,"RSP Whey Protein Powder (5LB) - 27G Premium Whey Protein Shake with BCAAs and Glutamine, Post Workout Recovery Protein Supplement, 51 Servings (Chocolate)",59.97,4.1,64,4.228110242698478,,,,True,no pack size (title_conflicting_weight),False,,-0.681285227583336,
B08VNWB9MD,RAWEL Premium Goat's Milk Protein Powder A+ (9.87oz) / High in Protein to Support Growth/Supports Gut Health and Digestion/Whey Protein Isolate(WPI),27.5,4.4,72,4.333623668639053,1 x 9.87 oz,2.7862208713272545,$/oz,False,,False,,0.08612197780810386,-0.5972567901989002
B00ZY8GASY,"Lindberg Protein Shake Powder | 5 lb | Sustained-Release 4-Protein Blend | Vanilla Flavor | Non-GMO, Gluten Free Supplement",117.0,4.0,11,4.2705717566016075,,,,True,no pack size (sources_disagree),False,,-0.3724593939928098,
B0B494K3KY,Whey Protein Isolate | Six Star 100% Whey Isolate Protein Powder | Whey Protein Powder for Muscle Gain | Post Workout Muscle Recovery + Muscle Builder | Chocolate Protein Powder (20 Servings),31.1,4.4,867,4.3869258741258745,,,,True,no pack size (no_size_found),False,,0.473792989238248,
B07BDP71R1,PuraDyme Raw Liyf Protein Natural 900g Powder,72.95,4.6,15,4.327946488294314,1 x 900 g,2.2978863466319446,$/oz,False,,False,,0.04483141156952117,-0.3339879645291677
B07DD6NFMN,"TGS 100% Whey Protein Powder Unflavored, Unsweetened, Keto Friendly - 2lb - All Natural, Low Carb, Low Calorie, Soy Free, Gluten Free, Made in USA",38.99,4.6,3164,4.588578221899791,1 x 2 lb,1.2184375,$/oz,False,,False,,1.9404259156770056,0.5327801360428264
B09FFNF6HY,"Pure Protein 100% Whey Protein Powder, Rich Chocolate, 25 g Protein, 1.75 lb (Packaging May Vary)",26.99,4.5,22031,4.498860549579517,1 x 1.75 lb,0.9639285714285714,$/oz,False,,False,,1.2879024327573703,0.8528993488661146
B07VG9ZTZB,"LEGION Plant+ Vegan Protein Powder, Vanilla - Rice and Pea, Plant Based Protein Blend. Gluten Free, GMO Free, Naturally Sweetened and Flavored, 20 Servings, 2 Lbs (Vanilla)",49.97,4.0,322,4.081475540190147,1 x 2 lb,1.5615625,$/oz,False,,False,,-1.7477706180653014,0.19379287569386713
B092RTYYMS,MAXGAIN Supplement Funnel – Portable 60g Protein Powder Container With Keychain For Supplements And Pre Workouts – Mess Free To Go Water Bottle Funnel For Your Gym & Fitness Protein Shake Mix – 2-Pack,14.95,4.3,144,4.297590319792567,,,,True,no pack size (no_size_found),False,,-0.1759513203781408,
B078WXDP87,"Swanson Original Whey Protein Powder with Vitamins Sports Nutrition Muscle Workout Support 2 lbs 4.5 Ounces (1,035 g) (2 Pack)",88.28,4.5,197,4.421114423076923,,,,True,no pack size (title_conflicting_weight),True,False,0.7224489168894747,
B0BGVHDXSW,Enhanced Labs- Beef & Egg Protein Powder Supplement - Grass Fed Beef Animal Protein & Non GMO Egg Whites - Gain Mass - Professional Muscle Protein Formula with Zero Fat Beef Protein (Chocolate),59.99,5.0,3,4.311560439560439,1 x 31 oz,1.9351612903225808,$/oz,False,,False,,-0.07434557234675694,-0.09926990405662249
B09G3JKP43,"Natures Packet - Organic Vegan Protein Powder - Plant Based Protein, Vanilla Flavor - Non Dairy, Lactose Free, No Sugar Added, Gluten Free, Soy Free, Non-GMO, Ketogenic Vegan Blend - 1 lb, 16 Ounce",31.99,4.6,3,4.302036630036629,1 x 1 lb,1.999375,$/oz,False,,False,,-0.1436129663887556,-0.14386925420253766
B0C4CJCPWF,Go Nutra Chlorella Powder Organic Raw Non-GMO 100% Pure Cracked Cell Wall Green Superfood High Protein Chlorophyll for Smoothie Vegan Supplement (1 lb. (16 oz.)),28.95,4.5,116,4.394379143868683,1 x 1 lb,1.809375,$/oz,False,,False,,0.5280011893167722,-0.0074462729808974365
B01M14XHRR,"Wild Alaskan Salmon Bone Broth Collagen Powder 2LB Pure Protein Non-Gelling Type - Unflavored, No Taste",69.95,3.8,17,4.23469010989011,1 x 2 lb,2.1859375,$/oz,False,,True,False,-0.6334293509651245,-0.2657514070291713
B0C9RNC78N,"Body Fortress Super Advanced Whey Protein Powder, Strawberry, Immune Support (1), Vitamins C & D Plus Zinc, 1.78 lbs",20.82,4.5,3057,4.492061828737301,1 x 1.78 lb,0.7310393258426966,$/oz,False,,False,,1.2384548168236411,1.2307318691431004
B0C97B8KP3,"Mass Gainer Powder | MuscleTech Mass-Tech Extreme 2000 | Whey Protein Muscle Builder for Men & Women |Creatine Monohydrate + Carbs | Max-Protein for Weight Gain | Vanilla, 7 lb",80.0,4.3,5014,4.299874754795526,1 x 7 lb,0.7142857142857143,$/oz,False,,False,,-0.15933645012924838,1.2624069789680032
B09GXK6XF1,"Stirtime Magnetic Protein Powder Mixer Dissolves Unmixed Clumps in Protein, Dehydrated Powders and Vitamins. Lets You Enjoy a Silky Smooth, High Benefit Nutritional Drink Anytime. Made in The USA.",25.0,4.3,21,4.295532051282051,,,,True,no pack size (no_size_found),False,,-0.19092126445416607,
B01M0HIQHG,Sun Cow Grass Chicken Bone Broth Powder Organic Free Range 2LB Pure Protein Non-Gelling Type,59.95,4.5,239,4.430266893327667,1 x 2 lb,1.8734375,$/oz,False,,False,,0.7890155320376531,-0.054982405553787236
B0912J1382,"Future Kind Vegan, Vanilla (34srv) - Whey Free Protein Powder for Men and Women Pea Plant Protein for Lean Muscle - Sugar-Free, Soy-Free Non Dairy, w/ Iron and Fiber",59.99,4.2,135,4.2451806797853315,,,,True,no pack size (no_size_found),False,,-0.5571306349060929,
B01LT9V482,"NAKED nutrition 3LB Non-GMO Egg White Protein Supplement Powder, Unflavored, No Additives, Paleo, Dairy Free, Gluten Free, Soy Free – 25g Protein, 44 Servings, 3 pounds",67.99,4.2,565,4.216942754919499,1 x 3 lb,1.4164583333333332,$/oz,False,,False,,-0.7625072191101419,0.3270381938557444
B087C7BPP6,"USN Supplements Collagen Peptides Grass Fed Protein Powder with 20g Collagen and 18g Protein - Keto and Paleo Friendly, Unflavored, 21.16 Oz",39.75,4.3,21,4.295532051282051,1 x 21.16 oz,1.8785444234404536,$/oz,False,,False,,-0.19092126445416607,-0.05870164928821974
B08QB1QDF6,"Octonuts Almond Protein Powder, 21 Ounce, Made with California Almonds, 17g Plant Based Protein, Keto, Paleo Friendly, Vegan, Gluten Free, 17 Servings",22.99,4.5,184,4.417773991480832,,,,True,no pack size (title_conflicting_weight),False,,0.698153702767613,
B0B52DSLP4,"Obvi Collagen Powder Supplement, Healthy Joints, Bones, Skin, & Nails, Hydrolyzed Protein Peptides, Keto Friendly Nutrition for Men & Women, Mix in Drinks (12 Travel Packs, Variety Pack)",28.99,4.1,24,4.262970172684459,1 x 5.4 oz,5.368518518518518,$/oz,False,,False,,-0.4277462943887175,-1.4933243951924682
B08WHHV64P,"Insane Labz Insane Whey Ripped, Lean Muscle Building Protein with L-Carnitine and CLA Oil Powder, 5lbs 60 Servings, Chocolate",69.99,4.5,84,4.378051282051282,,,,True,no pack size (sources_disagree),False,,0.40924740328800396,
B084WSFJT5,"Driven Pro Fusion 7 Meal Replacement Powder - Men & Women, 3 lbs - 24g Protein Per Serving, Digestive Enzymes & MCT Oil - Gluten-Free - On-The-Go Energy & Supports Muscle Mass - Vanilla Milkshake",60.99,4.5,31,4.336081918081918,,,,True,no pack size (sources_disagree),False,,0.1040010137534139,
B07KY3G2L1,"FoxyFit Protein for Her, Vanilla Cupcake Whey Protein Powder with CLA and Biotin for a Healthy Glow (1.85 lbs)",39.99,4.3,2692,4.299771444186364,1 x 1.85 lb,1.3510135135135135,$/oz,False,,False,,-0.16008783607996815,0.3916673971152426
B07L5Z9QK4,"Raw Fountain 3 Day Juice Cleanse Detox, 24 Powder Packets, Travel and Vegan Friendly, 4 All Natural Flavors, Includes Protein (3 Day)",49.99,3.6,2627,3.631075132867133,,,,True,no pack size (title_is_kit),False,,-5.023567179590904,
B06XPN5ML3,"Sun Chlorella Powder Green Algae Superfood Supplement Supports Whole Body Wellness Immune Defense, Gut Health & Natural Energy Boost - Chlorophyll, B12, Protein, Non-GMO - 30 Packets",59.24,4.6,56,4.390260421143102,1 x 30 ct,,,True,non-dominant dimension (count),False,,0.49804540436860556,
B0988YD9RR,"Okapi Powder (Chocolate) Adaptogenic Whey Protein Isolate with Vitamins and Minerals - Gluten Free, Sugar Free, Low Carbs, Low Fat - 30 Servings",49.99,4.5,16,4.318392916436082,,,,True,no pack size (no_size_found),False,,-0.024652446203814914,
B0BW45T1R1,"SHIFTED Whey Protein Isolate Powder - 25g Protein, 12g EAA, 5.5g BCAA - 100% Whey Isolate Protein Powder to Promote Muscle Growth and Post Workout Recovery (Cookies & Cream)",34.99,4.9,70,4.514282981267438,,,,True,no pack size (title_conflicting_weight),False,,1.400070956302739,
B07SGFVRKF,"Chocolate Bone Broth Protein Powder, Grass Fed Beef, 20 Servings (18oz), Vital Collagen Peptides + Gelatin, Gluten Dairy, Egg & Nut Free, Keto and Paleo Friendly",32.65,4.3,196,4.297983120327948,1 x 18 oz,1.8138888888888889,$/oz,False,,False,,-0.173094452084407,-0.010850408848364489
B000NYI3FC,"NaturesPlus Fruitein Revitalizing Green Foods High Protein Energy Shake - Tropical Fruit Flavor - 1.3 lbs, Vegetarian Powder - Plant-Based Meal Replacement - Non-GMO, Gluten-Free - 16 Servings",30.3,4.6,166,4.470092094756454,1 x 1.3 lb,1.456730769230769,$/oz,False,,False,,1.0786672636554784,0.2887356256974009
B09YWMZ2D5,"OnMyWhey - Protein Powder and Supplement Funnel Keychain, Portable to-Go Container for The Gym, Workouts, Fitness, and Travel - TSA Approved, Classic 3-Pack",17.99,4.6,1689,4.579280692817116,,,,True,no pack size (no_size_found),False,,1.8728042765654156,
B0B6GTYXPW,"BSN Syntha-6 Whey Protein Powder, Cold Stone Creamery- Mint Mint Chocolate Chocolate Chip Flavor, Micellar Casein, Milk Protein Isolate Powder, 44 Servings",95.7,4.6,3180,4.5886335499196536,,,,True,no pack size (no_size_found),False,,1.9408283205911105,
B0BSHDXT9S,"LADDER Whey Protein Powder, 26g Protein for Muscle Gain, 7g BCAAs, 14g EAAs, No Artificial Sweeteners, NSF Certified Supplements (Chocolate, 30 Serving Bag)",59.9,4.2,337,4.225340468227425,,,,True,no pack size (title_conflicting_weight),False,,-0.7014300088511974,
B0BCSRLL9F,"Organic Blue Spirulina Powder - 100% Natural Powdered Blue-Green Algae, No Fishy Smell, Nutrient-Dense Superfood, High Protein, USDA Organic, Non-GMO, Vegan, Make Colorful Food Creations - 30g",19.99,4.6,31,4.356211788211788,1 x 30 g,18.890232242291667,$/oz,False,,False,,0.25040709661491223,-3.212176489248837
B077JLSHFN,Dinuwa Wheat Grass Superfood - Amazing 80/20 Blend Of Whole Leaf - Juice Powder Has The Highest Nutrition Absorption Rate. Vegan Gluten And Dairy Free High In Protein Vitamins Enzymes And Chlorophyll,24.99,4.1,24,4.262970172684459,,,,True,no pack size (no_size_found),False,,-0.4277462943887175,
B0BL7Y5C1Z,"FEEL ICELAND | Amino Marine Collagen | Pure Hydrolyzed Collagen Peptides Powder Supplement - Vital Protein Supplement for Healthy Skin, Hair, Nails, and Joint Support, 4.9 oz",40.0,4.2,58,4.2644011899702505,1 x 4.9 oz,8.16326530612245,$/oz,False,,False,,-0.4173383963760541,-2.065903382426766
B0BMTGG7HR,"REDCON1 Ration Whey Protein, Peanut Butter Chocolate - Keto Friendly + Gluten Free Whey Protein Powder - Contains Whey Protein Hydrolysate + Whey Concentrate (65 Servings)",79.99,4.6,249,4.499076923076923,1 x 81.44 oz,0.9821954813359528,$/oz,False,,False,,1.2894761337294047,0.8272507832058139
B0C9L3WKQF,"NOW Sports Nutrition, Organic Pumpkin Seed Protein Powder With 10g of Protein, Certified Non-GMO, Unflavored, 1-Pound",19.72,4.0,94,4.167081176887629,1 x 1 lb,1.2325,$/oz,False,,False,,-1.1251542842845326,0.5171021300384473
B00C73MRLS,BSN Syntha-6 Ultra-Premium Lean Muscle Protein Powder,54.0,4.9,17,4.368261538461539,1 x 16 oz,3.375,$/oz,False,,False,,0.3380458504739124,-0.8591767890828385
B087VV7YJ1,"Himalaya Organic Ashwagandha Powder, Adaptogenic Superfood for Protein Shakes & Smoothies, 4 oz, 45 Day Supply",16.95,4.2,48,4.268167341430499,1 x 4 oz,4.2375,$/oz,False,,False,,-0.3899468891680714,-1.170102277974134
B007AUIMOY,"Herbalife Personalized Protein Powder, Unflavored (360G)",47.8,4.5,2055,4.488409832591651,1 x 360 g,3.7641866815972223,$/oz,False,,False,,1.211893569937278,-1.0082830086861962
B09QSTYXLR,AWA NUTRITION Superfood Protein Smoothie Powder Mix | Coconut Cream Natural Flavor | Gluten-Soy-Dairy Free | Vegan | Source of Minerals & Smart Carbs | Made with Ancestral Superfoods,19.97,4.1,46,4.241755120619026,,,,True,no pack size (no_size_found),False,,-0.582044988347691,
B01N3B8H73,"swiig Lo-Carb Whey Protein Powder, Madagascar Vanilla, Isolate, No Artificial Flavors, Colors or Sweeteners, No Fillers, 2.2 Pound Bag",61.99,4.8,24,4.377255886970173,1 x 2.2 lb,1.7610795454545454,$/oz,False,,False,,0.40346243411526633,0.029516538741149338
B08LK1336J,"Healthy Living Proteins | Marine Collagen Peptides Type I & II | 24g Fish Protein, Naturally Sourced Wild Fish, Non-GMO | Keto & Paleo, Gluten Free, Kosher | Unflavored Powder (8 oz)",34.89,3.6,13,4.228357466063349,,,,True,no pack size (title_conflicting_weight),False,,-0.6794871531690944,
B09WLYK9S6,"Bowmar Nutrition Vegan Protein, Vegan Gluten Free Protein Powder, 20-22g Of Protein, Low Fat, Delicious Tasting, blend of Pea, Pumpkin Seed, Watermelon Seed, & Sunflower Seed Protein (Blueberry Donut)",49.99,3.0,17,4.137547252747253,1 x 32 oz,1.5621875,$/oz,False,,False,,-1.339956770193512,0.19324616254901228
B0C33WRWSR,"Myprotein® - The WHEY - Whey Protein Powder - Naturally Flavored - Engineered for Superior Performance - Jelly Doughnut, 2.16Lb (30 Servings)",54.13,4.5,85,4.378637573964498,,,,True,no pack size (sources_disagree),False,,0.41351154915051974,
B084WY3G6Q,"Titan Whey Protein Powder - Premium, Fast-Absorbing Whey with 23g of Protein, BCAAs, & Digestive Enzymes Per Serving - Supports Lean Muscle Mass & Optimal Digestion - 2 Pounds, Banana Split",45.99,4.6,150,4.462478444632291,1 x 2 lb,1.4371875,$/oz,False,,False,,1.023292604814402,0.3071888949106706
B08C7Y7XVY,"Enhanced Multi Collagen Peptides (Types I, II, III, V, X) | Grass Fed Collagen Protein Powder & Proteox for Maximum Absorption & Benefits | Keto Amino Acid Hydrolyzed for Hair Nail Skin Joint Health",32.99,4.5,50,4.354084481991997,1 x 10.61 oz,3.1093308199811496,$/oz,False,,False,,0.23493503600661136,-0.747162105767467
B01L7UGB0E,"Protein Powder Blender - Mixer - Sports Shaker Bottle by PUMPD LABS , 16oz Leak Proof - BPA and Phthalate-Free Plastic - Wide Mouth - Portable - Versatile - Durable Shaker Cup (Black cup, Black lid)",7.99,4.3,40,4.296052855120339,,,,True,no pack size (no_size_found),False,,-0.18713341836220995,
B08J8TH5F9,"Body Fortress Super Advanced Whey Protein Powder, Gluten Free, Cinnamon Swirl, 2 Pound",35.99,4.2,658,4.214925243770315,1 x 2 lb,1.1246875,$/oz,False,,False,,-0.7771807317843791,0.6421665761494565
B0848P2ZF6,"Driven Vegan Protein Powder (2 lbs) - 100% Plant-Based, Essential Amino Acids + Antioxidant-Rich Superfoods - Clean, Non-Dairy, High-Fiber - Build Muscle & Burn Fat - Post-Workout Recovery- Chocolate",49.99,3.9,20,4.239556750941366,1 x 2 lb,1.5621875,$/oz,False,,False,,-0.5980338989124988,0.19324616254901228
B0892SZZG2,"Root Vitality Collagen Peptides, Collagen Powder, Grass Fed, Premium Quality Collagen Protein, Pasture Raised, Easily Dissolves, Keto & Paleo Friendly, Non-GMO, 16 Ounces",24.99,4.5,2095,4.488618852743288,,,,True,no pack size (sources_disagree),False,,1.2134137894639287,
B08DV4HN5N,"Teami Beauty Butterfly Collagen Powder for Women - Marine Peptides - Keto Food Friendly, Non-GMO, Gluten Free - Hydrolyzed Antioxidant Protein Formula - Supports Healthy Hair, Skin, Nails and Joints",29.22,4.3,467,4.298909517601042,1 x 8.47 oz,3.4498229043683586,$/oz,False,,False,,-0.16635669396414796,-0.8891350320317949
B095JDQ84Y,"Bulletproof Chocolate Collagen Protein Powder with MCT Oil, 19g Protein, 14.3 Oz, Collagen Peptides and Amino Acids for Healthy Skin, Bones and Joints",34.39,4.3,167,4.297781432360743,1 x 14.3 oz,2.404895104895105,$/oz,False,,False,,-0.17456134407368593,-0.39617434221489706
B006FNHO50,"True Athlete Natural Whey Protein - Chocolate, 20g of Protein per Serving - Probiotics for Digestive Health, Hormone Free - NSF Certified for Sport (1.5 Pound Powder)",29.99,4.5,44,4.34884200829111,1 x 1.5 lb,1.2495833333333333,$/oz,False,,False,,0.19680612438922873,0.4982951581087696
B0718Y8RH2,HEALTHFORCE SUPERFOODS Elite Green Protein - 500 g Powder,64.95,4.6,52,4.3854663736263735,1 x 500 g,3.6826030539375005,$/oz,False,,True,False,0.46317793063688745,-0.9783460926576368
B079YMRRPS,"EarthNutri - Whey Isolate Protein Powder for Workout and Muscle Growth Support, Non-GMO and Organic Vanilla Flavor Whey Protein Isolate, Makes 20 Protein Drinks, Vanilla Protein Powder",49.98,4.3,23,4.29559325605901,,,,True,no pack size (no_size_found),False,,-0.19047611743686751,
B0BLQHKV1B,Syntrax Matrix Protein Powder - Pre Workout & Post Workout Protein Drinks - Whey Protein Powder - Micellar Casein Protein Powder & Egg Albumin Powder - Smooth Creamy Flavor - Snickerdoodle - 5 LB,69.99,4.5,2,4.2980529230769235,1 x 5 lb,0.874875,$/oz,False,,True,False,-0.1725867713599636,0.9853370560252008
B09X2B9JPN,"BODYTECH Whey Protein Powder - with 17 Grams of Protein per Serving & Amino Acids - Ideal for Post-Workout Muscle Building, Contains Milk & Soy - Vanilla (5 Pound)",64.99,4.6,121,4.446133669609079,,,,True,no pack size (title_conflicting_weight),False,,0.9044158077480343,
B07XZM7SJN,"Keto Meal Replacement Shakes, Chocolate, 2lbs, Low Carb Keto Protein Shake Mix, MCT Powder, Grass Fed Hydrolyzed Collagen Peptides, Keto Breakfast Shake, 20g Fat, 14g Protein, 1 Net Carb, Zero Sugar",43.99,4.2,963,4.210733531661709,1 x 2 lb,1.3746875,$/oz,False,,False,,-0.8076673740898118,0.36793400237020896
B08XWVNXCZ,"Simple Life Nutrition Organic Chlorella Capsules Cracked Cell Wall Powder - Blood Pressure Immunity & Cholesterol Supplements - Non-GMO, Vegan, Premium Chlorophyll, Iron & Protein with Minerals - 60CT",17.99,4.1,29,4.257609311740891,1 x 60 ct,,,True,non-dominant dimension (count),False,,-0.4667362454638755,
B0B2SYRV1D,Collagen Peptides Protein Powder (45 Servings) Keto Protein Powder Paleo Protein Powder Unflavored Protein Powder Best Collagen Powder for Women and Men Hair Skin Nails & Joint Support Supplement,34.99,4.6,25,4.346328482328482,,,,True,no pack size (no_size_found),False,,0.17852505809396915,
B0BBSP4KFQ,"Ancient Nutrition Bone Broth Protein Powder, Salted Caramel, 19g Protein per Serving, Beef, Supports Healthy Skin, Gut Health, Joint Supplement, Gluten Free, Paleo and Keto Friendly, 20 Servings",45.01,4.4,1799,4.393265668774514,,,,True,no pack size (no_size_found),False,,0.5199027999158808,
B084HLCYD2,Organic Spirulina Powder Capsules 3000 mg - Purest Non-Irradiated Blue Green Algae - Best Raw Vegan Protein - Green Superfood - Natural Multivitamins – 180 Pills Made in The USA,20.78,4.6,492,4.538953846153846,,,,True,no pack size (no_size_found),False,,1.5795040408443333,
B09YMTN1M7,"Reignite Wellness by JJ Virgin Chocolate Paleo Inspired All in 1 Shake - Gluten Free + Dairy Free Protein Powder - Contains 20G of Beef Protein with Vitamins, Minerals, Amino Acids (30 Servings)",73.45,4.3,826,4.299322039393694,1 x 20 g,104.11362367656251,$/oz,False,,False,,-0.1633563914600843,-5.544120045958969
B0C3NSN1DT,"Sunfood Superfoods Supergreens and Protein Powder with Probiotics, 19 Superfoods & 23g Vegan Protein, Digestive Enzymes for Gut Health, Gluten Free, Vegan, Plant Based, Organic, Non GMO, 8 oz Bag",16.24,4.5,361,4.447844246662429,,,,True,no pack size (title_conflicting_weight),False,,0.9168569653013626,
B08HJJ12HH,"Almased Low-Glycemic High Protein Powder Shake Meal Replacement for Weight Management Non-GMO Plant-Based Protein, Gluten Free 17 oz 1PK",37.99,4.4,119,4.346514939605849,1 x 17 oz,2.2347058823529413,$/oz,False,,False,,0.17988117611282625,-0.2958971679329553
B09HL2NQD9,"wellious – Clean Vegan Protein Powder – for Gut Health, Plant Based, Keto Friendly, No Sodium, High Fiber, Dairy Free, for Women and Men (Real Vanilla)",32.0,4.2,103,4.251577944179714,,,,True,no pack size (no_size_found),False,,-0.5106028423784553,
B01545EL64,"Solgar Brewer's Yeast Powder, 14 oz - Rich Source of Amino Acids, B-Complex Vitamins, Minerals, & Protein - Natural, Unflavored, and Unsweetened - Dairy Free, Vegetarian - 13 Servings",15.61,4.5,3945,4.493794644883141,1 x 14 oz,1.115,$/oz,False,,True,True,1.2510577209951483,0.6539856313147323
B0BNNVLZ6P,"Orgain Organic Protein Powder, Pumpkin Spice Latte Flavored, 21g of Plant Protein, Gluten Free, Non-Dairy, Non-GMO, 1g of Sugar, Vegan, 2.74 LB",36.15,4.8,24,4.377255886970173,,,,True,no pack size (title_conflicting_weight),False,,0.40346243411526633,
B01NGTP84J,"Wild Alaskan Salmon Bone Broth Collagen Powder 1KG(2.2lbs) Pure Protein Non-Gelling Type - Unflavored, No Taste",73.95,4.6,17,4.331832967032967,1 x 1 kg,2.09644723509375,$/oz,False,,False,,0.07309806826326301,-0.2086418089627044
B0BJY6TPL8,"Booty Bands & Barbells Protein Powder 100% Plant Based 17 Oz Vegan Protein Powder Chocolate Delicious Organic Protein Powder for Women Helping Build Muscle, Metabolism, & Immunity with 14g of Protein",36.99,4.1,27,4.259710769230769,,,,True,no pack size (sources_disagree),False,,-0.45145218464241954,
B00NBJ377K,"Naked Goat - 100% Pasture Fed Goat Whey Protein Powder from Small-Herd Wisconsin Dairies, 2lb Bulk, GMO Free, Soy Free. Easy to Digest - All Natural - 23 Grams of Protein - 30 Servings",69.99,4.4,647,4.38319040959041,,,,True,no pack size (title_conflicting_weight),False,,0.44662467037791775,
B09F5758WD,Healthy Heights Grow Daily Boys 10+ Shake Mix Bag Protein Powder (Chocolate) - Developed by Pediatricians - High in Protein Nutritional Shake - Contains Key Vitamins & Minerals,36.95,4.2,306,4.227171597633136,,,,True,no pack size (no_size_found),False,,-0.6881120648320322,
B095CRMM8L,"Bulletproof Duo Bundle | Collagen Peptides Protein Powder and Amino Acids for Skin, Bones and Joints — Vanilla + Chocolate with MCT Oil, 19g Protein, 17.6 Oz",69.2,4.6,14,4.325960696238068,,,,True,no pack size (sources_disagree),False,,0.030388594280748814,
B0843FVPP6,"Earth Circle Organics Hemp Powder, Lab Tested 100% Gluten Free, Plant Based & Vegan Protein Powder - Perfect for Keto Diets, Meal Replacement Shakes, Sport Preworkout and Post Workout - 8 oz",16.99,4.4,115,4.345616031027796,1 x 8 oz,2.12375,$/oz,False,,False,,0.173343345371034,-0.2263199136794077
B08R6GMF39,"Collagen For Her: Unflavored Collagen Peptide Powder for Women - Hydrolyzed Collagen Protein Supplement for Women | Paleo, Keto, Hair, Skin, and Nails. (Travel Packets)",35.99,4.6,1581,4.577967497291441,1 x 20 oz,1.7995,$/oz,False,,False,,1.8632533052126456,3.0636285102139735e-05
B0C2ZQWVM2,"MD. LIFE Vanilla Protein Powder & Greens - 24.7 Oz - Plant Protein Powder for Men - Plant Based Protein and Greens & Probiotics - Dairy Free, Gluten Free Protein Vanilla Powder",18.99,4.2,48,4.268167341430499,1 x 24.7 oz,0.768825910931174,$/oz,False,,False,,-0.3899468891680714,1.1618772507777257
B0BRYLV66B,"Black Magic Multi-Source Casein Protein Powder - Whey, Egg Albumin Enzymes, Micellar Casein & MCT - Muscle Mass Gaining - Bodybuilding - Chocolate PB Puffs Flavor - 2 LB w Worldwide Nutrition Keychain",49.99,4.1,87,4.214079120879121,1 x 2 lb,1.5621875,$/oz,False,,False,,-0.7833346481941712,0.19324616254901228
B0C83KXT88,Xwerks Grow: Whey Protein Isolate Powder - Keto-Friendly - Soy & Gluten-Free - Nutrition Muscle Shake - 25g - 30 Servings for Optimum Strength Fitness - Easy-Digesting - Grass-Fed - Chocolate Flavor,58.99,4.5,420,4.453511262218445,1 x 25 g,66.89353476575,$/oz,False,,False,,0.9580736022552351,-4.939723801565554
B09RGTJ558,Almased Vanilla Meal Replacement Shake - Low-Glycemic High Plant Base Protein Powder- Nutritional Weight Health Support Supplement - Vanilla Flavor - 17.6 oz (1.1 Pound (2 Pack)),74.99,3.9,419,3.9895878512631278,2 x 17.6 oz,2.130397727272727,$/oz,False,,False,,-2.41607679749953,-0.23058980422498532
B09S1D79S8,"Green Thumb Foods - Pea Protein Powder - Unflavored & Unsweetened - Plant Based - Non-GMO - Keto-Friendly - Vegan - Fermented Yellow Peas - Dairy, Gluten, Nut, & Soy Free - Shelf Stable - 30 Servings",29.95,4.4,48,4.324307692307692,,,,True,no pack size (no_size_found),False,,0.01836617044792335,
B07X3NPWB7,"NaturesPlus SPIRU-TEIN Shake - Cookies & Cream - 2.3 lbs, Spirulina Protein Powder - Plant Based Meal Replacement, Vitamins & Minerals for Energy - Vegetarian - 30 Servings",46.95,4.4,308,4.3699689452079244,1 x 2.3 lb,1.2758152173913044,$/oz,False,,False,,0.35046395014255743,0.46991133188671635
B08TLJJBFQ,"Laurel's Organic Vanilla Whey Protein Powder for Shakes, Smoothies, & Baking – Low Sugar Protein Powder – Non GMO & Gluten Free – 30 Servings (2 lbs.)",54.99,4.3,5,4.294973557692308,1 x 2 lb,1.7184375,$/oz,False,,False,,-0.19498323098698625,0.0630051058708732
B01LVZ7N8G,"BioOptimal Collagen Powder, Collagen Peptides, Grass Fed, Non-GMO Premium Quality Hydrolyzed Collagen Protein, Pasture Raised, Dissolves Easily, 300 Grams, Packaging May Vary",22.99,4.4,5340,4.39763071854011,1 x 300 g,2.1725184554791666,$/oz,False,,False,,0.5516501402391544,-0.2573385004483468
B0C5N1BTSV,"Protein Essentials Collagen Peptides Powder, Grass-Fed, Paleo & Keto Friendly, NonGMO & Gluten Free Unflavored 32oz",46.99,4.6,857,4.561690423861852,1 x 32 oz,1.4684375,$/oz,False,,False,,1.7448689070073657,0.27780001962673206
B00014DLC4,"NutriBiotic – Vanilla Rice Protein, 3 Lb (1.36kg) | Low Carb, Keto-Friendly, Vegan, Raw Protein Powder | Grown & Processed without Chemicals, GMOs or Gluten | Easy to Digest & Nutrient Rich",36.93,4.2,1029,4.2101185897435895,1 x 3 lb,0.769375,$/oz,False,,False,,-0.8121398936261187,1.1609018445725034
B09V2BD6X7,"BOWMAR NUTRITION - 100% Whey Protein Powder; The Best Tasting Protein Powder. Whey Isolate Protein Meal Replacement. 22g of Protein per Serving. (Apple Pie Oatmeal, 2 LB.)",44.99,4.1,150,4.187753169907016,1 x 2 lb,1.4059375,$/oz,False,,True,False,-0.9748053002432577,0.3372238730101153
B08W3RVJ2J,"SHIFAA NUTRITION Delicious Creamy Vanilla Halal Whey Protein Powder 2Lbs | 26g Protein, 5500mg BCAAs, and 460mg Glutamine | for Recovery & Lean Muscles | Gluten-Free | Non-GMO | Keto-Friendly",52.99,3.9,37,4.203478846153846,1 x 2 lb,1.6559375,$/oz,False,,False,,-0.8604312558608208,0.11362160513951623
B08QV2V9G9,"SELFe Isotein Isolate Protein Powder Supplement by SelfEvolve - 25g whey Protein Isolate, 0g of Added Sugar, 1g of Fat (Cookies and Cream, 2lb)",54.99,4.2,11,4.286989667049369,,,,True,no pack size (title_conflicting_weight),False,,-0.25305067739801984,
B08C7ZLVPP,"Collagen Peptides Powder Supplement - Hair, Nail, Skin, Joint Support for Women & Men (6 Ounce) Hydrolyzed Protein, Grass Fed, Pasture Raised, Types 1 & 3, Unflavored + Proteox for Maximum Absorption",27.98,4.2,67,4.261350607287449,1 x 6 oz,4.663333333333333,$/oz,False,,False,,-0.43952551721452204,-1.3009289884493727
B08GB2JJKP,"Enhanced Multi Collagen Peptides (Types I, II, III, V, X) | Grass Fed Collagen Protein Powder & Proteox for Maximum Absorption & Benefits | Keto Amino Acid Hydrolyzed for Hair Nail Skin Joint Health",40.98,4.4,49,4.3247477638640435,1 x 10.61 oz,3.862393967954759,$/oz,False,,False,,0.021566844487471665,-1.0434709299670497
B01LWICA2K,Anima Mundi Qi Energy + Protein Superfood Powder - Adaptogenic Adrenal Support Supplement Powder with Ashwagandha and Slippery Elm - Mood and Energy Support Supplement and Protein Powder (8oz / 227g),36.0,4.4,28,4.314282221090169,1 x 8 oz,4.5,$/oz,False,,False,,-0.05454984740657236,-1.2522184306386857
B0CB8GXBBQ,"PlantFusion Complete Lean Plant Based Protein Powder - Prebiotic Fiber, Superfoods & Digestive Enzymes - Vegan, Gluten Free, Soy Free, Non-GMO - Chocolate Brownie 1 lb",29.98,4.2,867,4.211774358974359,1 x 1 lb,1.87375,$/oz,False,,False,,-0.8000973575523359,-0.05521028248380622
B098FJYGNY,"XPRS Nutra Organic Barley Grass Powder - 4 Ounce Premium Barley Powder Rich in Antioxidants, Amino Acids and Protein - Barley Green Superfood for Immunity",12.99,4.5,190,4.419350208896535,1 x 4 oz,3.2475,$/oz,False,,False,,0.7096176524146977,-0.8065632341168028
B06XF2G4GY,"NaturesPlus Almond Protein Powder - 1.04 lbs, Unflavored - USDA Certified Organic, Non-GMO Vegan Protein Powder, No Added Sugar, Promotes Muscle Recovery - Vegetarian, Gluten-Free - 15 Servings",41.25,3.8,28,4.203023942944473,1 x 1.04 lb,2.4789663461538463,$/oz,False,,False,,-0.8637398016455583,-0.4376196483595977
B09DHYPKTW,"Plant-Based Protein Powder Vegan Dietary Supplement - Gluten-Free, Non-GMO, Erythritol-Free, Soy-Free, Dairy-Free Pea Protein for Women and Men",25.9,3.0,13,4.171004524886878,1 x 16 oz,1.61875,$/oz,False,,False,,-1.0966194746426041,0.14465301824216265
B0BZTBTDVN,"Nutricost Organic Pea Protein Isolate Powder (2LBS) - Unflavored, Certified USDA Organic, Protein from Plants, Vegetarian Friendly, Gluten Free, Non-GMO",24.95,4.0,546,4.054195239737841,1 x 2 lb,0.7796875,$/oz,False,,False,,-1.9461823267717708,1.142710818393212
B0BGN2G3NT,"Ora Organic Vegan Protein Powder - 21g Plant Based Protein Powder for Women and Men | Keto Friendly, Gluten Free, Paleo, Dairy/Soy-Free - Vanilla Chai Flavor, 20 Servings",39.99,4.2,5392,4.202113620196666,1 x 21 g,53.985591893750005,$/oz,False,,False,,-0.8703606485157173,-4.646823093778435
B09B2VXZ63,"Hydra Cup [4 PACK] - Protein Powder Funnel w/ three compartments, pill & supplement storage container & dispenser, pair w/ shaker bottle on the go for pre/post workout (Purple/Pink/White/Gold/Green)",19.97,4.4,356,4.3729783202184045,,,,True,no pack size (no_size_found),False,,0.3723513644330193,
B095V9KCDG,"Designs for Health PurePea - 20g Vegan Pea Protein, Non-GMO Natural Drink Mix Powder Supplement, Vanilla (15 Servings / 450g)",46.99,4.3,463,4.29890207403518,,,,True,no pack size (title_conflicting_weight),False,,-0.1664108315871628,
B01NADNUD7,Hydrolyzed Collagen Protein Powder for Women and Men Collagen Peptides Types I and III Non-GMO Grass-Fed Gluten-Free Kosher and Pareve Unflavored Easy to Mix Healthy Hair Skin Joints Nails 2Pack,48.99,4.5,1387,4.4832825267447785,1 x 32 oz,1.5309375,$/oz,False,,False,,1.1746022829180183,0.22085340882630458
B06XGSWW1P,Nubeleaf Brown Rice Protein 80% Powder 16 Ounce Jar,18.59,1.0,1,4.268198511166253,1 x 16 oz,1.161875,$/oz,False,,False,,-0.3897201892993607,0.5977231058123875
B09SRCHYXF,"ALLMAX Nutrition - HEXAPRO Protein Powder, 6 Protein Sources for Sustained Release, Protein Blend, Gluten Free, 25 Grams of Protein (Chocolate Peanut Butter, 5 Pound)",59.85,4.7,577,4.628795164835164,,,,True,no pack size (title_conflicting_weight),False,,2.23292681319126,
B08FG9SQ9G,"New! Plant Based Chocolate Protein Powder w 19 Superfoods, Veggies & Probiotics. Raw Cocoa, Kale, Beets, Spirulina & More! Vegan, Organic, Non-GMO, Gluten Free. 16oz",41.95,4.0,1511,4.022188871104416,1 x 16 oz,2.621875,$/oz,False,,False,,-2.1789670903101883,-0.5141944964927657
B07VFKYWG9,Greens First Dream Protein Plant Based – USDA Organic Dietary Supplement – Vegan Protein Powder – Nutritional Supplement – Chocolate – 30 Servings,42.99,4.8,34,4.404182263596277,,,,True,no pack size (no_size_found),False,,0.5993000278030465,
B01HU1T3M2,"Fitness Labs Whey Protein Isolate Powder | 5 oz | 25g Protein | Vanilla Flavor | with BCAAs | WheyFit | Non-GMO, Gluten Free Supplement",19.99,4.1,41,4.246076923076924,1 x 5 oz,3.9979999999999998,$/oz,False,,False,,-0.5506121889962903,-1.0906157028323702
B07GDTHYVC,"Low FODMAP Certified Protein Powder for IBS & SIBO Gluten, Soy, Sugar & Grain Free, Low Carb Whey Protein Isolate (WPI) ProHydrolase for 3X Protein Absorption Gut Friendly All Natural Non GMO Vanilla",49.99,4.1,53,4.2361171328671325,1 x 13.12 oz,3.8102134146341466,$/oz,False,,False,,-0.6230505038652016,-1.0248874021351113
B089BVSG98,"Earth Circle Organics - Certified Chlorella Powder Organic Superfood | Kosher | Broken Cell Wall, Vegan, High in Protein, Fiber & Amino Acids - 4oz (2 Pack)",26.99,4.6,876,4.562419034419034,2 x 4 oz,3.37375,$/oz,False,,False,,1.7501681472369532,-0.8586706819717493
B07N8BHRZK,"Organic Hemp Protein Powder, 2 Pounds — 50% Protein, Non-GMO, Non-Irradiated, Pure, Kosher, Vegan Superfood, Rich in Iron and Fiber, Product of Canada",32.57,4.2,212,4.234795866819748,1 x 2 lb,1.0178125,$/oz,False,,False,,-0.6326601727387468,0.7785845745171669
B0BP8G9ZL3,"Growing Naturals | Chocolate Raw Pea Powder 16g Plant Protein | 2.8G BCAA, Low-Carb, Low-Sugar, Non-GMO, Vegan, Gluten-Free, Keto & Food Allergy Friendly | Chocolate Power (15.8 Ounce (Pack of 1))",23.99,4.0,55,4.203688850475368,,,,True,no pack size (title_conflicting_weight),False,,-0.8589038783914363,
B01EGPK978,"E-hydrate Tri-Whey Protein Powder Gluten Free BCAA + Electrolytes Hydrate Recover, Vanilla, 1.3lb Tub",18.95,4.1,30,4.256579185520362,1 x 1.3 lb,0.9110576923076921,$/oz,False,,False,,-0.47422843214106675,0.9299700570296981
B0719SC6CT,"Sunwarrior - Warrior Blend, Plant Based, Raw Vegan Protein Powder with Peas & Hemp, Vanilla, 15 Servings, 13.2 Ounce",17.27,4.3,1015,4.299434635663106,1 x 13.2 oz,1.3083333333333333,$/oz,False,,False,,-0.16253747019317588,0.4355249417312657
B000OY4XJ6,"NaturesPlus Fruitein Revitalizing Green Foods High Protein Energy Shake - Tropical Fruit Flavor - 1.3 lbs, Vegetarian Powder - Plant-Based Meal Replacement - Non-GMO, Gluten-Free - 16 Servings",31.35,4.6,168,4.470984932593179,1 x 1.3 lb,1.5072115384615383,$/oz,False,,False,,1.0851609414319405,0.24219266800205846
B08YH8W5ST,"Premium Multi Collagen Peptides Protein Powder (1, 2, 3, 5 & 10) with Vitamin C, Biotin, Hyaluronic Acid, for Hair Skin and Nails - Marine, Bovine, Chicken & Eggshell (Chocolate, 45 Servings)",37.98,4.5,4600,4.494655222397759,1 x 16.02 oz,2.3707865168539324,$/oz,False,,False,,1.2573167669850631,-0.3766583101881347
B08BF5DHP4,"Nucific® PrebioBoost™ Daily Prebiotic Protein Powder, 16.2 Ounce",49.95,3.5,38,4.107183946488294,1 x 16.2 oz,3.0833333333333335,$/oz,False,,False,,-1.5607914155945186,-0.73569081865996
B008ZRLX0G,Eat the Bear Whey Protein Isolate Protein Powder 2 lbs (Chocolate),34.99,4.5,117,4.394819230769231,1 x 2 lb,1.0934375,$/oz,False,,False,,0.5312019749558374,0.6806654922963505
B07434SZ9W,"Hydrolyzed Bone Broth and Collagen Unflavored Protein Peptides Powder by Peak Performance. Contains All Collagen Types: 1, 2, and 3. Pure Pasture, Raised Grass Fed, Paleo Friendly, Gluten + Dairy Free",39.95,4.2,1281,4.208302432610125,1 x 16.9 oz,2.3639053254437874,$/oz,False,,False,,-0.8253489431657337,-0.37268705323639717
B0849VH1YV,Eighty:20 Protein Powder Casein & Whey Blend | Fast & Slow Digesting Proteins for 6 Hours Muscle Protein Synthesis for Men & Women | Keto Friendly & Great Tasting (Vanilla Ice Cream),47.99,4.7,124,4.498204920585487,,,,True,no pack size (no_size_found),False,,1.2831339930105172,
B07C5ZN1D4,ONMYWHEY - Portable Protein and Supplement Powder Funnel Key-Chain - Modern 3-Pack,17.99,4.5,619,4.465979266017002,,,,True,no pack size (no_size_found),False,,1.048754346118574,
B0C8S8LK8J,"Bluebonnet Nutrition Whey Protein Isolate Powder, Whey from Grass Fed Cows, 26 Grams of Protein, No Sugar Added, Gluten Free, Soy Free, Kosher Dairy, 2.2 lbs, 32 Servings, Original Unflavored",47.96,4.6,442,4.533551531654187,,,,True,no pack size (title_conflicting_weight),False,,1.540212594889729,
B0925JHSPZ,"MET-Rx Natural Whey Protein Powder, Chocolate Protein Powder, 5 Lb",59.89,4.5,1923,4.487662079855628,1 x 5 lb,0.748625,$/oz,False,,False,,1.2064551071790126,1.1982551589395398
B075MRWFL7,Green Foods Grass Fed Pasture Raised Hydrolyzed Collagen Peptides Protein Powder 7oz - 30 servings,14.99,4.7,26,4.365480640165204,1 x 7 oz,2.1414285714285715,$/oz,False,,False,,0.3178201647752041,-0.23764569567827118
B0C95ZCB3G,"Garden of Life Multi-Sourced Protein Hydrolyzed Collagen Peptides Powder Supplements for Women Men Joints Mobility, Apple Cinnamon, Turmeric, 20 Servings, 7.76 Oz",19.99,4.3,1178,4.29950546916573,1 x 7.76 oz,2.5760309278350513,$/oz,False,,False,,-0.16202229271872262,-0.4900942327479727
B0944BMN8H,"Organifi: Complete Protein Vanilla Flavor - Organic Vegan Plant Based Protein Powder - 30 Day Supply - Supports Craving Control and Weight Management - Digestive Enzymes - No Soy, Dairy, or Gluten",68.0,4.3,1496,4.2996026036964885,,,,True,no pack size (no_size_found),False,,-0.16131582585792487,
B00CQ7IW3W,"Ultimate Nutrition ISO Mass Xtreme Gainer, Weight Gainer Protein Powder with Creatine, 60 Grams of Protein, Whey Isolate Protein Powder for Lean Muscle Gain, 10 LBS with 30 Servings, Vanilla Ice Cream",114.95,4.3,46,4.2961929904415115,,,,True,no pack size (title_conflicting_weight),False,,-0.186114203468573,
B09YMZ3SH4,"PHARMAFREAK Vegan Freak Premium Hybrid Plant Protein Powder - Natural Cocoa - 785g: 20g Plant Based Protein, Low Carb, Keto, Non GMO, All Natural Plant Protein Powder, 1.73 Pounds (28 Servings)",29.95,3.9,27,4.2237107692307685,,,,True,no pack size (title_conflicting_weight),False,,-0.7132829341211788,
B08C818WSQ,"Double Wood Supplements Hydrolyzed Collagen Peptides Protein Powder - Keto - 16.08oz - Multi Type 1, 2, and 3 (Grass Fed Bovine Source)(Colageno Hidrolizado) for Women and Men",19.95,4.6,2176,4.5836696891625115,1 x 16.08 oz,1.2406716417910448,$/oz,False,,False,,1.9047257821924803,0.5080736965063495
B08S96MLFF,"Muscle Milk ZERO, 100 Calorie Protein Powder, Chocolate, 15g Protein, 1.65 Pound, 25 Servings",25.99,4.5,3364,4.492760715625069,1 x 1.65 lb,0.984469696969697,$/oz,False,,False,,1.2435378745354544,0.82409100086238
B0B8C1F29K,"Delvix Garden Pine Pollen Powder 99.99% Broken Cell Wall, 16 oz. Organic Pine Pollen Powder Bulk, Vegan Complete Protein Superfood",47.95,5.0,5,4.322317307692308,1 x 16 oz,2.996875,$/oz,False,,False,,0.003889951125784026,-0.696833445796473
B0BTY4S973,"Codeage Marine Collagen Protein Powder Supplement, Biotin 10,000 mcg, Vitamin C, D3 & B6, Keratin, Hyaluronic Acid, Niacin, Wild Caught Hydrolyzed Fish Collagen Peptides, Hair, Skin, Joints, 11.50 oz",54.99,4.5,36,4.341236574746009,1 x 11.5 oz,4.781739130434783,$/oz,False,,False,,0.14149122535521014,-1.3351857406313574
B0911KH2SF,"Gorilla Gulps – Mocha Vegan Mass Gainer – 5 lb Natural High Calorie Protein Powder – GMO, Gluten, Dairy, & Soy Free. No Artificial Ingredients – 530 Calories – 18 Servings",79.99,4.0,63,4.1949280397022335,,,,True,no pack size (sources_disagree),False,,-0.9226219242461965,
B00RR5OU84,"85284300EA - Resource Beneprotein Instant Protein Powder 7 g Packets, Unflavored",7.64,2.8,9,4.192853146853146,,,,True,no pack size (title_size_count_ambiguous),False,,-0.9377127784063265,
B07MG4SMR8,Almased Multi-Protein Powder 17.6 OZ (Pack of 2),59.12,4.4,628,4.38276513366793,,,,True,no pack size (sources_disagree),False,,0.44353160611352077,
B0CBDR4DMJ,"Love Sweat Fitness Organic Plant Based Protein Powder, Chocolate - 28 Servings, 20g Protein, Vegan, Gluten Free, Non-GMO",55.99,4.0,54,4.20483963494133,,,,True,no pack size (no_size_found),False,,-0.8505341350800073,
B06XCRVM1S,"NF Sports Glutamine Protein Powder with Amino Energy, Unflavored Protein Powder for Muscle Recovery, Sports Drink Powder, Supports Immunity, Helps Gain Focus, Dietary Supplement(300g, 60 Servings)",16.99,3.8,20,4.225570736955352,,,,True,no pack size (sources_disagree),False,,-0.6997552468063447,
B097HS2335,"NBI Non-GMO, Grass Fed, Unflavored, Collagen Protein Powder, Paleo- and Keto Friendly, Type I and III Hydrolyzed Collagen, Amino Acids Supplement, Pasture Raised, Dairy Free, Soy Free, Gluten Free",25.95,3.8,27,4.205710769230769,1 x 300 oz,0.0865,$/oz,False,,False,,-0.8441983088605552,4.146720850164999
B08JBW4YK6,"Vega One All-in-One Natural (22 Servings) - Plant Based Vegan Protein Powder, Non Dairy, Gluten Free, Non GMO, 30.4 Ounce (Pack of 1)",63.99,4.3,368,4.298689644367852,1 x 30.4 oz,2.104934210526316,$/oz,False,,False,,-0.16795584878182848,-0.2141615307012301
B0194AWCEI,"Norcal Organic - Peanut Butter Powder, 2lb | 11g Protein, 100 Calories, 41 Servings | Vegan, Natural, Organic, Low Calorie",39.99,4.7,936,4.652933536718239,1 x 2 lb,1.2496875,$/oz,False,,False,,2.4084870354507677,0.4981812718809904
B08P3LPSZ3,"Chocolate Collagen Peptides Powder with Hyaluronic acid, Vitamin C & Biotin for Hair Growth, Skin, Nails, Joints & Weight Loss. Great in Coffee & Shakes. Keto Flavored Collagen Protein. Grass Fed.",31.96,4.7,645,4.635099759615384,1 x 15.9 oz,2.010062893081761,$/oz,False,,False,,2.278780612537505,-0.1511531781173744
B09PGL6WL4,"LAB NUTRITION GOL Advance Clear Isolate Protein, 100% Whey Protein Powder, Gluten Free, Zero Sugar, Keto Friendly, 25g Protein, 1.70 lb, Peach Mango Flavored - 25 Servings",49.0,3.3,78,3.908739380022962,1 x 1.7 lb,1.8014705882352942,$/oz,False,,False,,-3.0040939035835352,-0.0014646767415913314
B0C3WV7T86,"MTN OPS Ammo Trail Packs Protein Meal Replacement Powder - 20 Servings, Chocolate",44.99,4.4,346,4.37240216499918,,,,True,no pack size (no_size_found),False,,0.3681609435200831,
B08FRMXCJ9,"Orgain Grass Fed Hydrolyzed Collagen Peptides Protein Powder - Paleo & Keto Friendly, Amino Acid Supplement, Pasture Raised & Grass Fed Clean Protein Shake, Creamy Chocolate Fudge - Meal Replacement",53.87,4.0,9,4.274671328671328,,,,True,no pack size (no_size_found),False,,-0.3426428932273346,
B084GKP38H,"Codeage Multi Collagen Protein Powder with Biotin, Vitamin C, Keratin, Hyaluronic Acid, Vitamins B6 & D3 - Grass Fed Hydrolyzed Collagen Booster Shake Peptides - Hair, Skin, Nails, Joints – 11.50 oz",30.39,4.4,1050,4.388965571512887,1 x 11.5 oz,2.642608695652174,$/oz,False,,False,,0.4886278641146708,-0.5249561484322842
B0C33YZYWV,"Myprotein® - WHEY Forward - Animal Free Whey Protein Powder Drink Mix - Support Muscle Recovery - Vegan Friendly - Lactose, Sugar Free - Dairy Identical Protein - Cinnamon Cereal 1.09 Lb (20 Servings)",33.82,4.3,46,4.2961929904415115,,,,True,no pack size (sources_disagree),False,,-0.186114203468573,
B01FJYXKFS,"100% Whey Chocolate Protein Powder - Myogenix Myolean Whey Protein Powder with 20 Grams of Protein Per Serving, Premium Protein Powder for Women and Men, Chocolate Protein Shakes (5 lbs)",74.99,4.5,154,4.40886864759789,,,,True,no pack size (title_conflicting_weight),False,,0.6333844565665915,
B0C4MHTZDG,"Big Train Protein Frappe Mix - High Protein, Low Sugar, and Low Carb Powder - Perfect for Meal Replacement, Weight Loss, and Muscle Building - 3lb (Pack of 1)",50.99,4.5,452,4.456098461538462,1 x 3 lb,1.0622916666666666,$/oz,False,,False,,0.9768905005055372,0.7201468192632832
B0929HQLY8,"NaturesPlus SPIRU-TEIN Shake - Banana Flavor - 1.2 lbs, Spirulina Protein Powder - Plant Based Meal Replacement, Vitamins & Minerals For Energy - Vegetarian, Gluten-Free - 16 Servings",21.18,4.6,327,4.516570256410256,1 x 1.2 lb,1.1031250000000001,$/oz,False,,False,,1.4167064831057485,0.6686143912412799
B0CBL6C4N4,"NutriBiotic Chocolate Rice Protein, 1 lb. 6.9 oz | Low Carb, Vegetarian & Keto-Friendly Raw Protein Powder | Grown & Processed without Chemicals, GMOs or Gluten | Easy to Digest & Nutrient-Rich",22.88,4.0,190,4.11583583189973,,,,True,no pack size (title_conflicting_weight),False,,-1.4978655922145008,
B074LV3DS6,Warrior Food Natural Protein Powder - 1000 g - V3.0,59.95,4.5,152,4.4082058741258745,1 x 1000 g,1.6995539113437501,$/oz,False,,False,,0.6285640544856901,0.07810151805718916
B001KIQ0AK,Resource Beneprotein Instant Protein Powder Case - 75 Packets 7 grams each,72.2,4.2,71,4.260085646312451,75 x 7 g,3.8987344183333335,$/oz,False,,False,,-0.44872567499633176,-1.0562654610449356
B0C97GMNPP,"Vega Essentials Vegan Protein Powder Chocolate (17 Servings) - Superfood Ingredients, Vitamins, Antioxidants, Low Carb, Dairy Free Pea Protein for Women & Men 1.4lbs (Packaging May Vary)",28.49,4.5,5344,4.495382589241744,1 x 1.4 lb,1.271875,$/oz,False,,False,,1.2626069615935787,0.47413733363404903
B07NDLXFMQ,"High Level Natural Whey Protein Powder | Salted Caramel Shake with Stevia | 24g Protein | 2 lb, Ultra Filtered Non-GMO | Digestive Enzymes for Absorption | No Artificial Color or Flavors | Made in USA",39.37,3.6,49,4.0968407871198576,1 x 2 lb,1.2303125,$/oz,False,,False,,-1.6360180036338499,0.5195291457548074
B004R63V4K,Puritan's Pride Soy Protein Isolate Powder Natural-32 oz Powder,31.34,4.2,121,4.247773013871374,1 x 32 oz,0.979375,$/oz,False,,False,,-0.5382763911103212,0.8311797230013572
B01LA0O1AS,"IMSOALPHA, Alpha Vegan Protein Powder, Plant Based Protein Powder, No Artificial Flavors/Colors/Sweeteners/Preservatives, (Natural Vanilla)",54.99,4.1,63,4.228799007444168,1 x 35.2 oz,1.5622159090909091,$/oz,False,,False,,-0.6762757889839306,0.19322131714887592
B0B39K9YC1,"NOW Supplements, Multi Collagen Protein Types I, II & III Powder, Bone, Joint, and Skin Health, 16 oz (454 g)",29.22,4.2,92,4.254216815742398,1 x 16 oz,1.82625,$/oz,False,,False,,-0.4914101279607999,-0.020129319377170718
B0C1G8241F,Terra Kai Organics SG7 Sports Greens Organic Green Juice Powder | Powdered Superfood Protein | Antioxidants & Mushrooms | Probiotics for Gut Health | Mixed Berry Flavor | 30 Servings,49.95,4.5,28,4.3328252674477845,1 x 11.6404 oz,4.29108965327652,$/oz,False,,False,,0.0803151449665898,-1.187272076764357
B089KWGVP7,Multi Collagen Protein Powder for Women and Men - Keto Hydrolyzed Collagen Peptides 45 Servings Hair Skin and Nails Vitamins - Unflavored Bovine Collagen Type 1 and 3 for Bone and Joint Support,24.99,4.3,208,4.2980562398326745,1 x 16 oz,1.561875,$/oz,False,,False,,-0.17256264834207177,0.1935194917748438
B08744YJQV,"Active Stacks Beef Protein Powder, Vanilla - Dairy Free with Natural Collagen for Keto, Paleo, Bone Broth & Low Carb Diets, 2 Pound",87.9,4.0,141,4.137335664335664,1 x 2 lb,2.746875,$/oz,False,,False,,-1.3414956688709387,-0.5778258392957324
B089T92NZD,"Primal Labs Smash-It Nutrient Infused Low Carb Protein Powder to Help Trim Down, Keto Meal Replacement Shake Powder, Gluten-Free Whey Protein Powder, Delicious Chocolate Flavor, 761 Grams",44.95,4.3,453,4.298883012820513,,,,True,no pack size (sources_disagree),False,,-0.16654946525722567,
B0BB8JCV8S,"Ora Organic Vegan Protein Powder for High Performance - Plant Protein with Tart Cherry, ProHydrolase and Probiotics for Optimized Absorption and Recovery Support - 15 Servings (Unflavored)",13.0,3.6,41,4.121076923076924,,,,True,no pack size (no_size_found),False,,-1.4597467357975258,
B07BBT95J1,"balanced greens Raw Vegan Pea Protein Powder – 20 g. of Certified-Organic, Plant Based Protein Powder with BCAAs and Iron Known to Boost Energy, Strength, Focus, and More, Vanilla, 27 Servings",36.87,3.8,34,4.187621754042136,1 x 20 g,52.262345880937495,$/oz,False,,False,,-0.9757610978653389,-4.602500964007979
B08SHRBFKY,ASPEN NATURALS Collagen Peptides Powder Supplement. Unflavored Grass Fed Hydrolyzed Collagen Powder for Skin Hair Nail Joint. Dairy & Gluten Free. Paleo Friendly Protein Powder for Women & Men. 24 oz,27.95,4.4,1039,4.388861114788826,1 x 24 oz,1.1645833333333333,$/oz,False,,False,,0.48786814238275683,0.5945421122199532
B086DX8FCM,"Tone It Up Plant Based Protein Powder for Women | 100% Pea & Pumpkin Seed Protein | Gluten Free, Non Dairy | 15g of Protein | Supports Weight Loss and Lean Muscle | Kosher Non GMO | .77lbs",19.98,4.0,185,4.117716283716284,1 x 11.85 oz,1.6860759493670887,$/oz,False,,False,,-1.484188922534307,0.08897936156305038
B00457BFNU,"Best Complex Carbohydrate Powder~RE-CARB Unflavored 2.11g~ Micronized for Endurance & Muscle Fullness Add to Pre-Workout, Intra-Workout, Post-Workout & Protein Formula Improves Maximum Results",21.99,4.0,74,4.184043732916829,,,,True,no pack size (sources_disagree),False,,-1.0017843187789481,
B002XOAHJA,Nutri-Supreme Research Whey Protein Powder Dairy Cholov Yisroel Coffee Flavor - 2 Lbs.,79.5,5.0,1,4.300456575682382,1 x 2 lb,2.484375,$/oz,False,,False,,-0.15510482238291304,-0.44059728004479687
B07N1817DB,"Nutritional Designs Nana Flakes Anti-Diarrheal Banana Powder, Remedy for IBS Relief & Heart Burn, 100% Pure Banana Flakes Medical Food - Natural - Great Source of Protein & Fiber (One Pound Bag)",34.99,4.3,458,4.298892625446842,,,,True,no pack size (no_size_found),False,,-0.16647955189177188,
B09TZ9NY54,"BIRDMAN Falcon Plant Based Protein Powder | Vegan Protein Powder, Keto Friendly, Kosher, Gluten Free, Organic Pea Protein, Non Dairy, Lactose Free Protein | Chocolate Flavor - 33 Servings - 2.18 lb",38.99,4.3,1911,4.299683685046516,1 x 2.18 lb,1.1178325688073394,$/oz,False,,False,,-0.16072611500663225,0.6505192183131046
B08MV7MZ41,"Sprout Living Epic Protein Bundle - Chocolate Maca & Vanilla Lucuma (20g Organic Plant-Based Protein Powder, Vegan, Gluten Free, Superfoods) | 2lb, 24 Servings",97.0,5.0,4,4.316981223500908,,,,True,no pack size (title_conflicting_weight),False,,-0.03491979673855159,
B07X9XB4XT,"Pure Marine Collagen Powder (1 lb) Natural & Unflavored, Easy Mix, Non-GMO & Gluten-Free, Protein Peptides, Eco-Friendly Packaging (2 TBS Serving)",21.99,3.8,31,4.1951728271728275,1 x 1 lb,1.374375,$/oz,False,,False,,-0.9208415662770679,0.368244616474255
B079VVMCYB,Greens Superfood + Grass Fed Collagen Peptides Powder - Ultimate Blend of Best Tasting Green Superfood with Pure Pasture Raised Hydrolyzed Protein Powder for Skin Hair + Joint Health,49.95,4.5,292,4.439172567191844,,,,True,no pack size (no_size_found),False,,0.8537871782173939,
B0BMW9PPKC,"BULKSUPPLEMENTS.COM Whey Protein Isolate Powder - Whey Protein - Flavorless Protein Powder - Pure Protein Powder - 30g per Serving, 33 Servings of Unflavored Protein Powder (1 Kilogram - 2.2 lbs)",33.96,4.5,7893,4.496850875172732,,,,True,no pack size (title_conflicting_weight),False,,1.2732859173091278,
B079GH5S3H,"Natural Force - Chocolate Organic Bone Broth Protein Powder, Grass-Fed & Keto Certified, Types I, II & III Collagen, Rich and Creamy, Perfect for Smoothies & Shakes, 13.8 oz",49.99,4.3,204,4.2980324629498945,1 x 13.8 oz,3.622463768115942,$/oz,False,,False,,-0.17273557942647602,-0.9558503856447108
B08MW18T7L,"Plant Protein Powder, Sport 31G, Vegan, Keto, Meal Replacement, Probiotics, Plant Based, Peak 02, Pre and Post Workout, Low Carbs, Non Dairy, Gluten Free, Sugar Free, 2 lb",19.99,3.5,11,4.229526980482205,,,,True,no pack size (title_conflicting_weight),False,,-0.6709811854797815,
B01D23EAXO,"Dr. Joe's Super Greens - Vegan, Green, Superfood Powder with Rice Protein",36.99,4.5,154,4.40886864759789,,,,True,no pack size (no_size_found),False,,0.6333844565665915,
B00MHGM5KS,"Six Star Casein Protein Powder Elite Casein Protein Powder | Slow-Digesting Micellar Casein Protein Powder for Muscle Gain | Triple Chocolate Protein Powder, 2 lbs (26 Servings) (Package May Vary)",20.12,4.4,3620,4.396541975790707,1 x 2 lb,0.62875,$/oz,False,,False,,0.543731631070664,1.4366694696998006
B07CNDMX3R,RSN Royal 100% Isolate Protein Powder | 27g Protein Isolate | 0 Sugar | 1g Carbs | 5 lbs | 76 Servings | Vanilla Delight,88.76,4.5,20,4.3234728348574505,,,,True,no pack size (sources_disagree),False,,0.01229418845057037,
B08FRQBL5R,"Orgain Bundle - Vanilla Protein Powder and Chocolate Protein & Superfoods Powder - Vegan, Made without Dairy, Gluten and Soy, Non-GMO",54.98,4.6,187,4.478892307692308,1 x 65 oz,0.8458461538461538,$/oz,False,,False,,1.1426718844490127,1.031438682046175
B0BQCVFG9L,"ANCESTRAL ORGANICS USDA Organic Sacha Inchi Protein Powder, 17.6oz (500g). High Omega-3, Fatty & Amino Acid Content, Delicious, Highly Digestable, Nutrient Rich Complete Protein, 100% Allergen Free.",22.7,4.5,42,4.34700979020979,1 x 17.6 oz,1.289772727272727,$/oz,False,,False,,0.18348026234921078,0.45504577838508764
B00B620EMA,"Chlorella Powder 111g by Sun Potion - Premium Organic Superfood, Pure Supplement, Rich in Vitamins, Protein, and Fatty Acids - Vegan, Nutrition, and Potent",40.0,4.2,53,4.266230769230769,1 x 111 g,10.21604436936937,$/oz,False,,False,,-0.4040317266812665,-2.3723709309002645
B0743J3NG2,Collagen Peptides Protein Powder Instant-Mix [Unflavored] Hydrolyzed Collagen Supplement – from Pasture-Raised Grass-Fed Bovine Beef Non-GMO Keto & Paleo Friendly Anti-Aging Supplements PhiNaturals,24.99,4.5,1832,4.48708778280543,1 x 16 oz,1.561875,$/oz,False,,False,,1.2022782008713238,0.1935194917748438
B07SF6NGSZ,"PEScience Collagen Peptides Powder, Hydrolyzed Collagen Protein with Vitamin C, 30 Servings, Unflavored, Supports Hair, Skin, and Nails",24.99,4.3,65,4.296577741407529,1 x 11 oz,2.2718181818181815,$/oz,False,,False,,-0.18331588030759788,-0.31840023681150786
B0BXPXQHX4,"Equilife - Daily Nutritional Support, All-in-One Vegan Protein Powder, Daily Multivitamin, May Help Boost Energy & Mood, Gut-Cleansing Aid, Promotes Skin Health (Pure Chocolate, 14 Packets)",46.95,4.6,218,4.489902097902098,1 x 14 ct,,,True,non-dominant dimension (count),False,,1.222746929511043,
B0B279GC8C,Judee’s Brown Rice Protein Powder (80% Protein) 1.5 lb - 100% Non-GMO and Sprouted - Dairy-Free and Keto-Friendly - Gluten-Free and Soy-Free - Plant-Based Protein,20.99,4.1,352,4.150434979757085,1 x 1.5 lb,0.8745833333333333,$/oz,False,,False,,-1.246223347358459,0.9857926090775236
B08DTSVTZH,"Ambrosia Fuerte - Super MCT Oil C8 Keto Powder, 60 Servings, Increase Energy and Brain Function, Reduce Cravings, Use As Coffee Creamer or with Protein Shake, Keto Diet and Vegan Friendly, Unflavored",34.99,4.4,134,4.349636635737804,1 x 15.87 oz,2.20478890989288,$/oz,False,,False,,0.20258551049823414,-0.27748324051908424
B07DFRSN1Y,"HYPERIG PL-100 Protein Powder Original Hyperimmune Egg Supplement with Immune Components Immune, Digestive, Joint and Energy Support (4.5g) Servings",59.95,4.2,44,4.269800092123446,,,,True,no pack size (sources_disagree),False,,-0.3780717686778989,
B00R1OZHXS,Puradyme Liyf Essential Amino Acid Protein Powder and Dietary Supplement - 14 ounces. Formulated for Promotion of Energy and Longevity,56.95,4.3,61,4.296503344481605,1 x 14 oz,4.067857142857143,$/oz,False,,False,,-0.18385697483186308,-1.1142818147755642
B08L779MR2,"Kaged Vegan Protein Powder Muscle Plantein, Delicious Organic Pea Protein Powder with Enhanced Absorption (15 Servings, Cinnamon Roll)",20.99,4.1,500,4.138453636251389,,,,True,no pack size (no_size_found),False,,-1.3333645737434283,
B08W3NF1WP,"Codeage Multi Collagen Protein Capsules & Multi Collagen Protein Powder Bundle | Multi Collagen Pills, Collagen Types I, II, II, V & X, 90 Count | Multi Collagen Peptides - Pure, Hydrolyzed, 20 oz",64.99,4.5,2,4.2980529230769235,,,,True,no pack size (title_size_count_ambiguous),False,,-0.1725867713599636,
B075LFVQGR,"Warrior Strong Wellness Premium Collagen Peptides Bone Broth: Grass Fed Hydrolyzed Collagen Protein Powder Boost for Healthy Skin, Nails, Hair, Joints, Muscles, Digestion, Keto Friendly, Unflavored",54.99,4.3,1310,4.299551022599173,1 x 15.9 oz,3.458490566037736,$/oz,False,,False,,-0.16169097911817404,-0.8925633879703552
B00IXI732O,"simply tera's Goat whey Protein Powder, Vanilla Honey Flavor",33.78,4.3,165,4.2977660256410255,,,,True,no pack size (no_size_found),False,,-0.17467339832287246,
B09X6DRHBT,"Global Healing Vegan Protein Powder, Organic Protein Powder, Plant Based Protein Powder for Women & Men, 20g of Plant Protein, Meal Replacement, Chocolate Protein Powder (20 Servings)",53.95,4.2,137,4.244833136094675,1 x 20 g,76.4728386296875,$/oz,False,,False,,-0.5596583467116827,-5.122571698360325
B07SKP2LVT,"Ultimate BCAA Powder, Supports Muscle Protein Synthesis, Nitric Oxide Production, Strawberry Kiwi (30 Servings) by BodyTech Elite",32.99,3.7,14,4.233989893318361,1 x 16.5 oz,1.9993939393939395,$/oz,False,,False,,-0.6385220795700833,-0.14388219602772795
B0157E3M6M,"AliMed Protein Supplement Beneprotein Unflavored 8 oz. Can Powder, Qty : 6 per Case",106.11,4.8,11,4.336243398392652,,,,True,no pack size (sources_disagree),False,,0.1051754723863436,
B08FBH7SH5,Judee’s Brown Rice Protein Powder (80% Protein) 3 lb - 100% Non-GMO and Sprouted - Dairy-Free and Keto-Friendly - Gluten-Free and Soy-Free - Plant-Based Protein,29.99,3.9,48,4.18395681511471,1 x 3 lb,0.6247916666666666,$/oz,False,,False,,-1.002416478592057,1.4452978801249343
B082MSTMBS,"Collagen Peptides Powder Supplement - Hair, Nail, Skin, Joint Support for Women & Men (6 Ounce) Hydrolyzed Protein, Grass Fed, Pasture Raised, Types 1 & 3, Unflavored + Proteox for Maximum Absorption",27.98,4.2,67,4.261350607287449,1 x 6 oz,4.663333333333333,$/oz,False,,False,,-0.43952551721452204,-1.3009289884493727
B0BLQCWSQ8,"Organixx Clean Sourced Collagen Powder, Hydrolyzed Protein Powder Collagen Peptides with Vitamin C, and Types I, II, III, V, X, For Skin, Joints, Hair and Nails, Aging Support, Unflavored, 20 Servings",39.95,4.3,1312,4.299551648351648,1 x 6 oz,6.658333333333334,$/oz,False,,False,,-0.16168642797263388,-1.7874985520161328
B07Z8C1RT8,Bronson Marine Collagen Peptides Hydrolyzed Protein Powder 100% Wild Caught Nordic Cod Verified Sustainable Source for Joints Skin Hair Nails & Bones 150g (5.29oz),24.99,4.4,197,4.359551923076923,1 x 150 g,4.7230305526250005,$/oz,False,,False,,0.2747001525898664,-1.318307730338002
B0BH96NX8Z,"Earth Harmony Naturals Organic Plant Protein Powder Vanilla, Organic Protein Powder for Women and Men, Pumpkin & Pea Protein Powder Vegan, Gluten Free, Plant Based Protein Shakes, 18g - 21.5 Oz",29.95,4.2,40,4.271512977819726,,,,True,no pack size (title_conflicting_weight),False,,-0.36561382018821836,
B08Y65ZGXP,"NutraBio Plant Protein – Complete Amino Acid Profile – 20G of Protein per Scoop – Gluten and Dairy Free, Zero Fillers, Naturally Sweetened, Non-GMO, USA Made Protein Powder - German Chocolate Cake",34.99,3.7,52,4.118037802197803,,,,True,no pack size (no_size_found),False,,-1.4818504940624377,
B08FW6MNJK,"Myprotein® - MYVEGAN Pea Protein Isolate Powder - Natural Plant Based Protein Powder - Gluten Free, Sugar Free, Vegan Fitness Nutrition - Recovery w/Amino Acids - Banana Bread, 2.2 Lb (30 Servings)",39.33,4.1,99,4.207912681912681,1 x 2.2 lb,1.1173295454545453,$/oz,False,,False,,-0.8281836297552232,0.6511341613513937
B07YD6GXJ9,"NOW Sports Nutrition, Sprouted Brown Rice Protein, 80% Protein, Unflavored Powder, 2-Pound",23.14,4.0,376,4.072658547864961,1 x 2 lb,0.723125,$/oz,False,,False,,-1.8118972766389647,1.2456035648507822
B0BB4ZKQG9,"KROMA. Blueberry Acai Plant Based Smoothie Mix, Gluten Free, Vegan Protein Powder, Provides Vital Energy, Made with Camu Camu, Chocho Plant Protein, Blueberries, & Other Organic Ingredients",55.0,3.5,31,4.134783216783217,1 x 16.9315 oz,3.248383191093524,$/oz,False,,False,,-1.3600598148615628,-0.8069347455970058
B098FKLMGH,"Body Fortress Super Advanced Isolate Protein Powder, Gluten Free, Vanilla Creme Flavored, 1.5 Lb",25.98,4.5,4081,4.493995389006806,1 x 1.5 lb,1.0825,$/oz,False,,False,,1.2525177483382801,0.6944005683596793
B07GT5CCDJ,"SFH Recover Whey Protein Powder (Chocolate) Great Tasting 100% Grass Fed Whey for Post Workout | All Natural | No Soy, No Gluten, No RBST, No Artificial Flavors (Pack of 10 Single Serves)",34.99,4.4,327,4.371236923076923,,,,True,no pack size (no_size_found),False,,0.35968605002484555,
B0BSGDJBN7,"LyfeFuel Vegan Protein Shake Plant-Based Protein Powder with BCAA, Greens & Superfoods for Sports Performance, Recovery & Lean Muscle Building | Clean Whey Protein Powder (Vanilla, 24 Servings)",50.0,4.1,141,4.190744755244754,1 x 32 oz,1.5625,$/oz,False,,False,,-0.9530472716013243,0.19297288799449364
B07SRK8J21,"Evlution Nutrition Stacked Protein Gainer, Whey Protein Powder Complex, 50 Grams Protein, 250 Grams Carbohydrates, Build Muscle, Recovery, Post Workout, Gluten-Free (Double Rich Chocolate, 12 LB)",39.99,3.7,53,4.115662587412587,,,,True,no pack size (title_conflicting_weight),False,,-1.4991256126009354,
B06XX4S36N,"Raw Organic Whey - USDA Certified Organic Whey Protein Powder, Happy Healthy Cows, COLD PROCESSED Undenatured 100% Grass Fed + NON-GMO + rBGH Free + Gluten Free, Unflavored, Unsweetened (12 OZ)",34.97,4.5,1136,4.479949654793181,1 x 12 oz,2.9141666666666666,$/oz,False,,False,,1.1503620506679213,-0.6585977185209553
B012SGA9RC,Herbalife Personalized Protein Powder PPP 200GM,40.9,4.0,2854,4.012178910105682,,,,True,no pack size (no_size_found),False,,-2.2517703011588455,
B07PY3KD7P,"simply tera's Organic whey Protein Powder, Bourbon Vanilla Flavor",35.99,4.2,105,4.251125506072874,,,,True,no pack size (no_size_found),False,,-0.5138934592841947,
B072QR9ZRX,"MacroLife Naturals MacroMeal Vegan Superfood Powder Time-Released Protein Blend, Greens, Digestive Enzymes, Fiber, MCTs - Energy - Non-GMO, Gluten-Free, rSBT-Free - Chocolate - 10 Packet Servings",24.99,4.3,36,4.295953555878085,,,,True,no pack size (no_size_found),False,,-0.1878556293350487,
B00X773QP4,"SOTRU Vegan Protein Shake, Vanilla - 18.5 oz. - Whole Food, Plant-Based Protein Powder with Green Superfoods, Enzymes & Probiotics - USDA Certified Organic, Non-GMO, Gluten-Free - 21 Servings",39.98,4.3,111,4.297250493096647,1 x 18.5 oz,2.1610810810810808,$/oz,False,,False,,-0.17842290589163054,-0.25012685558195324
B09F7XSKH3,PERFORMANCE INSPIRED Nutrition - WHEY Protein Powder - All Natural - 25G - Contains BCAAs - Digestive Enzymes - Fiber Packed – Blueberry – 2lb,32.99,4.8,53,4.446912587412587,,,,True,no pack size (title_conflicting_weight),False,,0.9100809364223374,
B092518S9M,"NaturesPlus Marine Collagen Peptides, Unflavored - .53 lb Tub - Hydrolyzed Protein Powder - Supports Vital Organs, Joint Mobility & Hair, Skin & Nails - Gluten-Free, Non-GMO - 20 Servings",28.81,4.3,30,4.295794871794872,1 x 8.48 oz,3.397405660377358,$/oz,False,,False,,-0.18900975079166055,-0.868216866113416
B071NRBSZB,Elevation Whey Vanilla Protein Powder Blend 32oz.,38.98,4.3,15,4.29533779264214,,,,True,no pack size (sources_disagree),False,,-0.19233412237862665,
B07XH52CTN,"Best Collagen Powder for Women & Men. Collagen peptides protein powder. Pure Keto Hydrolyzed Collagen Supplements for Hair Growth, Skin, Nails, Joints & Weight Loss. Grass Fed, Unflavored. Type 1 & 3.",26.95,4.5,2402,4.490002619954303,1 x 16 oz,1.684375,$/oz,False,,False,,1.2234780340740408,0.0903583453928771
B07DBTDJD4,"Blessed Vegan Protein Powder - Plant Based Protein Shake Meal Replacement Powder - 23g of Pea Protein Powder for Women & Men, Non-Dairy, Gluten Free, No Sugar Added, 30 Servings (Salted Caramel)",49.83,4.0,222,4.105091638795987,1 x 23 g,61.41985814429348,$/oz,False,,False,,-1.5760089292394355,-4.823089429765979
B003PQUX3K,"Metabolic Maintenance Metabolic Detox Complete Vanilla Shake - 20 Grams Non-GMO Plant Protein, Omega-3s, Nutrients + Milk Thistle - Liver Cleanse Support Powder - (2.3 lbs / 30 Servings)",88.5,4.4,42,4.3215552447552446,,,,True,no pack size (title_conflicting_weight),False,,-0.0016525908175858508,
B0B221PHMK,"Nutricost Soy Protein Powder, 1 LB Unflavored, 10 Grams of Protein Per Serving, Vegetarian, Non-GMO & Gluten Free",20.95,4.1,61,4.230198996655518,,,,True,no pack size (title_conflicting_weight),False,,-0.6660935605264364,
B097S3HCPP,"Flexible Dieting Lifestyle Plant Based Protein Powder, Slow Churn Vanilla Ice Cream | Vegan, Low Net Carbs, Non Dairy, Gluten Free, No Sugar Added | 1.8 Lb - 27 Servings",39.0,3.8,25,4.211193347193347,1 x 1.8 lb,1.3541666666666667,$/oz,False,,False,,-0.8043231006100688,0.388482430918772
B0BP9BXR2X,"Growing Naturals | Chocolate Rice Powder 16g Plant Protein | 2.8G BCAA, Low-Carb, Low-Sugar, Non-GMO, Vegan, Gluten-Free, Keto & Food Allergy Friendly | Chocolate Power (1 Pound (Pack of 1))",33.39,3.7,72,4.075162130177515,,,,True,no pack size (title_conflicting_weight),False,,-1.7936885312701403,
B08YS89MKQ,"UCAN Energy + Whey Protein Powder - 19g Per Serving with Amino Acids EAAs & BCCAs - Keto Protein Powder - No Added Sugar, Gluten-Free - Cocoa - 12 Servings",54.95,4.6,133,4.453346153846153,1 x 19 g,81.98980503782896,$/oz,False,,False,,0.9568727564535041,-5.2177427283660895
B087D8RQDM,"BPI Sports Vegan Protein - Plant Based, Non Dairy, Gluten Free, Organic Vegetable Based Protein Powder, 20g of Protein, Chocolate, 25 Servings",32.99,4.3,12,4.295234188034188,,,,True,no pack size (no_size_found),False,,-0.1930876466050048,
B09JCBGZ39,"Form Pureblend Protein - Vegan Protein Powder | Complete Amino Acid Profile | Unflavored and Unsweetened | Perfect for Your Smoothies, Cooking and Baking",39.0,5.0,1,4.300456575682382,1 x 18.34 oz,2.1264994547437297,$/oz,False,,False,,-0.15510482238291304,-0.22808752989805806
B08VP1YXW6,"Teami Vegan Protein Powder with Organic Ingredients - Smooth Plant Based Pea Protein Powder with Low Net Carbs, Non-GMO, Dairy Free, Soy Free, No Sugar Added - Triple Berry (14 Servings, 13.6 Ounce)",27.99,4.2,495,4.218861837191934,1 x 13.6 oz,2.0580882352941177,$/oz,False,,False,,-0.7485495871739454,-0.18341206130762694
B0C7C99PTC,"Pure Velvet Colostrum Powder, Premium Bovine Colostrum Supplement, Colostrum Powder for Humans, Lactoferrin Supplement & Colostrum Protein with Immunoglobulin (IgG) (Colostrum ﻿Powder)",49.95,4.2,373,4.223501240694789,1 x 10 oz,4.995,$/oz,False,,False,,-0.7148068511659748,-1.394798854181445
B002QT8AWS,"MET-Rx Original Whey Protein Powder, Great for Meal Replacement Shakes, Low Carb, Gluten Free, Original Vanilla, 2.54 oz. Packets, 18 Count",32.99,4.5,234,4.429290239172593,,,,True,no pack size (title_size_count_ambiguous),False,,0.7819122517764104,
B0BSP8K71R,"Evolution Advance Fit & Slim - Grass Fed Whey Protein Powder - Weight Loss Support, Easy Digesting, Keto Approved, Non GMO, Stevia Sweetened 2 Lb (Vanilla)",64.99,4.5,384,4.450210286754666,1 x 2 lb,2.0309375,$/oz,False,,False,,0.9340653555971146,-0.16526844319744866
B0798TNJQM,"Protein Funnel Keychain 4-Pack; Water Bottle Funnels for Supplements, Portable Protein Powder Container for Gym and Travel, Pre-Workout Fitness Funnels",13.99,4.6,1557,4.577652747252747,,,,True,no pack size (no_size_found),False,,1.8609641041423777,
B0BM7XQ7J5,"VITASAVE Whey Protein Powder Chocolate – 100% Whey Protein Powder, 25g Protein Per Serving – Grass-Fed, Gluten-Free, BCAAs, Amino Acids - 26 Servings, 858g Tub",33.95,4.2,52,4.266609230769231,1 x 858 g,1.121755606169872,$/oz,False,,False,,-0.401279147007255,0.6457328018380867
B001CCY344,"Designer Protein Whey Protein Powder, Gourmet Chocolate, 12-Ounce (Pack of 2) Canister, Made in the USA",33.25,3.1,20,4.127668639053255,2 x 12 oz,1.3854166666666667,$/oz,False,,False,,-1.4118046820632533,0.3573121938429575
B09MKSYN8K,"Bright Vegan Protein Powder for Women - Low-Carb, Non Dairy, Gluten Free, & Non-GMO Naturally Flavored Plant-Based Protein - 30 Servings, Chocolate",39.99,3.8,32,4.192623325062035,,,,True,no pack size (no_size_found),False,,-0.9393842898455786,
B09V7VSP4L,"Elite Nutrient Organic Spirulina Powder, Non-GMO, USDA Certified, A Superfood with High Protein, Boost Energy, Enhance Immunity, Regulate Blood Glucose Metabolism, Individual Package",14.99,4.4,27,4.313710769230769,,,,True,no pack size (no_size_found),False,,-0.05870606042428384,
B09W67BP82,"nPower Nutrition Protein Powder for Women, Chocolate Truffle, 100% Grass-Fed Whey Protein Isolate, 20g Protein, Low Carb, 32 Servings",64.99,4.6,179,4.4756841569027,,,,True,no pack size (no_size_found),False,,1.1193387587355685,
B09RQYZDY2,"Joro Vegan Chocolate Protein Powder 25g | for Athletes & Adventurers, Vegan, Non-GMO, No Sugar, No Gluten 615g",39.0,5.0,11,4.352661308840413,,,,True,no pack size (title_conflicting_weight),False,,0.22458418898113358,
B0CBLBSKZX,"Bluebonnet Nutrition Super Earth Organic Veggie Protein Powder, Soy Free, Gluten Free, Kosher, Non-GMO, Vegan, USDA Organic, No Sugar Added, Vanilla Flavor, 1 lb, 15 Serving",26.36,4.2,80,4.257421750663131,1 x 1 lb,1.6475,$/oz,False,,False,,-0.4681003915072952,0.12060078511252809
B098R8BWR9,"FITSVILLE [2 Pack Sports Shaker Bottle - Protein Powder, Creatine Mix, Water Enhancer, Supplements | 100% Leak Free, BPA Free, Stain & Odor Resistant | x4 Shaker Balls – x2Orange 16oz (500ml)",14.29,4.4,132,4.349241628959277,1 x 2 ct,,,True,non-dominant dimension (count),False,,0.19971259602959607,
B07NPSNHN4,"Collagen Peptides Powder - Enhanced Absorption, Double Hydrolyzed, Grass Fed, Keto Protein Powder with Vitamin C - Premium Supplement for Hair Growth, Skin, Nails, Joints & Bones, Unflavored",23.99,4.3,1920,4.299685078504461,1 x 7.455 oz,3.2179745137491613,$/oz,False,,False,,-0.16071598028057674,-0.7940849337467981
B09BXN7FH9,"Flexible Dieting Lifestyle Whey Protein Cookie Butter Powder - Salted Caramel | Keto-Friendly, Low Carb, Sugar-Free, Gluten-Free | Easy to Mix, Bake and Spread | 7.9oz",20.0,4.3,41,4.296076923076924,1 x 7.9 oz,2.531645569620253,$/oz,False,,True,False,-0.18695837027579737,-0.4663486386018472
B077MYFDHW,"BRAINMD Dr Amen Omni Protein Vanilla - 2.38 lbs - Plant-Based Protein Powder - Promotes Energy & Exercise Recovery - Vegan, Vegetarian, Sugar Free, Gluten Free - 30 Servings",59.95,4.1,31,4.255562437562437,1 x 2.38 lb,1.5743172268907564,$/oz,False,,False,,-0.4816233176925794,0.1826788877036308
B09T75XCWP,"RAW Whey Protein Isolate Powder | 100% Grass-Fed Protein Isolate | Highest Rated Protein Powder, Hormone-Free, Zero Additives, Low-Fat Sports Nutrition Protein | Vanilla (25 Servings)",37.79,4.4,186,4.358112023898432,1 x 31.7466 oz,1.1903636924899044,$/oz,False,,False,,0.26422765589325,0.5646276683642688
B07JQ4Q168,"Ultimate Nutrition Natural Gainz Whey Protein Powder - Natural Gainer Protein with Micellar Casein and Milk Protein, Chocolate, 3.6 Pounds",50.0,4.3,25,4.295652806652806,1 x 3.6 lb,0.8680555555555556,$/oz,False,,False,,-0.1900430014200435,0.9960282667633186
B08FW3N96H,"Orgain Bundle - Chocolate Protein Powder and Collagen Peptide Protein Powder - Paleo & Keto Friendly, Made without Gluten, Dairy and Soy",50.48,4.5,93,4.383132478632479,1 x 48.4 oz,1.0429752066115703,$/oz,False,,False,,0.4462033340964417,0.7452187819673955
B00E1RX88O,Pure Spirulina Powder (5 lbs) Protein Superfood Bulk Supplements,56.99,3.5,12,4.224123076923077,1 x 5 lb,0.712375,$/oz,False,,False,,-0.7102841887852601,1.2660665574891994
B0C9G83B7S,"Body Fortress Super Advanced Whey Protein Powder, Plus Creatine and Glutamine, Gluten Free, Vanilla, 32 Ounce (2lb)",48.0,4.5,14856,4.498314748339984,1 x 32 oz,1.5,$/oz,False,,False,,1.2839327786570043,0.24874537183779663
B09X1JC7BH,"Maxler Juicy Isolate Protein Powder - Clear Whey Isolate - Fat Free, Lactose Free & Sugar Free Muscle Recovery Drink for Pre & Post Workout - 90% of Protein per Serving - Coconut 1.1 lb (20 Servings)",26.99,3.8,79,4.101270373191165,1 x 1.1 lb,1.533522727272727,$/oz,False,,False,,-1.6038012858302113,0.21854825132241798
B0B6DBX121,"Wink Naturals Unflavored Multi-Collagen Protein Powder Dietary Supplement Includes Types I, II, III, V, and X of Collagen Skin Hair Nails Joint and Immune System Support (2)",74.99,4.5,33,4.338183431952663,,,,True,no pack size (title_is_kit),False,,0.11928548463722224,
B09BG7YQHS,"Body Nutrition, Trutein Protein Powder, Breakfast Shake, Meal Replacement, and Pre and Post Workout Recovery Drink Mix, 25 Grams of Protein per Scoop, Orange Cream, 2 Pounds",34.95,4.7,20,4.351444862829478,,,,True,no pack size (title_conflicting_weight),False,,0.21573688423825577,
B00O5ABGGS,"BlueBonnet Nutrition Whey Protein Isolate Powder From Grass Fed Cows, 26g of Protein, No Sugar Added, Gluten & Soy free, kosher Dairy, 2 Lbs, 28 Servings, French Vanilla Flavor",47.96,4.6,777,4.558285128205128,1 x 2 lb,1.49875,$/oz,False,,False,,1.7201019316185668,0.24988437659802304
B09HYCYSWT,"Whey Protein Isolate, MuscleTech Nitro-Tech Elite Isolate, Whey Isolate Protein Powder for Muscle Gain, Protein Shakes for Men & Women, Muscle Builder, Belgian Chocolate, 2.2 lbs (23 Servings)",39.5,4.5,214,4.425093814197672,1 x 2.2 lb,1.1221590909090908,$/oz,False,,False,,0.7513913324343329,0.6452414681562935
B08WX99RLP,"Multi Collagen Protein Powder Type I II III IV V X - Unflavored & Hydrolyzed 16Oz Pure Collagen Peptides Powder - Grass Fed Beef, Wild Fish Marine & USA Eggshell - Whole Body Collagen",39.99,4.6,251,4.499616618675442,1 x 16 oz,2.499375,$/oz,False,,False,,1.293401381036367,-0.44882145013517427
B0040QQICO,"Bluebonnet Nutrition Whey & Casein Protein Powder, Whey from Grass Fed Cows, 26 Grams of Protein, No Sugar Added, Non GMO, Gluten Free, Soy Free, Kosher Dairy, 1.05 lbs, 14 Servings, Chocolate Flavor",27.16,4.0,35,4.229472249269718,,,,True,no pack size (title_conflicting_weight),False,,-0.6713792497682604,
B0C357T76V,"Ronnie Coleman Signature Series Pro-Antium Whey Protein Powder with BCAA’s and EAA’s, Creatine for Recovery and Lean Muscle Support, 30g Protein Per Serving, Double Chocolate Cookie, 5 Lb",64.99,4.3,64,4.296559440559441,1 x 5 lb,0.812375,$/oz,False,,False,,-0.18344898377346214,1.0866010609705261
B0BHD21Y4W,Infinite PRO 100% WHEY Isolate 2LB | Optimal Absorption Protein Powder Supports Muscle Building | Chocolate Flavor | Gluten Free Workout Supplement,44.95,4.1,12,4.27745641025641,1 x 2 lb,1.4046875,$/oz,False,,False,,-0.3223867821500702,0.3384391153679886
B008OS8GE2,Syntrax Nectar Whey Protein Isolate Powder Cappuccino -- 2 lbs (Quantity of 1),52.99,4.7,49,4.4102128801431135,1 x 2 lb,1.6559375,$/oz,False,,False,,0.6431611625329696,0.11362160513951623
B01LYTVMX5,True Nutrition - Whey Protein Concentrate - 100% Whey Protein Powder - Fast Acting Low Carb Protein Powder with Essential Amino Acids - High in Leucine - French Vanilla - 5lbs.,84.75,5.0,15,4.37142474916388,1 x 5 lb,1.059375,$/oz,False,,False,,0.3610521235003871,0.7239031660581952
B0BQX2JXL1,"Forzagen Low Carb Whey Protein Powder Chocolate Flavored, Lean Protein Powder 2lbs for Men & Women, 24G of Protein, No Sugar Added, Proteina Whey Protein Chocolate 2 Pounds",38.9,4.4,133,4.349439903846154,1 x 2 lb,1.215625,$/oz,False,,False,,0.20115466442497967,0.5359374426673323
B07N8BJVNM,"MacroLife Naturals MacroMeal Vegan Superfood Powder Time-Released Protein Blend, Greens, Digestive Enzymes, Fiber, MCTs - Energy Boost - Non-GMO, Gluten-Free, rSBT-Free - Vanilla - 10 Packet Servings",24.98,3.2,35,4.0522570593963,,,,True,no pack size (no_size_found),False,,-1.960278860423177,
B0B2J5PNZD,"Ritual Prenatal Protein Powder: Choline to Support Prenatal, Postpartum, & Lactation, 20g Organic Pea Protein from Regenerative Farms in USA, Gluten Free, Plant Based, Sugar Free†, Vanilla, 1 Pound",44.5,4.1,132,4.193947511312217,,,,True,no pack size (title_conflicting_weight),False,,-0.9297533821140629,
B08FVZ7XRM,"Orgain Bundle - Chocolate and Chocolate Peanut Butter Protein Powder - (20 Servings each) Vegan, Low Net Carbs, Made without Dairy, Gluten and Soy",58.51,4.7,174,4.532177156177156,1 x 64.96 oz,0.9007081280788178,$/oz,False,,False,,1.5302166570781728,0.9455792513688903
B06X92NGVM,"BetterBody Foods Organic Plant Based Protein Powder, - 16g of Protein, Vegan, Low Net Carbs, Gluten Free, Dairy Free, No Sugar Added, Soy Free, Non-GMO, 12.7 Ounces",12.96,4.4,617,4.3825089397089405,1 x 12.7 oz,1.0204724409448822,$/oz,False,,False,,0.4416682878831272,0.7750187242137585
B08QVDPSNZ,"Vegan Protein Powder | Purely Inspired Plantopia | Silky-Smooth Plant Based Protein Powder for Women & Men | Gluten Free Plant Protein Powder | Dairy Free, Soy Free | Chocolate Hazelnut, 13 Servings",20.5,4.2,527,4.21793325443787,,,,True,no pack size (no_size_found),False,,-0.7553032404642106,
B00EOT959K,"Body Nutrition Trutein Cookies & Cream 4lb Protein Shakes/Shake, Meal Replacement Drink Mix, Post/Pre Workout Recovery Shake Powder, Breakfast Shake",59.95,4.0,51,4.208371352785146,1 x 4 lb,0.93671875,$/oz,False,,False,,-0.824847681469073,0.8920203164623773
B09945N2ZH,"Gorilla Formula 23 Vegan Protein Powder, Vanilla Flavored, Pure Plant Based Protein Powder, Make Vegan Protein Shake, Performance and Post Workout, Vegetarian Friendly (2.6lb) (Vanilla)",65.99,4.1,23,4.2640864067439415,1 x 2.6 lb,1.5862980769230766,$/oz,False,,False,,-0.4196278388223831,0.17232093710219795
B079YZ2MH9,"Collagen Peptides Powder - Grass Fed Pasture Raised Hydrolyzed Paleo and Keto Protein Supplement - for Youthful Skin, Healthier Hair, Joints, Stronger Nails - GMO and Gluten Free",29.99,4.4,270,4.3670651790957145,1 x 15.5206 oz,1.9322756395387795,$/oz,False,,False,,0.3293446374350309,-0.09723109584088957
B096WJB753,Collagen Peptides - 210g Hydrolyzed Collagen - Type 1 & Type 3 Multi Collagen Protein Powder - Grass Fed Collagen Powder - Collagen Keto Protein Powder - Pure & Unflavored Collagen Hydrolysate,21.99,4.5,1838,4.487127289844271,1 x 210 g,2.968600064375,$/oz,False,,False,,1.202565538582143,-0.6838820789687012
B000MD53J8,"Nutra BioGenesis - BioCleanse - Milk Thistle, Calcium-D-Glucarate and Plant Protein Blend for Liver Cleansing and Detoxification - Gluten Free, Powder - 1 Lb",63.99,3.7,23,4.201072708113804,1 x 1 lb,3.999375,$/oz,False,,False,,-0.8779312815934206,-1.091085500659359
B0BG8RKBTS,"Back To You Full Body Collagen Peptides + Ashwagandha Protein Powder | Supporting Muscle Development, Healthy Bones, Joints, Skin + Nails, & Managing Stress + cortisol Levels",40.0,4.5,36,4.341236574746009,1 x 13 oz,3.076923076923077,$/oz,False,,False,,0.14149122535521014,-0.7328474541981759
B0BZ7YPWQF,"PB2 Performance Peanut Protein Powder with Madagascar Vanilla – [2 lb/32 oz Jar] – 20g of Vegan Plant Based Protein Powder, Non GMO, Gluten Free, Non Dairy",24.99,4.4,163,4.354743410435718,,,,True,no pack size (title_conflicting_weight),False,,0.23972747290306892,
B09C13CQXP,"Vitamin Bounty Multi Collagen Protein Powder - Pure Hydrolyzed Collagen Protein Peptides, Type I,II,III,V & X, 0g Net Carbs, Keto-Friendly, Hair, Skin, Nails, and Joint Support - 30 Servings, 234g",19.98,4.4,480,4.378535017221585,,,,True,no pack size (sources_disagree),False,,0.4127656461266081,
B0BQZ6286K,"Organic Blue Spirulina Powder, 120 Servings - 100% Pure Superfood Blue-Green Algae, Natural Food Coloring for Smoothies & Protein Drinks - Non GMO, Gluten-Free, Vegan + USDA Certified, No Fishy Smell",69.99,4.5,1741,4.486457411687026,,,,True,no pack size (no_size_found),False,,1.1976934635829515,
B07YVP9QQ7,"Zint Collagen Peptides Powder: Paleo & Keto Certified - Granulated Collagen Hydrolysate Types I & III for Enhanced Absorption - Enzymatically Hydrolyzed Protein for Women & Men, 32 oz, 2 Pack",108.42,4.4,36,4.318595065312047,2 x 32 oz,1.6940625,$/oz,False,,False,,-0.023182201989922522,0.08252309682488357
B0033T8GR4,"NutriBiotic Certified Organic Rice Protein Vanilla, 3 Lb. | Low Carbohydrate Vegan Protein Powder | Raw, Certified Kosher & Keto Friendly | Made without Chemicals, GMOs & Gluten | Easy to Digest",45.8,4.0,386,4.071231071482545,1 x 3 lb,0.9541666666666666,$/oz,False,,False,,-1.8222794213909412,0.8668060432561595
B004D19VZM,"Nutra BioGenesis - BioCleanse Plus - Digestive Enzymes, Milk Thistle, and Plant Protein Blend for Digestion, Detox, and Liver Cleanse - Gluten Free, Powder - 1.9 Lb",66.14,4.3,44,4.296147397512668,1 x 1.9 lb,2.175657894736842,$/oz,False,,False,,-0.18644580432218752,-0.2593113809131786
B01N8PR3SF,"PlantFusion Complete Plant Based Protein Powder, Rich Chocolate, 30 g Single Serving Packets, 12 Count, Gluten Free, Vegan, Non-GMO, Packaging May Vary",44.31,3.5,10,4.235012145748988,,,,True,no pack size (title_size_count_ambiguous),False,,-0.6310871595682044,
B0BL2PDWCB,Plant-Based Performance Protein MuscleTech Platinum Plant-Based Performance Protein Powder 25g Protein 5 Plant Protein Sources Vanilla 20 Servings,41.06,4.1,85,4.215176035502958,1 x 29 oz,1.4158620689655175,$/oz,False,,False,,-0.7753567043587937,0.32761343805069404
B08Z34Q3KW,"Pounamu Natural Whey Protein Concentrate Powder, 24g Protein, 2g Sugar, 120 Calories | New Zealand Free-Range, Grass-Fed Dairy | Gluten-Free, Keto, Unflavored, 2LB, 30 Servings",34.95,4.5,247,4.4317746361746355,1 x 2 lb,1.0921875,$/oz,False,,False,,0.7999814609166221,0.682228244689513
B09M8VBHFZ,Bella All Natural Slim Shake Whey Protein Powder - 500 Grams (Vanilla),14.0,3.8,15,4.240989966555183,1 x 500 g,0.7937866475,$/oz,False,,False,,-0.5876100122922107,1.1182257891035556
B081D78BC7,"Soy Protein Isolate Powder | 3lb | Unflavored | Vegan, Non-GMO, Gluten Free | by Horbaach",29.99,4.2,148,4.243013340902641,1 x 3 lb,0.6247916666666666,$/oz,False,,False,,-0.5728938561291316,1.4452978801249343
B01A5GCSAS,Labrada Nutrition ISO Pro 100% WHey Protein Isolate Powder Vanilla 5 Pound,72.58,4.6,128,4.450424762488508,1 x 5 lb,0.90725,$/oz,False,,False,,0.9356252539898069,0.9356920967393124
B09WSZYYMV,"Designer Wellness, Aria, Women's Wellness Low Calorie Vanilla Protein Powder with Biotin, Vitamin C and Organic Aloe, Vanilla Blossom, 1.85 Pound",29.99,4.3,1872,4.299677501445923,1 x 1.85 lb,1.0131756756756756,$/oz,False,,False,,-0.1607710888060165,0.7848229248988688
B0C9JRPY38,"Orgain Organic Vegan Protein Powder, Iced Coffee - 21g Plant Based Protein, Gluten Free, Dairy Free, Lactose Free, Soy Free, No Sugar Added, Kosher, For Smoothies & Shakes - 2.03lb",26.99,4.5,42237,4.499404074961865,,,,True,no pack size (title_conflicting_weight),False,,1.2918555343746227,
B06XC6X5N3,"NF Sports Creatine Energy Protein Powder,Unflavored Protein Powder for Muscle Recovery & Strength, Sports Drink Powder, Dietary Supplement, No Artificial Flavors (300g, 60 Servings)",24.99,4.3,46,4.2961929904415115,1 x 300 g,2.3615152763125002,$/oz,False,,False,,-0.186114203468573,-0.3713050083218373
B0BXSBXHJY,"F-Factor Chocolate Shake Whey High Fiber Protein Powder Low Carb | 20g of Protein & Fiber Per Serving |5 Net Carbs Keto Protein, All Natural, No Added Sugar, Soy Free, Gluten Free Powder Men and Women",49.99,4.3,80,4.296830617658204,,,,True,no pack size (no_size_found),False,,-0.18147669202316868,
B0BF6347LB,Sparkle Skin Boost (Mixed Berry) [30-Serves] Verisol Collagen Peptides Protein Powder Vitamin C Supplement Drink,22.5,4.5,118,4.395255665496329,1 x 4.8 oz,4.6875,$/oz,False,,False,,0.5343761980584625,-1.3079909144819886
B09D93FJHV,"SFH Pure Whey Protein Powder (Chocolate) Best Tasting 100% Grass Fed Whey | All Natural | 100% Non-GMO, No Artificials, Soy Free, Gluten Free | (Chocolate, 31.6 Ounce (Pack of 1))",55.99,4.4,1411,4.391562330759202,1 x 31.6 oz,1.7718354430379746,$/oz,False,,False,,0.5075142924390763,0.021197549267759075
B016P46EHW,"Mt. Capra Goat Whey Protein | Grass-Fed Undenatured Whey Protein Powder from Pastured Goats, High in Branch Chain Amino Acids, Natural Vanilla - 1 Pound",44.1,4.5,241,4.430650042265427,1 x 1 lb,2.75625,$/oz,False,,False,,0.7918022035247502,-0.5824808220979453
B008RUUHQM,"ALLMAX Nutrition - Leucine, Leucine Powder for Muscle Recovery, Preserving Muscle Mass, and Protein Synthesis, Gluten Free, 5,000 mg, 400 grams",22.29,4.4,190,4.358647333497174,1 x 400 g,1.579777176140625,$/oz,False,,False,,0.2681210034888579,0.1779487899733625
B07PDNR3PC,"Mtn Ops Eva Shockey Signature Series Egg White Protein Powder, Vanilla, 30 Servings, Vanilla, 27.6 Ounce",54.95,3.8,12,4.250789743589744,1 x 27.6 oz,1.9909420289855073,$/oz,False,,False,,-0.5163354854676652,-0.1380945517121453
B07ZS2NT6K,"WW Vanilla Protein Booster - Whey Protein Powder, 2 SmartPoints - Weight Watchers Reimagined",26.91,4.5,162,4.411426720647773,,,,True,no pack size (no_size_found),False,,0.6519895172297109,
B00NALWM1G,"Solgar Whey To Go Whey Protein Powder, Vanilla - 33 oz - Grass-Fed Protein with L-Glutamine & BCAAs - rBGH Free, Gluten Free & Non-GMO - 36 Servings",42.0,4.5,181,4.416962550607288,1 x 33 oz,1.2727272727272727,$/oz,False,,False,,0.6922520313210063,0.47322213690622766
B07B119CYT,CAREFAST Stay Planted Plant-Based Non-GMO Soy Healthy Protein Powder Drink Mix - Natural Flavored - 2lb Tub - 13g Protein - Makes Great Tasting Low Carb Vegan Shakes & Smoothies,29.99,2.8,5,4.236379807692308,1 x 2 lb,0.9371875,$/oz,False,,False,,-0.6211400498000654,0.8913367996646167
B08LZPP31M,"VADE Nutrition Dissolvable Protein Packs - 100% Whey Isolate Protein Powder Chocolate & Vanilla Milkshake - Low Carb, Low Calorie, Lactose Free, Sugar Free, Fat Free, Gluten Free - 16 Packets to Go",28.99,4.2,19,4.282088840736728,,,,True,no pack size (sources_disagree),False,,-0.28869476146757295,
B07SWV8NRH,Shaklee - Life Shake Plant Protein Powder - Meal Replacement Shake - 14 Servings - Rich Chocolate,45.99,4.5,172,4.4144292046936116,,,,True,no pack size (no_size_found),False,,0.6738268130080413,
B00VJVO4EC,"Cutler Nutrition Total Protein Muscle Building Sustain Protein Powder, Creamy Vanilla, 4.49 Pound",109.0,3.9,5,4.279348557692308,1 x 4.49 lb,1.5172605790645879,$/oz,False,,False,,-0.3086250493371407,0.23311378590955348
B088C6BXMV,"NOW Sports Nutrition, MCT Powder With Whey Protein Isolate, 52% MCTs, Chocolate Mocha, 1-Pound",26.3,4.0,28,4.240110035659705,1 x 1 lb,1.64375,$/oz,False,,False,,-0.5940098168992275,0.1237141236358315
B09QT87S6P,"EVR-FIT EDGE Organic Plant Based Pea Protein Powder - 30g of Clean Protein, 5g BCAAs - Gluten Free, Keto & Vegan Protein Powder - Pre or Post Workout Recovery Drink - Low Calorie, Low Carb - Chocolate",54.99,4.7,56,4.42154533734422,,,,True,no pack size (title_conflicting_weight),True,False,0.7255829892663496,
B08X1LGW51,Collagen Peptides Powder for Women Hydrolyzed Collagen Protein Powder Types I and III Non-GMO Grass-Fed Gluten-Free Kosher and Pareve Unflavored Easy to Mix Drink Healthy Hair Skin Joints Nails 10 Oz,14.99,4.2,74,4.259170636470129,1 x 10 oz,1.499,$/oz,False,,False,,-0.4553806114628737,0.24965649966800407
B0BGWTYBLP,"CNP ProPeptide, Professional Grade Protein Powder, Advanced Nutrition Supplement (Strawberry, 5 Pound)",74.99,4.2,35,4.273776046738072,1 x 5 lb,0.937375,$/oz,False,,False,,-0.349154347104536,0.8910634886649865
B08WPJ2C49,"Skinny Jane Skinny Blend | Delicious Plant Based Protein Shake | Vegan Powder | Low Carbs Keto Friendly | Non GMO | No Soy, Gluten, Dairy and Egg Free | BCAAs (Vanilla, 2 Pound)",49.0,4.2,34,4.274245957863792,1 x 2 lb,1.53125,$/oz,False,,False,,-0.34573664759798606,0.22057455667087975
B00CYQX0OQ,"Growing Naturals | Vanilla Rice Powder 15g Plant Protein | 2.8G BCAA, Low-Carb, Low-Sugar, Non-GMO, Vegan, Gluten-Free, Keto & Food Allergy Friendly | Vanilla Blast (2 Pound (Pack of 1))",42.99,4.1,324,4.153594217862674,,,,True,no pack size (title_conflicting_weight),False,,-1.223245967331566,
B00UO67ZTY,LiquiVive Liquid Collagen Protein Peptides | Pure Hydrolyzed Super Multi Collagen Hydrolysate Drink | Higher Absorption Than Collagen Powder Pills & Capsules | Colageno Liquido Hidrolizado,31.9,4.0,1133,4.028866731994121,1 x 16 fl oz,,,True,non-dominant dimension (volume),False,,-2.130398498041678,
B0BNNXLLDN,Sunwarrior Vegan Organic Protein Powder Plant-Based | Triglycerides Coconut Oil Sugar Free Soy Free Gluten Free Dairy Free Non-GMO | Unflavored 40 Servings | Active Sport MCT Oil,34.97,4.7,32,4.378429776674938,1 x 12.6986 oz,2.753846880758508,$/oz,False,,False,,0.41200022359315935,-0.581289108553348
B0C3ZP2P4B,"VITASEI Beauty Booster Collagen Peptides Powder, 16 oz Hydrolyzed Collagen W/Vitamin C Protein Supplement for Healthy Skin, Hair, Nail, Bone, & Joint Health, Collagen Powder for Women & Men (Coconut)",49.95,3.9,41,4.196076923076923,1 x 16 oz,3.121875,$/oz,False,,False,,-0.9142660077167897,-0.7526629143170905
B0C3W8Q8TD,"Needed. Women's Hydrolyzed Collagen Protein Powder | Expertly-Formulated & Tested. Pure, Ethically Sourced, for Gut Health, Blood Sugar Management, & Muscle Growth, 30-Day Supply",49.99,4.3,262,4.298328871128871,1 x 16 oz,3.124375,$/oz,False,,False,,-0.1705797801027804,-0.7537565594671523
B0BVJMQJV5,"Codeage Multi Collagen and Biotin 10,000 mcg + Vitamin C, B6 & D3, Keratin, Hyaluronic Acid, Niacin, 18 Amino Acids - Stick Packs Supplement - 5 Types Collagen Protein – 30 Powder Packets",59.99,4.5,27,4.331710769230769,1 x 30 ct,,,True,non-dominant dimension (count),False,,0.07220931431509257,
B06Y67HFSV,"True Nutrition Pea Protein Powder Isolate - 25g Non-GMO Vegan Protein Powder per Serving - Low Carb, Low Fat, High Leucine - Gluten Free, Dairy Free, Soy Free - Chocolate Fudge Brownie - 1LB",16.5,4.1,81,4.217434389140271,,,,True,no pack size (title_conflicting_weight),False,,-0.7589315258741925,
B07X4JX9PD,"Evlution Nutrition Stacked Plant Protein Powder, Vegan, Non-GMO, Gluten-Free, Probiotics, BCAAs, Fiber, Complete Plant-Based Protein Complex, 1.5 LB (Natural Chocolate)",21.99,4.2,243,4.23184867591425,1 x 1.5 lb,0.9162499999999999,$/oz,False,,False,,-0.6540953172843958,0.9222056969345727
B071XDHSH2,Pure Moringa Powder Capsules 2500 mg Superfood - High Potency Energizing Supplement Antioxidant - 120 Raw Whole Food Vegetarian Protein Supports Keto Diet Weight Loss,18.99,4.3,194,4.297970395535064,1 x 120 ct,,,True,non-dominant dimension (count),False,,-0.17318700047490287,
B08G5C41S3,"MEND Regenerate, Post Workout Recovery, Immune Support, and Sports Nutrition Supplement for Men and Women - Natural, Gluten Free, and Non-GMO - Cocoa Protein Powder, 20 Servings",69.0,4.6,117,4.4435692307692305,1 x 22.7 oz,3.039647577092511,$/oz,False,,False,,0.8857644482083133,-0.7161950625174373
B01MR7382F,"NorCal Organic - Grass Fed Collagen Peptide Hydrolysate Powder, 12oz | 20g Protein | Hydrolyzed Keto Supplements Protein Production for Strong Healthy Bones, Joints, Cartilage & Tendons",34.99,4.4,209,4.36101390176089,1 x 12 oz,2.9158333333333335,$/oz,False,,False,,0.2853332352161154,-0.6593788712756611
B0BFT6GNZQ,"Orgain Bundle - Vanilla Protein Powder and Chocolate Peanut Butter Protein Powder - (20 Servings Each) Vegan, Made Without Dairy, Gluten and Soy",61.51,4.7,286,4.578133533947715,1 x 64.96 oz,0.94689039408867,$/oz,False,,False,,1.8644609024946759,0.8772645983869767
B0013OOI46,"PROVOSYN. The Original Ultra-Premium Whole Egg, Milk (Casein + Whey) and Beef Protein Powder. Fast Muscle Building + Recovery. Perfect for Hard Gainers. Vanilla Flavor, 616 g The Mature Users Protein.",43.95,4.6,83,4.417750560119492,1 x 616 g,2.0226648398437503,$/oz,False,,False,,0.6979832846870302,-0.1596919598886745
B086QKBKLD,KOS Immunity Community Bundle (Plant-Based Chocolate Protein Powder + Organic Spirulina Powder + Organic Greens Blend),85.0,4.7,7,4.3165893491124265,1 x 64.8 oz,1.3117283950617284,$/oz,False,,False,,-0.03776992909515057,0.4319842170640955
B01GVTL5SO,Bone Broth Powder - Pure Protein Organics 5lb refill,111.45,4.0,55,4.203688850475368,1 x 5 lb,1.393125,$/oz,False,,False,,-0.8589038783914363,0.34973164851419636
B00014DZL6,"Solgar Brewer's Yeast Powder, 14 oz - Rich Source of Amino Acids, B-Complex Vitamins, Minerals, & Protein - Natural, Unflavored, and Unsweetened - Dairy Free, Vegetarian - 13 Servings",15.0,4.5,4028,4.493918722087356,1 x 14 oz,1.0714285714285714,$/oz,False,,False,,1.2519601439777275,0.7084458985076859
B09WG1YXH4,"JYM Supplement Science Pro JYM 4lbs Banana Bread Protein Powder | Whey, Milk, Egg White Isolates, & Casein | Muscle Growth, Recovery, for Men & Women",67.99,4.2,38,4.272401337792642,1 x 4 lb,1.06234375,$/oz,False,,False,,-0.35915271025723056,0.7200798354115914
B08X9W6Q48,"Bloom Nutrition Grass Fed Hydrolyzed Collagen Peptides Protein Powder with Hyaluronic Acid | Vitamin C Immune Support | Fortifies Joints, Vitalizes Hair, Skin, and Nails | Non-GMO (Chocolate)",39.99,4.6,103,4.433878829135466,1 x 24.32 oz,1.644325657894737,$/oz,False,,False,,0.8152854170272382,0.12323573767114453
B0BXFP16V8,"PROTIVA Thrive Collagen Powder for Women - 16 oz (450 g) Unflavored Collagen Powder - Collagen Peptides and Protein Supplement for Hair, Skin, Nail, Joint and Gut Health - Safe for Pregnant Women",33.99,4.2,351,4.224592015579357,1 x 16 oz,2.124375,$/oz,False,,False,,-0.706873562123226,-0.2267219251964357
B09H3KG5MD,6AM Run Track Fuel Whey Protein Powder - 25 Grams of Protein - Easy Mixing and Great Taste - BCAA Enhanced - 2 Pound - Chocolate,42.0,4.1,4,4.288634766807995,,,,True,no pack size (title_conflicting_weight),False,,-0.24108574121000864,
B00E1TV5M8,Pure Spirulina Powder (2 lb) Protein Superfood Bulk Supplements,24.99,3.5,8,4.2462337052260715,1 x 2 lb,0.7809375,$/oz,False,,False,,-0.5494719004513948,1.1405222137910083
B0146QYPQ8,"Body Nutrition Protein Powder, Trutein, Red Velvet Cake, 34 Gram Sample Packet, Whey, Casein & Egg White - Natural Low Carb Keto Friendly Drink - Zero Sugar - Lean Muscle Builder, Workout, Recovery",1.99,4.3,42,4.296100699300699,1 x 34 g,1.6592809123161767,$/oz,False,,False,,-0.1867854439843825,0.11086589393927589
B0000D1BO2,"EAS Myoplex Original Protein Powder Packets, Vanilla Cream, 2.7 oz, 20 Count",69.95,4.5,145,4.405808266360505,,,,True,no pack size (title_size_count_ambiguous),False,,0.6111260700922774,
B07FK2VNLD,"Bone Broth Protein Powder, Coffee, 15 Servings, 17G Protein, Natural Collagen from Real Whole Food Sources - Supports Joint Comfort and Cartilage Health",25.99,4.1,33,4.253568047337278,1 x 14.23 oz,1.8264230498945888,$/oz,False,,False,,-0.49612867012054146,-0.02025877362361385
B07PDNBLMB,"Isopure Vanilla Vegan Protein Powder, with Monk Fruit Sweetener & Amino Acids, Post Workout Recovery, Sugar Free, Plant Based, Organic Pea Protein, Dairy Free, 22 Servings (Packaging May Vary)",31.43,4.2,1349,4.20791889632107,,,,True,no pack size (no_size_found),False,,-0.8281384318883899,
B00028PGR2,"NutriBiotic – Vanilla Rice Protein, 3 Lb (1.36kg) | Low Carb, Keto-Friendly, Vegan, Raw Protein Powder | Grown & Processed without Chemicals, GMOs or Gluten | Easy to Digest & Nutrient Rich",36.93,4.2,1034,4.210074862043747,1 x 3 lb,0.769375,$/oz,False,,False,,-0.8124579285267497,1.1609018445725034
B0BL1NMB59,"Multi Collagen Protein Powder,1Lb - Type I, II, III, V, X Collagen Peptides with Biotin 10000mcg, Vitamin C & Hyaluronic Acid - Unflavored - Keto & Paleo Friendly, Great for Hair, Skin, Nails & Joints",21.95,4.5,196,4.420867132867133,1 x 1 lb,1.371875,$/oz,False,,False,,0.7206503563070259,0.3707320748414164
B08FSLT9HK,"Z Natural Foods Organic Pumpkin Protein Powder - Cold Pressed, Unflavored Unsweetened - Plant Based Superfood Supplement - Raw, Vegan, Gluten Free, Non GMO - Bulk 5 lb Size",39.99,4.1,13,4.276151583710408,1 x 5 lb,0.499875,$/oz,False,,True,False,-0.3318768852745039,1.7500507760489654
B07QVMDHBW,Trim Healthy Naturals Pristine Whey Protein Powder,37.99,4.7,160,4.523874966023376,1 x 16 oz,2.374375,$/oz,False,,False,,1.469834194014855,-0.3787247166722943
B01BHF3OMW,"Multi Collagen Protein Powder, 2 Pounds – Type I,II,III,V,X with Biotin 10000mcg, Hyaluronic Acid, Vitamin C – Unflavored Collagen Peptides – Keto & Paleo Friendly, Easy Dissolve, Non-GMO",33.95,4.5,2205,4.489156621728786,1 x 2 lb,1.0609375,$/oz,False,,False,,1.2173250243672444,0.7218895531207258
B07CPLH2WW,"KEY NUTRIENTS Keto Cocoa Powder, 20 Servings Low Carb, Hot Chocolate Mix with MCT Oil - Keto Diet Supplement - Gluten Free, Non-GMO & Hot Cocoa Powder - Peptides Protein Powder Keto Drink Mix",24.99,4.1,1027,4.120831839464882,,,,True,no pack size (no_size_found),False,,-1.4615292476260187,
B0829B7H4H,"Plant-Based Protein Powder – Non-Dairy, No-Gluten, with Antioxidants (1.7 LB) - Delicious Protein, Plant-Based and Low Carb – Nutrient-Rich Cranberry/Pea Protein (25 Servings) – by MCM Nutrition",40.77,3.6,35,4.140864654333009,,,,True,no pack size (sources_disagree),False,,-1.315829055095722,
B0016BKT2G,Designs for Health VegeCleanse - 14g Pea Protein Detox Drink Mix Powder with Antioxidants + Herbal Hepatics to Promote Healthy Liver Function - Berry-Vanilla Flavor (21 Servings / 756g),97.49,4.0,119,4.149820724729816,,,,True,no pack size (title_conflicting_weight),False,,-1.250690871085153,
B099QZ1TLM,"Solo Bone Broth Protein Powder|Low Sodium, Pure Hydrolyzed Collagen, For Healthy Skin, Nails, Hair, Joints & Digestion, Grass Fed, Non-GMO, Gluten Free, Paleo/Keto Friendly, 20g Protein Per Serving",35.95,4.0,297,4.086325274725275,1 x 16 oz,2.246875,$/oz,False,,False,,-1.7124981283957028,-0.30331683947632176
B06XF6FDR2,"NaturesPlus Organic Pumpkin Seed Protein - .95 lbs Vegan Protein Powder - High Energy Protein Supplement, Promotes Prostate Health, Soothes Menstrual Discomfort - Vegetarian, Gluten-Free - 15 Servings",26.35,3.9,41,4.196076923076923,,,,True,no pack size (no_size_found),False,,-0.9142660077167897,
B01N084DY9,BodyMe Organic Vegan Protein Powder Blend | Raw Cinnamon | 2.2lb 1kg | UNSWEETENED with 3 Plant Proteins,44.99,3.9,239,4.034134296642584,1 x 2.2 lb,1.278125,$/oz,False,,False,,-2.092087098046265,0.4674400842881181
B0BVGW18KF,"BULKSUPPLEMENTS.COM Barley Rice Protein Powder - Post-Workout Muscle Builder - Dairy Free, Soy Free - 30 Grams per Serving (250 Grams - 3.5 oz)",18.96,5.0,3,4.311560439560439,,,,True,no pack size (title_conflicting_weight),False,,-0.07434557234675694,
B000EUH1TY,"NaturesPlus SPIRU-TEIN, Blueberries & Cream - 1.12 lb - Plant-Based Protein Powder - Vitamins & Minerals for Energy - Vegetarian, Gluten Free - 15 Servings",26.34,4.4,198,4.359677929547089,1 x 1.12 lb,1.4698660714285712,$/oz,False,,False,,0.27561660727105053,0.27647152105098827
B07DJMZNPT,Allied Life Spirulina and Chlorella | Organic Chlorophyll Vegan Protein Powder Green Superfood Capsules | Natural Immune Support (3 Bottle Pack),44.97,4.6,1454,4.576193161309204,,,,True,no pack size (no_size_found),False,,1.8503484240999735,
B073HX5774,"Juven Therapeutic Nutrition Drink Mix Powder for Wound Healing Support, Includes Collagen Protein, Orange, 48 Count",137.12,4.7,767,4.643996197061366,,,,True,no pack size (title_is_kit),True,True,2.3434850815422896,
B0854NMH99,"Alani Nu Whey Protein Powder, 23g of Ultra-Premium, Low Fat Blend of Fast-digesting Protein, Confetti Cake, 30 Servings",44.75,4.3,2938,4.299789812278541,1 x 23 g,55.15831129755435,$/oz,False,,False,,-0.15995424354271237,-4.6761838411206815
B09XWKQ95G,"Primal Health Hydrolyzed Collagen Peptides - Multi Collagen Blend - Promotes Healthy Hair, Nails, Skin, & Joints - Non-GMO & Keto Friendly - Unflavored Protein Powder - 30 Servings",39.99,3.6,32,4.15133300248139,1 x 10.8 oz,3.7027777777777775,$/oz,False,,False,,-1.2396919594986302,-0.9858104349383608
B00TIY6TFE,"Natural Nutra Grass Fed Vanilla Show Me The Whey Protein Isolate Powder, Gluten Free, Sugar Free, Non GMO,(13.3oz)",42.95,4.3,35,4.29592794547225,1 x 13.3 oz,3.229323308270677,$/oz,False,,False,,-0.18804189577266742,-0.798894746960915
B0B5N9CQ83,Pure Bulk Organics Blue Spirulina Powder Gorgeous Phycocyanin Food Coloring a Powerful Protein Antioxidant Superfood + Immunity Support > 43 Servings > Includes Collectible Guitar Spoon (1.5 oz),19.99,4.4,165,4.3550576923076925,,,,True,no pack size (title_is_kit),False,,0.24201326896102932,
B0BS4C3W1H,"Plant Based All-In-One Powder - High Protein Meal Replacement - With Greens & Probiotics - Gluten Free, Soy Free, Dairy Free - 19 Servings - 799g tub… (Chocolate)",44.99,4.0,110,4.155607791350281,1 x 799 g,1.5963016838469963,$/oz,False,,False,,-1.2086010935707103,0.16373215104354158
B08VCZPZ3Y,"Essential Elements Organic Pea Protein Powder - Creamy Chocolate | Low-carb Plant-Based Vegan Blend - Keto-Friendly and Gluten-Free | 20 Servings, 17 oz",34.99,3.8,112,4.058964320785598,1 x 17 oz,2.0582352941176474,$/oz,False,,False,,-1.9114964360756868,-0.18350968098047502
B074MGC1J3,"365 Everyday Value, Soy Protein Powder, Unsweetened Vanilla Flavor, 15.63 oz",40.89,4.0,171,4.123321821036107,1 x 15.63 oz,2.616122840690979,$/oz,False,,False,,-1.4434194214876266,-0.5111938037563336
B0BMQVPGHG,"WICKED Protein Powder, Clear Whey Isolate, 23g Protein, 95 Calories, Refreshing Juice, Clean Label Project Certified, Gluten Free, Post Workout Recovery, Protein for Women and Men (Cherry Limeade)",37.48,3.4,61,3.9981337792642138,1 x 17.7781 oz,2.1082117886613303,$/oz,False,,False,,-2.3539216104574234,-0.216287232765033
B01NBJVLYC,"BODYTECH Whey Protein Isolate Powder - with 25 Grams of Protein per Serving & BCAA's - Ideal for Post-Workout Muscle Building & Growth, Contains Milk & Soy - Strawberry & Banana (3 Pound)",68.49,3.8,28,4.203023942944473,,,,True,no pack size (title_conflicting_weight),False,,-0.8637398016455583,
B08BG7TBPC,"Vega Sport Protein Powder, Plant-Based Vegan Protein Powder (14 Servings) (Peanut Butter)",29.99,4.6,159,4.466867430441899,,,,True,no pack size (no_size_found),False,,1.0552140338138807,
B09ZVRD29X,"Pure Complete - Vegan Protein Powder with Vitamins and Minerals. Sugar Free, Gluten Free, Detox Protein Shake with Anti Aging Ingredients. Professional Formula Now Available to General Public.",79.97,5.0,9,4.342853146853146,,,,True,no pack size (no_size_found),False,,0.15324867775515869,
B0C3WXQLSH,"Go Nutra Spirulina Powder Organic | Pure Non GMO Superfoods for Antioxidant, Minerals, Fatty Acids, Fiber & Protein | Vegan Friendly (1 lb. (16 oz.))",19.75,4.4,137,4.35021775147929,1 x 1 lb,1.234375,$/oz,False,,False,,0.2068120096684345,0.5150252568782906
B09XRXGXW3,"Manitoba Harvest Organic Hemp & Matcha Powder, 5.5 oz – Energy, 6g of Protein, 2g of Fiber per serving – Matcha Protein Powder - Blend in Smoothies – Vegan, Non-GMO Project Verified - 56g of Caffeine",5.16,3.7,43,4.140702502316961,,,,True,no pack size (title_conflicting_weight),False,,-1.3170083990927048,
B01N4PRJDV,"MT. CAPRA SINCE 1928 DEEP-30 | Meal Replacement Shake, Goat Protein Powder with Grass Fed Whey Protein and Casein Protein, Minerals and BC-30 Probiotics, Strawberry Splash - 2 Pounds",69.0,4.5,21,4.324698717948718,1 x 2 lb,2.15625,$/oz,False,,False,,0.021210129799456412,-0.24706922569230208
B07D6WPLBD,"Collagen Beauty Powder™ By Suzy Cohen (3.3 oz) Anti Aging Hydrolyzed Protein Collagen Powder Type I and III for Supple Skin, Shiny Hair & Strong Nails- Unflavored Powder Drink with Verisol- Made in US",42.99,4.3,177,4.297855384615384,,,,True,no pack size (sources_disagree),False,,-0.1740234836776228,
B01BP2GEJW,"Body Nutrition Protein Powder - Trutein Naturals Dark Chocolate 4lb Whey, Casein & Egg White - Natural Low Carb Keto Friendly Drink - Lean Muscle Builder, Weight Loss, Workout, Recovery",69.97,4.4,17,4.307547252747253,1 x 4 lb,1.09328125,$/oz,False,,False,,-0.10353378654383226,0.6808607386176206
B09MZRGY2S,"zyy Flavored Organic Hydrolyzed Vegan Pea Protein Powder - All Natural Canada Grown Peas, Easy to Digest, Dairy Free, Gluten Free, Soy Free, Sugar Free, Non-GMO with BCAA - Chocolate Flavor",34.95,4.1,40,4.246973100519113,,,,True,no pack size (no_size_found),False,,-0.5440942220142267,
B075FWGVKX,"APS Nutrition Isomorph Protein Powder Supplement | Whey Protein Isolate | Ultra- Filtered | 28g Protein | Chocolate Fudge Pop, 2 Pound (Pack of 1)",39.95,4.5,304,4.440882003242659,1 x 2 lb,1.2484375,$/oz,False,,True,False,0.8662200371721409,0.49954853357204365
B09HY2PNJ8,MB Herbals Moringa Leaf Powder 8 oz (227g / 0.5 LB) | 100% Pure Premium Quality from India | Rich Source of Antioxidants Calcium Iron Protein & Vitamins | Easily Mixes in Drinks & Smoothies,6.99,4.5,36,4.341236574746009,1 x 8 oz,0.87375,$/oz,False,,False,,0.14149122535521014,0.9870950268413234
B076VWP277,HCL HERBAL CODE LABS Chlorella Spirulina Powder Capsules Organic - 3000 mg of BMAA Free Purest Blue Green Algae - Best Raw Vegan Protein Green Superfood Broken Cell Wall – Made in USA,20.87,4.6,1798,4.580456332839466,,,,True,no pack size (no_size_found),False,,1.881354796236778,
B011UM32O2,"Designs for Health VegeCleanse Plus - Detox Powder with 17g Pea Protein - Cleanse with Vegetables, Antioxidants, Herbs, Vitamins + Minerals - Berry-Vanilla Flavor Drink Mix (15 Servings / 570g)",90.49,4.1,43,4.244316960148286,,,,True,no pack size (title_conflicting_weight),False,,-0.5634125337924045,
B0C3FZC99M,"Isopure Dutch Chocolate Whey Isolate Protein Powder with Vitamin C & Zinc for Immune Support, 25g Protein, Low Carb & Keto Friendly, 41 Servings, 3 Pounds (Pack of 1) (Packaging May Vary)",69.5,4.6,16017,4.597673891907349,1 x 3 lb,1.4479166666666667,$/oz,False,,False,,2.0065794183184056,0.29702729111358295
B08GG4LVCJ,"WOMEN'S BEST 18.3 Oz Hydrolyzed Collagen Protein Powder • Pasture Raised, Bioactive, Grass Fed Collagen Peptides Plus + • with Vitamin C and Hyaluronic Acid • Unflavored",39.99,4.5,75,4.372508158508158,1 x 18.3 oz,2.185245901639344,$/oz,False,,False,,0.3689318424060766,-0.26531908168870033
B004X69F8U,"Natura Health Products - Beyond Whey Grass Fed Whey Protein Concentrate - GMO, Hormone, Gluten Free - Natural Maximum Recovery with Creatine, Magnesium, and Glutamine - 300 Grams (10.6 Ounces) Powder",61.99,4.5,24,4.328276295133438,1 x 300 g,5.8579564617291675,$/oz,False,,False,,0.04723012189927421,-1.6125268946496991
B008LVSKFM,"Body Nutrition, Trutein Protein Powder, Breakfast Shake, Meal Replacement, and Pre and Post Workout Recovery Drink Mix, 25 Grams of Protein, Cinnabun, 2 Pounds",39.95,4.5,97,4.385257342657343,,,,True,no pack size (title_conflicting_weight),False,,0.4616576324345095,
B0BZHSHF2V,"Zammex 100% Pea Protein Powder(Unflavored), 27g Protein Per Serving,Certified USDA Organic,Premium Plant Protein Powder, Vegetarian Friendly, Gluten Free, Non-GMO,No Additives,Easy to Digest,2.62lbs",28.95,4.0,463,4.06187135731163,1 x 2.62 lb,0.690601145038168,$/oz,False,,False,,-1.8903533373986539,1.3084772801817268
B07KTXKCW2,"Sun Star Organics Pea Protein Powder - Unsweetened - Cappuccino with Coffee Powder & Vanilla Extract, Soy Free, Non-GMO 17.6 oz",14.99,3.7,19,4.215187432286023,1 x 17.6 oz,0.8517045454545454,$/oz,False,,False,,-0.7752738146851407,1.0220086508103612
B0C6YNVZTZ,"Jacked Factory Authentic ISO Grass Fed Whey Protein Isolate Powder - Low Carb, Non-GMO Muscle Building Protein w/No Fillers, Mixes Perfectly for Post Workout Recovery, Vanilla - 2LB, 30 SV",34.99,4.3,452,4.298881070234113,1 x 2 lb,1.0934375,$/oz,False,,False,,-0.16656359383647162,0.6806654922963505
B0BQ7MLMD4,"Collagen Peptides Powder 5lb (80oz) Pouch - Clean Collagen® - Unflavored, Grass Fed, Paleo, Non GMO, Kosher - Highly Soluble Protein",83.49,4.6,2654,4.586480596105371,1 x 5 lb,1.043625,$/oz,False,,False,,1.9251697230692577,0.7443678559196674
B003BGK70I,"BōKU Organic Super Protein - Vegan Protein Powder 21.2 oz - Plant Protein Drink with All Essential Amino Acids - Gluten-Free, USDA Certified Organic Protein Mix with Digestive Enzymes - 20 Servings",74.99,3.0,46,3.942346836595358,1 x 21.2 oz,3.537264150943396,$/oz,False,,False,,-2.759664305182837,-0.9233328677883696
B089NJ9NK1,"Left Coast Performance Chocolate Collagen Peptides Protein Powder (2lb Value Size - 70 Servings) - Keto Collagen, Hydrolyzed and Grass Fed, Coffee Creamer, Shakes, Hot Chocolate and Smoothies",44.99,4.5,229,4.428285839160839,1 x 2 lb,1.4059375,$/oz,False,,False,,0.774607173780469,0.3372238730101153
B07DLFB1B4,"Codeage Multi Collagen Chocolate Protein Powder, Hydrolyzed Collagen Peptides, 5 Collagen Types, Collagen Creamer, Protein Shakes, MCT Oil, Hair, Skin, Nails, Joints, Grass-Fed, Non-GMO - 18.17 oz",39.99,4.4,379,4.3742163653079995,1 x 18.17 oz,2.200880572372042,$/oz,False,,False,,0.381355760924607,-0.2750592214888726
B08FW3PL7P,"Orgain Organic Plant Based Protein Powder, Peanut Butter - Vegan, Low Net Carbs, 2.03 Pound & Organic Plant Based Protein + Superfoods Powder, Vanilla Bean - Vegan, Non Dairy, Lactose Free, 2.02 lb",55.39,4.9,35,4.428839337877313,1 x 2.03 lb,1.705357142857143,$/oz,False,,False,,0.7786328122185184,0.07344436718319115
B0BQN7RW2N,Sunwarrior Slim Collagen Peptides Powder with Vitamin C & Biotin Gluten Free Keto Collagen Protein Powder for Nail Hair Skin Support | Organic Shape Slim Collagen Boost Vanilla 750 Gram 30 SRV,54.97,3.9,84,4.134573021181716,1 x 750 g,2.077831048241667,$/oz,False,,False,,-1.36158858352484,-0.19645561820501717
B01LX87BNZ,"Wild Alaskan Salmon Bone Broth Collagen Powder 1LB Pure Protein Non-Gelling Type - Unflavored, No Taste",48.95,4.7,49,4.4102128801431135,1 x 1 lb,3.059375,$/oz,False,,False,,0.6431611625329696,-0.7250333350753211
B07K1T2PRP,"Life Extension Wellness Code Organic Plant Protein Complete & Amino Acid Complex - Vanilla Plant Based Pea Vegan Protein Powder Fitness Supplements- Gluten-Free, Non-GMO - 450 grams (30 Servings)",25.57,4.0,27,4.241710769230769,1 x 450 g,1.6108829029027778,$/oz,False,,False,,-0.582367559381796,0.15130908961658482
B0041PSQN8,"Bluebonnet Nutrition Dual-Action Protein Powder, Whey from Grass Fed Cows, No Sugar Added, Non GMO, Gluten & Soy Free, Kosher Dairy, French Vanilla Flavor, Off-white, 16.8 Oz",27.16,4.4,98,4.341432648799165,1 x 16.8 oz,1.6166666666666667,$/oz,False,,False,,0.14291728691884997,0.14641249837041365
B0BKK4X56L,"Multi Collagen Peptides Powder, 16 Oz - Hydrolyzed Protein Peptides | Type I,II,III,V,X with Hyaluronic Acid, Biotin 10,000mcg & Vitamin C - Unflavored - Keto & Paleo Friendly, Ez Mix in Drinks",19.95,4.4,357,4.373034615384616,1 x 16 oz,1.246875,$/oz,False,,False,,0.37276080347638424,0.5012595370902974
B00KSMVZJ0,"Collagen Complete AntiAging Protein Blend – 8 Collagen Boosters plus Hydrolyzed Peptides Powder Supplement [Citrus] – Anti-Aging Booster for Skin, Hair, Nails, Bones & Joints with Hyaluronic Acid",39.99,4.1,474,4.14012833397758,1 x 14.6 oz,2.739041095890411,$/oz,False,,False,,-1.3211843692767906,-0.5739238583220904
B0821R99RF,Get Chia Organic Hemp Heart Protein Powder-74% | 22 Grams Protein Per Serving I Cold Processed & Stored | Made from The Hemp Heart | 12 LBS,136.5,4.7,12,4.330789743589744,,,,True,no pack size (title_conflicting_weight),False,,0.0655106244851261,
B08JPQ7G7H,"XPI Myotein Casein Protein Powder - Micellar Casein Protein (2 LB, Chocolate) - Non-GMO, Gluten Free",32.99,3.9,14,4.25442784952274,1 x 2 lb,1.0309375,$/oz,False,,True,False,-0.4898752631587902,0.7610791741144707
B00MY1VDL8,"Ultimate Nutrition Muscle Juice Revolution 2600 Weight Gainer, Intestinal Health, Muscle Recovery with Glutamine, Micellar Casein and Time Release Complex Carbohydrates, Banana Protein Powder, 4.69 Pounds",40.0,4.1,26,4.260782653588023,1 x 4.69 lb,0.5330490405117271,$/oz,False,,False,,-0.44365628784757816,1.6622627799399028
B0BTDRMGXX,"Paradise Naturals 100% Grass-Fed Beef Bone Broth Protein Powder, Collagen Peptide Rich -Live Probiotics- 15g Protein, Non-GMO, Low Sodium, Healthy Skin, Hair, Joints, Gut Health, Paleo Keto, No Gluten",17.99,4.2,167,4.240195225464191,,,,True,no pack size (no_size_found),False,,-0.593390224944878,
B0BMRZVCBJ,"Your Super Plant Collagen Superfood Powder ¬– Non-Dairy Collagen Coffee Creamer Alternative for Skin Health & Hydration, Made with Organic Pea Protein, Aloe Vera, Tremella & Lucuma Powder (24 Servings)",22.99,4.3,489,4.2989487179487185,,,,True,no pack size (no_size_found),False,,-0.16607158684159443,
B07D1DH24T,"Small & Large 2-Pack Portable Protein Supplement Funnels, Great for Pre-Workout, BCAA's, and Protein Powder. Easy & Mess Free Container for Workout, Travel, to-Go, Fitness, WOD.",11.99,4.5,2424,4.490088973452932,,,,True,no pack size (no_size_found),False,,1.2241060896647675,
B0CF4GJX77,"Super Collagen Burn - Multi Collagen Powder for Women w. Probiotics, KSM-66, ACV, Phytosome Green Tea, Biotin+ Advanced Weight Management Collagen Protein Supplement + Hair Skin Nails & Gut (Raz.L)",34.95,4.2,133,4.245533653846154,1 x 14 oz,2.4964285714285714,$/oz,False,,False,,-0.5545634276035448,-0.4472098905211166
B07ZS2K14N,"WW Chocolate Protein Booster - Whey Protein Powder, 2 SmartPoints - Weight Watchers Reimagined",21.99,4.4,99,4.341696465696466,,,,True,no pack size (no_size_found),False,,0.14483604736178188,
B07R3GHTQN,"True Nutrition 5LBS Unflavored Grass Fed Beef Protein Powder Isolate - Paleo, Keto, Carnivore, Sugar-Free, Lactose-Free",101.75,4.5,54,4.357382007822686,1 x 5 lb,1.271875,$/oz,False,,False,,0.2589181932198026,0.47413733363404903
B0146QYPMW,"Body Nutrition, Trutein Protein Powder, Breakfast Shake, Meal Replacement, and Pre and Post Workout Recovery Drink Mix, 25 Grams of Protein, Birthday Cake, 2 Pounds",39.95,4.0,35,4.229472249269718,,,,True,no pack size (title_conflicting_weight),False,,-0.6713792497682604,
B00TIY6G2A,"Natural Nutra Organic Vegan Plant-Based Soy Protein Powder, Supports Bone and Improves Cardiovascular Health, Gluten Free, Non GMO, Sugar-Free 14.4 OZ",40.95,4.1,38,4.248798853320593,1 x 14.4 oz,2.84375,$/oz,False,,False,,-0.5308153824482699,-0.6251791762114346
B079T6JQQM,"PRO NUTRITION LABS Whey Protein Vanilla Powder for Women - Supports Lean Muscle Mass - Low Carb - Gluten Free - Grass Fed and rBGH Hormone Free Vanilla Whey (Creamy Vanilla, 1 lb)",36.95,4.3,1928,4.299686306867194,1 x 1 lb,2.309375,$/oz,False,,False,,-0.16070704630460192,-0.3408016634611717
B005IDQPCQ,"Prescribed for Life Shaker Cup - 24oz BPA-Free PFL Protein Powder Shaker Cup - Guaranteed Leak Proof, 1 Unit",9.99,3.8,58,4.1362243943901404,,,,True,no pack size (no_size_found),False,,-1.349578020057318,
B09TSQP7TD,"MSR WHEY Clear Premium Protein Powder Blend with Whey Protein Isolate ,Low Carb , Low Fat , Zero Added Sugar ( Cero azucar anadido ) 24g Protein , Delicious Chocolate Milkshake 2 LB",29.99,5.0,1,4.300456575682382,1 x 2 lb,0.9371875,$/oz,False,,True,False,-0.15510482238291304,0.8913367996646167
B07XHSQNKK,"Rice Protein Powder - NutritionBulk.com, Unflavored, Non-GMO, Gluten-Free, Non-Dairy, Keto, Vegan (16 oz)",11.95,5.0,3,4.311560439560439,1 x 16 oz,0.746875,$/oz,False,,False,,-0.07434557234675694,1.2014526371343068
B0B44FTZ8M,"SlimFast Meal Replacement Powder, Original Rich Chocolate Royale, Weight Loss Shake Mix, 10g of Protein, 14 Servings (Packaging May Vary)",11.29,4.6,2553,4.585970334598137,,,,True,no pack size (no_size_found),False,,1.9214585521562244,
B07DFPPVHF,Titan Casein- 100% Micellar Casein Protein Powder with Added BCAA and Digestive Enzymes for Nighttime Muscle Recovery (Chocolate Torte),49.99,4.0,24,4.246643642072214,1 x 32 oz,1.5621875,$/oz,False,,False,,-0.546490398460717,0.19324616254901228
B07T65H8KD,"INCAS USDA Organic Blue Spirulina Powder Phycocyanin Extract, No Fishy Smell, 100% Vegan Protein from Blue-Green Algae, Natural Blue Food Coloring for Smoothies, Baking, Drinks & Cooking - 50 Servings",34.59,4.3,100,4.297114867195585,,,,True,no pack size (no_size_found),False,,-0.17940932342840163,
B0031CA6NK,"Source Naturals Pea Protein Power Plant-Based Protein Powder - Easy To Digest, Bioavailable, Non-Dairy, Vegan, Non-GMO, Gluten Free, Sugar Free, Unflavored - 16oz",17.98,3.9,251,4.029830522418758,1 x 16 oz,1.12375,$/oz,False,,False,,-2.1233887766743726,0.6433058975197989
B07NX785BL,Performance Inspired Nutrition Isolate Whey Protein Powder - All Natural - 25G - Fast Absorbing & Clean - Added L-Glutamine - Contains BCAAs - Chocolate Passion – 2 Pounds,39.99,4.5,179,4.416412633723892,,,,True,no pack size (title_conflicting_weight),True,False,0.6882524438284945,
B00SS8FFGA,"CAP Nutra Rice Protein Powder, 8 oz Canister, Non-GMO, Gluten-Free, Non-Dairy, Keto, Vegan",9.95,4.7,4,4.30753240460327,1 x 8 oz,1.24375,$/oz,False,,False,,-0.10364177822903727,0.5046879858925811
B08FW1LLKX,"Orgain Bundle - Original Superfoods Powder and Chocolate Protein Powder - Made without Gluten, Non-GMO",46.78,4.5,74,4.371860991800078,,,,True,no pack size (no_size_found),False,,0.3642249495112348,
B09D993MNC,"BEAUTYDRINK® Collagen Powder with Hyaluronic Acid + COQ10 – Hydrolyzed Collagen Peptides Protein – Type I, II, III – Anti Aging Supplement for Women & Men – Matcha – 10.58oz/300g – (30 servings)",27.9,4.4,8,4.30119553728714,1 x 10.58 oz,2.637051039697542,$/oz,False,,False,,-0.1497302981937536,-0.5220797989882854
B08DHW8MY3,"GOBIOTIX Grass Fed Collagen Peptides Powder Supplement + Vital Probiotics - Non-GMO Collagen Powder Type I and III - Keto, Paleo, Gluten Free, Kosher, Hydrolyzed Protein, Unflavored - 30 Servings",32.97,4.6,886,4.562791491957002,1 x 11.11 oz,2.967596759675968,$/oz,False,,False,,1.7528770593568193,-0.6834202509048207
B0CBN3PQT3,"Vega Hello Wellness Spring in Your Step Blender Free Smoothie, Vanilla Cappuccino - Plant Based Vegan Protein Powder, 100mg Caffeine, Vitamin D, Energy, 13.8 oz (Packaging May Vary)",22.32,4.3,1704,4.299647846406467,1 x 13.8 oz,1.617391304347826,$/oz,False,,False,,-0.1609867721728666,0.14580024824555377
B00NI0FC6G,"Designs for Health VegeCleanse Plus 14 Day Detox Program - Promotes Healthy Liver Function + Metabolic Cleanse with Antioxidants + Herbs, Vegetarian (28 Protein Powder Drink Mixes + 28 Vitamin Packs)",219.99,3.9,105,4.112967611336032,1 x 28 ct,,,True,non-dominant dimension (count),False,,-1.5187263794329315,
B07X3XZQMS,"Natures Simply Natural SPIRU-TEIN Shake - Unsweetened Chocolate - 0.82 lb Protein Powder- Meal Replacement - Natural Energy - Supports Diabetic Lifestyle - Vegetarian, 16 Servings",26.45,4.2,87,4.255507692307693,1 x 0.82 lb,2.0160060975609757,$/oz,False,,False,,-0.4820214841114732,-0.15518680327823214
B0BY778CT8,"CollaFusions Multi-Benefit Powder, 5g Collagen Peptides, 20g Whey Protein Isolate, Vitamin C & D, 24 Servings",49.99,5.0,33,4.443952662721894,,,,True,no pack size (sources_disagree),False,,0.888553178084422,
B09MWNRQ64,"NaturalSlim Vanilla Metabolic C-Plus Meal Replacement Protein Powder - Low Carb Protein Shake with Immune Support Fortified with Vitamin C, Zinc & Amino Acid - 10 Servings 17.6 oz",34.95,4.7,291,4.579605351170569,1 x 17.6 oz,1.9857954545454546,$/oz,False,,False,,1.8751655415656667,-0.13455826604864876
B07K7XBVQ6,"Vegan Pure Keto Protein Powder, Sugar Free, Gluten Free, Very Low Carb, Medium Chain Triglyceride, Plant Based Protein, Get into Ketosis! Chocolate 19oz (539g)",28.22,3.4,16,4.19177421140011,1 x 19 oz,1.4852631578947368,$/oz,False,,False,,-0.9455599583593131,0.26223441359107347
B01N9P8ISR,"NutriBiotic Pea Protein Vanilla 21 Oz | Low Carb Vegan Plant Protein Powder | 100% Grown & Processed in the USA | Deliciously Creamy & BCAA-Rich | Made without Chemicals, GMOs & Gluten | Keto Friendly",22.25,4.1,56,4.233835840137516,1 x 21 oz,1.0595238095238095,$/oz,False,,False,,-0.6396425201200886,0.7237112654846988
B0BZTC31YB,"BlueBiology Collagen Powder Supplement Hydrolyzed Marine Collagen w/Lysine, Glycine, & Tyrosine - Protein for Hair, Skin & Nail Growth - Organic Collagen, Keto-Friendly, No Flavoring (11.4 oz)",19.99,4.1,33,4.253568047337278,1 x 11.4 oz,1.7535087719298244,$/oz,False,,False,,-0.49612867012054146,0.03540256543426621
B084Z77PVR,"Codeage Collagen Peptides Powder + Vitamin C, Digestive Enzymes, Hyaluronic Acid, Amino Acids - Hydrolyzed Protein Collagen Type I & III Grass Fed Collagen - Non-GMO, Gluten-Free, Unflavored - 9.98 oz",32.99,4.0,213,4.107906593406593,1 x 9.98 oz,3.30561122244489,$/oz,False,,False,,-1.5555355493659977,-0.8307946961486019
B00B8YWAAK,Plantfusion Protein Powder Vanilla Bean 1 lb (454g),25.99,4.0,54,4.20483963494133,1 x 1 lb,1.624375,$/oz,False,,False,,-0.8505341350800073,0.13991370912405973
B09487XRNJ,"Superfood Protein, Plant-Based Protein Powder – Super food Powder + Essential Greens – Organic, Vegan, Keto, Paleo, Non Dairy, No Sugar, Low Calorie High Protein Powder, Non-GMO, Gluten Free - 14 Servings, Rich Chocolate",38.99,4.3,304,4.298493244460458,,,,True,no pack size (no_size_found),False,,-0.16938428030823335,
B07GYWCL29,"EarthNutri - Egg White Protein Powder for Workout and Muscle Growth Support, Non-GMO and Gluten-Free Vanilla Egg White Protein, Makes 20 Protein Drinks",59.98,4.4,30,4.315402714932127,,,,True,no pack size (no_size_found),False,,-0.046400410116957454,
B076FFR5Y2,"Hyalogic Collagen Peptides Powder – w/Hyaluronic Acid, Hydrolyzed Types 1 & 3, Grass Fed, Keto Protein Powder Supplement for Hair Growth, Skin, Nails, Joints Unflavored Easy to Mix 6.4 oz (180 gr.)",23.96,4.0,51,4.208371352785146,1 x 6.4 oz,3.7437499999999995,$/oz,False,,False,,-0.824847681469073,-1.000845172451033
B0BVYSLQQJ,"NOW Sports Nutrition, L- Ornithine Powder, Protein Metabolism* and Urea Detox*, Amino Acids, 8-Ounce",23.77,4.6,91,4.424563623292595,1 x 8 oz,2.97125,$/oz,False,,False,,0.7475352134886903,-0.685101112444638
B07S97RVDM,Swanson Grass Fed Cold Pressed Certified rBGH Free Hormone Free Vanilla Whey Protein Powder with Aminogen Enzyme Sports Nutrition Muscle Workout Support 14.8 Ounces (420 g) (3 Pack),61.21,4.3,103,4.297153165418652,,,,True,no pack size (sources_disagree),False,,-0.17913077752703357,
B005OZEAY8,"Body Nutrition, Trutein Protein Powder, Breakfast Shake, Meal Replacement, and Pre and Post Workout Recovery Drink Mix, 25 Grams of Protein, Chocolate Peanut Butter, 2 Pounds",48.32,4.5,117,4.394819230769231,,,,True,no pack size (title_conflicting_weight),False,,0.5312019749558374,
B07WFYMFJF,"Plant Works Nutrition - 100% Plant-Based Performance Protein Powder with Super Herbs, Amino Acids, 7g Fiber, Non-GMO, Vegan, Gluten Free (15 Serving Bag, Chocolate)",39.99,4.1,165,4.1831826923076925,,,,True,no pack size (no_size_found),False,,-1.0080467328906695,
B0C9JS2S88,"Orgain Organic Protein + Superfoods Powder, Creamy Chocolate Fudge - 21g of Protein, Vegan, Plant Based, 6g of Fiber, No Dairy, Gluten, Soy or Added Sugar, Non-GMO, 1.12 Lb",22.99,4.4,3012,4.395871328671329,1 x 1.12 lb,1.282924107142857,$/oz,False,,False,,0.5388539633511497,0.46231974416641325
B0046HLU0C,"Bob's Red Mill Hemp Protein Powder, 16-ounces",17.99,4.4,294,4.368960708356392,1 x 16 oz,1.124375,$/oz,False,,False,,0.34313096651786534,0.642546244383319
B00SCYK06A,"Body Nutrition Protein Powder - Trutein Mocha 4lb Whey - Natural Keto Drink Weight Loss, Workout, Recovery",69.95,4.8,30,4.393834087481147,1 x 4 lb,1.09296875,$/oz,False,,False,,0.5240369525818614,0.6812513149869932
B07S9HZVL8,"Dr. Kellyann Hydrolyzed Collagen Peptides Protein Powder Unflavored (60 Servings, 1.3lbs) Grass Fed Paleo & Keto Collagen Supplement - Non-GMO - Gluten and Dairy Free - Protein 9g, Collagen 10g",64.0,4.5,530,4.461342443161739,,,,True,no pack size (title_conflicting_weight),False,,1.0150303793576327,
B08FRQ9J5R,"Orgain Bundle - Peanut Butter Protein Powder and Chocolate Protein & Superfoods Powder - Vegan, Made without Dairy, Gluten and Soy, Non-GMO",56.98,4.4,51,4.3256127320954905,,,,True,no pack size (no_size_found),False,,0.0278578244962239,
B09MJ3P2ZK,Steel PRO-Pudding | Casein Based Protein Pudding Powder Mix | Raspberry Cheesecake | Great for Anabolic Environment Management for Muscle Growth | Low Carb | 14 Servings (1.11 Lbs),40.0,3.5,64,4.02276264911559,1 x 1.11 lb,2.252252252252252,$/oz,False,,False,,-2.174793959012964,-0.306582628327101
B09YMVZD5L,"Reignite Wellness by JJ Virgin Vanilla Plant Based All in 1 Shake - Chia, Chlorella, Pea Protein Powder - Contains Essential Vitamins & Probiotic Blend to Support Immunity + Gut Health (15 Servings)",41.95,4.2,332,4.2256189349112425,,,,True,no pack size (no_size_found),False,,-0.6994046993920634,
B07S96XVCW,"Ultimate Nutrition Syntho Gold Time Release Casein Protein Powder with Milk Egg and Whey Protein Isolate - Up to 6 Hours of Sustained Protein, 65 Servings, Chocolate",69.99,4.0,7,4.278897041420119,,,,True,no pack size (no_size_found),False,,-0.3119089616690632,
B07Z8CJQ7L,"Sun Bay Organics Pumpkin and Milk Thistle Seed Vegan Protein Powder - 1lb Canister - Coffee Plant Based Protein Powder Shake Mix - 13g Protein Blend - Soy, Dairy, Sugar, and Gluten Free",29.99,4.5,21,4.324698717948718,1 x 1 lb,1.874375,$/oz,False,,False,,0.021210129799456412,-0.055665922351547915
B0BS4HQ2YZ,"Momentous Collagen Peptides Powder with Protein, Bag, 30 Servings",51.95,4.5,117,4.394819230769231,1 x 17.92 oz,2.8989955357142856,$/oz,False,,False,,0.5312019749558374,-0.651466524314347
B0BZ9G87W4,"Nuvalsa Organic Spirulina Powder 1lb – 100% Pure Superfood Supplement from Blue Green Algae Non GMO for Smoothie & Protein Drink, Vegan & USDA Certified Organic - 100 Servings",21.99,4.7,54,4.418398956975229,1 x 1 lb,1.374375,$/oz,False,,False,,0.7026991245397304,0.368244616474255
B0BMVHZ4C6,"YAFIYGI 2Pack Protein Powder Container to go Portable Supplement Funnels for Filling Bottles with Protein Powder Compartment Pill Storage, Great for Workout, Travel, To-Go, Fitness",6.49,4.1,102,4.206473846153846,1 x 2 ct,,,True,non-dominant dimension (count),False,,-0.8386483921194675,
B07FRB3T52,Yumtrition Meal Replacement Shakes Protein Powder Healthy Drink Supplement. Grass Fed Whey. Low Carb Nutritional Smoothie Ideal for Healthy Diet. Gluten Free. for Women & Men. Caribbean. 15 Servings,31.12,4.2,767,4.213097320656871,1 x 17.92 oz,1.7366071428571428,$/oz,False,,False,,-0.7904753561950059,0.04863524732105689
B072LKRMCG,Pea Protein Powder - 5 Pound - Bulk Pure Supplement (Unflavored) – Mettle Pea Protein Isolate,39.96,3.9,107,4.111115719063545,1 x 5 lb,0.4995,$/oz,False,,False,,-1.5321953333679108,1.7510760940188592
B07FYR5V86,"Wellness Resources Collagen Peptides - Pasture Raised, Grass Fed 100% Collagen Protein - Hydrolyzed Type I and III Collagen Peptides Powder, Unflavored (500 Grams/ 17.6 Ounces)",33.99,4.4,31,4.315952047952048,1 x 500 g,1.9272005820375002,$/oz,False,,False,,-0.04240506910808441,-0.0936380015854593
B07NYBBNBT,"Spirulina Capsules - Triple Strength & Certified Natural Spirulina Superfood Powder - Natural Antioxidants, Protein, Fatty Acids, Fiber, & Vitamins - Vegan & Non-GMO, 500 mg per Capsule - 120 Capsules",19.82,4.4,104,4.342980684513725,1 x 120 ct,,,True,non-dominant dimension (count),False,,0.154176268901158,
B08LF51798,"Puori Vegan Plant Protein Enhancer Powder - 25 Servings - Neutral Flavor Pea Protein with Algae Calcium for Essential Amino Acids - Dairy-Free, Vegetarian, Non GMO",31.99,4.5,182,4.4172348045397225,,,,True,no pack size (no_size_found),False,,0.6942321549648388,
B0BK294LY6,"Premier Protein Good Night Protein Powder, Hot Cocoa Mix, 10g Protein, 0g Sugar, 11 Vitamins & Minerals, Nighttime Protein Blend, Magnesium, Zinc, 20 Serve, 1 Tub",17.87,4.0,756,4.041247571541087,1 x 14.784 oz,1.2087391774891776,$/oz,False,,False,,-2.0403517064372836,0.5436983928489847
B07YD6154S,"NOW Sports Nutrition, Plant Protein Complex 22 g, Creamy Vanilla Powder, 2-Pound",32.15,4.1,210,4.171941787941788,,,,True,no pack size (title_conflicting_weight),False,,-1.0898026888613324,
B0B68FBPQG,"Purisure Organic Spirulina Powder, 453g, Pure Spirulina Powder, Green Algae Powder Superfood Supplement, Preferred to Chlorella, Vegan Spirulina Powder for Smoothies and Protein Drinks, 151 Servings",22.49,4.8,123,4.547384615384615,1 x 453 g,1.4074630796495584,$/oz,False,,False,,1.6408216693547444,0.33574217697511305
B01N76M4MW,"Genceutic Naturals Banana Plant Head Protein Powder, 1.8 Pound",22.49,4.2,24,4.279296703296704,1 x 1.8 lb,0.7809027777777777,$/oz,False,,False,,-0.30900219031671794,1.1405829610456708
B0BG8Y3LCK,drink wholesome Vegan Vanilla Protein Powder | Easy to Digest & Gut Friendly | Simple Ingredients | Minimally Processed | Additive Free | Dairy Free | Gluten Free | Almond Protein Powder,45.99,4.3,48,4.296237516869096,,,,True,no pack size (no_size_found),False,,-0.18579035936007404,
B06X9Z74FN,NHT Triotein Protein Powder,149.95,2.0,1,4.276263027295286,1 x 13.2 oz,11.359848484848484,$/oz,False,,False,,-0.33106634757024395,-2.5173635788135322
B008LVUJME,"Body Nutrition Protein Powder - Trutein Banana Cream 2lb Whey, - Natural Keto Drink - Workout, Recovery",39.94,4.4,72,4.333623668639053,1 x 2 lb,1.248125,$/oz,False,,False,,0.08612197780810386,0.4998905628968396
B085HCJDVN,"California Essentials Collagen Peptides | Unflavored Protein Powder Supplement Support Skin, Hair, Nails, & Joints | Pure Multi Hydrolyzed Type I + III | Gluten Free, Soy Free, Non-GMO - 16oz",26.95,4.8,30,4.393834087481147,1 x 16 oz,1.684375,$/oz,False,,False,,0.5240369525818614,0.0903583453928771
B07ZG7R2F6,"TB12 Vanilla Protein Powder, 1.12 OZ Each, 12 Count (Pack of 1)",36.93,4.0,10,4.272606130711393,,,,True,no pack size (title_size_count_ambiguous),False,,-0.3576632357182148,
B0BQL1CC1F,"Nature-Centrik 25'G Vegan Protein (Vanilla) - 100% Plant Based Protein Powder Shake, Zero Sugar, Natural USDA Organic",39.99,3.0,2,4.2740529230769235,,,,True,no pack size (no_size_found),False,,-0.34714060434580096,
B09NWJQDFP,Wilderness Athlete: Daily Strength Beef Protein | Grass Fed Animal Protein Powder for Strengthening & Building Lean Muscle | Dairy Free Protein Powder with 26g of Protein | 15 Serving Tub (Horchata),59.95,5.0,1,4.300456575682382,1 x 16 oz,3.746875,$/oz,False,,False,,-0.15510482238291304,-1.001985127569952
B00LT7LMUU,"NoGii Protein Powder Vanilla Bean, 1.4 Pound",39.77,4.0,46,4.214536185707784,1 x 1.4 lb,1.7754464285714289,$/oz,False,,False,,-0.7800103807872468,0.018416005096133982
B000GK11MU,"Ultimate Nutrition Creatine Monohydrate Supplement, Mass Gainer Protein Powder with Creapure, Micronized Unflavoured Powder for Muscle and Strength Support, Biovolumizing, 1000g",58.11,4.1,56,4.233835840137516,1 x 1000 g,1.64739078879375,$/oz,False,,False,,-0.6396425201200886,0.12069135460662171
B0BJSB3L7T,"Vitasave Vegan Protein Powder (Highest Number of Servings) - 20g Plant Based Protein, 750g Tub, Soy Free, Gluten Free, Dairy Free and Sugar Free (Chocolate)",26.75,3.8,96,4.077884088514225,,,,True,no pack size (title_conflicting_weight),False,,-1.7738915203992822,
B0962TC5JB,Gluteboost ThickFix Curve Enhancing Weight Gainer Shake - Grass-Fed Whey Protein Powder with Amino Acids - Increase Curves and Muscle Mass - Volumizer Supplement for Women - Creamy Vanilla,56.95,4.0,193,4.1147361246348595,,,,True,no pack size (no_size_found),False,,-1.5058638471413983,
B07F2MYBK9,PERFORMANCE INSPIRED Nutrition - Isolate Whey Protein Powder - All Natural - 25G - Fast Absorbing & Clean - Added L-Glutamine - Contains BCAAs -2 lb - Gourmet Vanilla,39.99,5.0,9,4.342853146853146,,,,True,no pack size (title_conflicting_weight),False,,0.15324867775515869,
B007MPH6Y4,"MUSCLE FX Hydrobolic FX Pure Hydrolyzed Whey Protein Isolate Powder - Lean Muscle & Speedy Recovery 30g of Protein, 5g of Glutamine & 6g of Branched Chain Amino Acid Per Serving, Chocolate 5 Pound",199.99,4.0,28,4.240110035659705,,,,True,no pack size (title_conflicting_weight),False,,-0.5940098168992275,
B0BLJS1LMQ,MAXGAIN Supplement Funnel - Portable 60g Protein Powder Container For Supplements And Pre Workout Storage - Mess Free To Go Water Bottle Funnel For Your Gym & Fitness Protein Shake Mix - 2-Pack (Pink),14.95,4.0,21,4.251782051282051,,,,True,no pack size (only_weak_sources),False,,-0.5091183558345997,
B0BG613756,"Livingood Daily Vanilla Collagen Powder, 30 Servings - Collagen Protein Powder (Collagen Type 1 and 3) Plus Multivitamin, Milk Thistle & Glucosamine - Hydrolyzed Collagen Peptides - 15.87oz",61.95,4.5,207,4.423504895104895,1 x 15.87 oz,3.90359168241966,$/oz,False,,False,,0.7398350025198083,-1.0579665359456745
B07DRJPD96,"Life Extension Wellness Code Whey Protein Isolate – Vanilla Protein Powder for Muscle Growth & Immune Health - Fitness Supplements - Gluten-Free, Non-GMO, Sugar Free – 14.22 oz (20 Servings)",32.26,4.5,44,4.34884200829111,1 x 14.22 oz,2.2686357243319266,$/oz,False,,False,,0.19680612438922873,-0.31648501458737466
B08CT3CBT8,"Natreve- Marine Collagen Peptides Grass-Fed Whey Powder | Keto Friendly for Muscle, Hair, Skin, Nails, Joints, Collagen Protein Powder, Collagen Supplements (Fudge Brownie)",28.49,4.1,30,4.256579185520362,1 x 17.6 oz,1.6187499999999997,$/oz,False,,False,,-0.47422843214106675,0.14465301824216278
B01M04G1QG,"True Nutrition Egg White Protein Powder - 24g Non-GMO Egg Protein per Serving - Low Carb, Low Fat, Paleo, Keto, Gluten Free, Dairy Free, Soy Free (Unflavored/Unsweetened, 1lb)",29.38,4.4,179,4.357141110545085,,,,True,no pack size (title_conflicting_weight),False,,0.25716612892142054,
B09RKNLBW6,"NativePath Collagen Peptides Protein Powder for Skin, Hair, Nails - Collagen Powder for Skin - 19.8 oz (56 Servings)",59.95,4.5,588,4.46449594287569,1 x 19.8 oz,3.0277777777777777,$/oz,False,,False,,1.0379660236238801,-0.7108494773874787
B08541GDF3,"Harry Potter BlenderBottle Shaker Bottle, 28 oz - Seeker in Training - BlenderBall Wisk Mixer Ball - Blend Protein Powder, Sport Drinks, Shakes, Smoothies & More",11.99,4.9,126,4.601030583873957,,,,True,no pack size (no_size_found),False,,2.0309928953569116,
B0B7YWDNB3,"BioSteel 100% Whey Protein Powder Supplement, rBGH Hormone Free and Non-GMO Post Workout Formula, Vanilla, 25 Servings",27.0,4.1,33,4.253568047337278,,,,True,no pack size (no_size_found),False,,-0.49612867012054146,
B079D2QYP4,SMART Pressed Juice Vegan Vanilla Proteini | Organic Protein Powder | Clean Lean Plant Based Protein Shake | Best Detox Smoothie with No Added Fillers | Made in The USA | 20 Servings,49.95,4.5,396,4.451361493997332,,,,True,no pack size (no_size_found),False,,0.9424381737958033,
B0BVDPCGNG,Myprotein® - Clear Whey Isolate - Whey Protein Powder - Naturally Flavored Drink Mix - Daily Protein Intake for Superior Performance -Tropical Dragonfruit (20 Servings),36.27,4.0,833,4.037925329900226,,,,True,no pack size (no_size_found),False,,-2.06451462362551,
B004AC06FS,"NOW Sports Nutrition, Certified Organic Whey Protein 19 g, Unflavored Powder, 1-Pound",30.55,4.3,276,4.298387507229612,,,,True,no pack size (title_conflicting_weight),False,,-0.17015331526379293,
B07C3CBHB2,"MTN OPS Cameron Hanes Keep Hammering Whey Protein Powder, Chocolate Caramel Flavor, 30 Servings",52.2,4.7,47,4.406803619909502,1 x 2.24 lb,1.4564732142857142,$/oz,False,,False,,0.6183653524736776,0.28897720223958456
B08NLKFSCL,"VUNNEX Plant Based - 100% Pure Organic Hydrolyzed Pea Protein Powder - Canada Grown Yellow Pea, Vegan Natural Unflavored, Dairy Free, Gluten Free, Soy Free, Sugar Free, Non-GMO with BCAA 2.62lb",28.95,4.0,98,4.164057083188305,1 x 2.62 lb,0.690601145038168,$/oz,False,,False,,-1.147148748723086,1.3084772801817268
B01992E6XG,Douglas Laboratories Ultra Protein Green | Vanilla Plant-Based Protein Powder | 21.8 Ounces,86.7,4.2,25,4.278760914760914,1 x 21.8 oz,3.977064220183486,$/oz,False,,False,,-0.31289902125804986,-1.083442523099312
B0B8R3LGMJ,"Garden of Life Grass Fed Collagen Coconut MCT Powder - Chocolate, 24 Servings, Collagen Peptides Powder for Energy Hair Skin Nails Joints, Coconut MCTs, Probiotics, Collagen Protein Powder Supplement",30.98,4.5,620,4.4660250543534525,1 x 14.8 oz,2.093243243243243,$/oz,False,,False,,1.049087368186635,-0.20655219861808036
B016N078YQ,"Ground-Based Nutrition Natural Superfood Protein – Zero-Carb Non Dairy Protein Powder, Natural Protein Powder, All Natural Formula, Vegan-Friendly, Sugar-Free, Rich Chocolate, Non-GMO (10 Count)",39.99,3.7,20,4.211584722969338,1 x 10 ct,,,True,non-dominant dimension (count),False,,-0.8014765947001906,
B07MXSGF7L,"JAYLAB PRO Protein Powder, 100% Optimal Whey Protein, Keto Friendly, Best Delicious Vanilla 100% Gold Standard Pure Whey Protein Powder",46.95,4.2,47,4.268568325791855,1 x 16.5 oz,2.8454545454545457,$/oz,False,,False,,-0.3870304992829857,-0.6259978536337708
B0C5S9YR23,"Orgain Organic Sport Vegan Protein Powder, Chocolate - 30g Plant Based Protein, For Preworkout or Muscle Recovery, With Turmeric, Ginger, Beets & Chia Seeds, Gluten Free, Dairy Free, Soy Free - 2.01lb",38.29,4.5,2593,4.490705675767532,,,,True,no pack size (title_conflicting_weight),False,,1.2285914126991302,
B018N1QEVQ,"CleanShake Ultra-Premium Protein Shake. Clean Protein Powder Shake with 21 Organic Ingredients, 23 Vitamins and Minerals, and Non-GMO and rGBH-Free Grass Fed Whey Protein. Informed Protein Certified.",45.0,3.6,55,4.08009334485739,1 x 21.4 oz,2.1028037383177574,$/oz,False,,False,,-1.7578234302847933,-0.21277801851913303
B08H8FZHJ4,"SOLO Organic Pea Protein Powder, Low in Sodium, Canada Grown Peas, 100% Vegan, Non-GMO, Unflavored Plant Based Protein Powder with BCAA, Keto & Paleo Friendly, Easy to Digest, No Additives (2.7 lbs)",35.95,4.3,608,4.299119856887298,1 x 2.7 lb,0.8321759259259259,$/oz,False,,False,,-0.16482688027066902,1.0536996197528208
B09WJ9355G,Forzagen Protein Powder for Women - Protein Shake With Collagen Powder for Women | High Protein Snacks And Collagen Supplement | Folic Acid | Hyaluronic Acid | Folic Acid | MCT oil | Collagen Peptides,37.9,4.3,381,4.298723443223443,1 x 32 oz,1.184375,$/oz,False,,False,,-0.1677100271237494,0.5715185194936587
B0BMKF23YB,"RSP TrueFit Vegan Protein Powder Meal Replacement Shake, Plant Based Protein + Organic Fruits & Veggies, Fiber & Probiotics, Gluten Free, Dairy Free",45.97,4.2,540,4.217581621997912,,,,True,no pack size (no_size_found),False,,-0.7578606900557481,
B08XC6RKQS,"Insane Labz Insane ISO Whey Protein Powder Featuring 25g of Hydrolyzed Whey Isolate, 60 Servings, Vanilla",74.99,4.4,23,4.311346680716544,,,,True,no pack size (sources_disagree),False,,-0.07590025674410975,
B011TCE4WM,HomeLife Solutions 24oz Stainless Steel Protein Shaker with a Built-in 6.5 oz Powder Container and a Built-in Agitator,12.49,3.0,37,3.9953538461538467,,,,True,no pack size (no_size_found),False,,-2.374140276284874,
B08PXL1HJX,"Garden of Life Dr. Formulated Keto Fit Weight Loss Shake - Chocolate Powder, 10 Servings, Truly Grass Fed Butter & Whey Protein, Studied Ingredients Plus Probiotics, Non-GMO, Gluten Free, Keto, Paleo",37.79,4.4,488,4.378816064459272,,,,True,no pack size (no_size_found),False,,0.4148097241511215,
B0BQZ6SDL5,"Obvi Entenmann's Collagen Peptides, Protein Powder, Hydrolyzed Grass-Fed Bovine Collagen Peptides, Supports Gut Health, Healthy Hair, Skin, Nails (Chocolate Donut, 30 Servings)",18.0,3.7,175,3.945491997934951,1 x 14.81 oz,1.2153950033760972,$/oz,False,,False,,-2.7367893065501345,0.536195959419996
B09HR9T2MK,"Further Food Collagen Peptide Powder Hazelnut Blend with Lion’s Mane Mushroom, Grass-Fed Hydrolyzed Type 1 & 3 Protein, Gut Health + Joint, Hair, Skin, Nails, Paleo Keto Sugar-Free (28 Servings)",29.99,4.4,238,4.364145748987855,1 x 8.4 oz,3.570238095238095,$/oz,False,,False,,0.3081113992908142,-0.9360097592536704
B087Z4TVQS,"NUTRACOLLAGEN Bone Broth Collagen Protein Powder Plus - 100% Natural Grass-Fed Collagen Peptides, Gluten Free, Dairy Free, Non-GMO, Paleo & Keto Compliant; 20g Protein - Unflavored (20 Servings)",39.99,2.9,5,4.240286057692308,1 x 15.5 oz,2.58,$/oz,False,,False,,-0.5927295952125268,-0.4921976688771869
B01BFGQM2W,Sanatogen 275g High Protein Powder,33.67,4.5,333,4.444641700404858,1 x 275 g,3.47101252225,$/oz,False,,False,,0.8935646017774707,-0.8975011064210623
B09FYHL7PC,"LeanFit WHEY Protein Natural Vanilla – 100% Whey Protein Powder, 25g Protein Per Serving – Grass-Fed, Gluten-Free, Low Carb, BCAAs, Amino Acid – 23 Servings, 1.83 Pound Tub",42.17,4.3,41,4.296076923076924,1 x 1.83 lb,1.4402322404371584,$/oz,False,,True,False,-0.18695837027579737,0.3042975295056597
B09XJXK5CD,"Juven Therapeutic Nutrition Drink Mix Powder for Wound Healing Support, Includes Collagen Protein, Fruit Punch, 1.01 Ounce (Pack of 48)",131.22,4.6,589,4.547270527225583,,,,True,no pack size (title_is_kit),False,,1.6399918974606886,
B08KXC5LMK,"Bulletproof Vanilla Collagen Protein Powder, 14.3 OZ",26.95,4.3,112,4.2972621931260235,1 x 14.3 oz,1.8846153846153846,$/oz,False,,False,,-0.17833781068439278,-0.06310984565743541
B09B1GGBHZ,"Zint Acai Powder Organic: Raw Freeze Dried Acai Brazilian Whole Berry - Immune Support - Superfood Vegan Plant Protein for Acai Bowls, Smoothies & Cleanse Shakes, 6 oz",21.99,4.6,13,4.3239457013574665,,,,True,no pack size (no_size_found),False,,0.015733382620086552,
B08FW615W9,"Orgain Bundle - Vanilla Protein Powder and Vanilla Protein & Superfoods Powder - Vegan, Made Without Dairy, Gluten and Soy, Non-GMO",55.89,4.8,199,4.60700812231247,,,,True,no pack size (no_size_found),False,,2.0744679889511874,
B07DBTN8PK,"BLESSED Vegan Protein Powder - Plant Based Protein Powder Meal Replacement Protein Shake, 23g of Pea Protein Powder, Dairy Free, Gluten Free, Soy Free, No Sugar Added, 30 Servings (Vanilla Chai)",52.99,4.2,238,4.232289793309184,1 x 23 g,65.3148361040761,$/oz,False,,False,,-0.6508870367809592,-4.907093830255663
B07Y3ZSZWZ,"Multi Collagen Protein Powder 16 oz | Type I, II, III, V, X | Hydrolyzed Collagen Peptide Powder | Keto & Paleo Friendly | Unflavored & Gluten Free | by Horbaach",22.99,4.4,3928,4.396804891479786,1 x 16 oz,1.436875,$/oz,False,,False,,0.5456438369573694,0.3074859996483342
B0BGZ8VJ48,"Pinnacle Vegan Vanilla Plant Protein Powder, 31g Pea & Rice Protein, Keto, Low Carb, Sugar Free, Gluten Free, Lactose Free, Dairy Free Protein Powder Without Artificial Sweeteners, 30 Servings",29.65,5.0,7,4.332743195266272,,,,True,no pack size (sources_disagree),True,False,0.07971822772223687,
B09GQ18MVV,CONTROLLED LABS PROmore Protein Powder (27 Servings) - 24g Protein Per Scoop - Premium Smooth-Drink Formula (French Vanilla Ice Cream Sundae),39.99,3.9,50,4.180674077367719,1 x 31.68 oz,1.2623106060606062,$/oz,False,,False,,-1.0262920809430813,0.4844501399116532
B07588DT73,"Standard Process Veg-E Complete Pro Vanilla - Whole Food Nail Health, Hair Health and Skin Health with Pumpkin Seed Protein Powder and Sesame Seed - 22 oz",82.46,4.1,64,4.228110242698478,1 x 22 oz,3.748181818181818,$/oz,False,,False,,-0.681285227583336,-1.0024615541742428
B006BESHV8,"True Athlete Natural Whey Protein - Chocolate, 20g of Protein per Serving - Probiotics for Digestive Health, Hormone Free (2.5 Pound Powder)",37.11,4.3,81,4.296846153846154,1 x 2.5 lb,0.92775,$/oz,False,,False,,-0.18136369614163853,0.9051645698179237
B08YRDBFFX,"INCAS USDA Organic Blue Spirulina Powder Phycocyanin Extract, No Fishy Smell, 100% Vegan Protein from Blue-Green Algae, Natural Blue Food Coloring for Smoothies, Baking, Drinks & Cooking",19.49,4.5,79,4.375032749428788,,,,True,no pack size (no_size_found),False,,0.38729338498596,
B07BZYLXDZ,"Hydrolyzed Collagen Powder - Pure Unflavored Collagen Protein Powder - Type 1 and 3 Collagen Peptides for Women & Men - Grass Fed, Keto, Gluten Free - Supports Healthy Hair, Skin, Nails - 41 Servings",30.97,4.4,332,4.371553000845308,1 x 15.9 oz,1.9477987421383647,$/oz,False,,False,,0.3619849077745646,-0.1081630186337716
B071Y5PN2Q,"Tru-Nut Plant Based Peanut Butter Protein Powder - Vegan Protein Powder, Non Dairy, Gluten Free, Non GMO, Natural Protein Powder 24oz",16.99,4.2,213,4.234692307692308,1 x 24 oz,0.7079166666666666,$/oz,False,,False,,-0.6334133661818825,1.2746438887970744
B088KV4FQP,"Your Super Skinny Protein Organic Superfood Powder – Plant Based Protein Powder, Made with Essential Amino Acids, Pea and Hemp Protein, Alfalfa, Moringa and Spirulina Powder (26 Servings)",34.99,4.3,774,4.29928273732956,,,,True,no pack size (no_size_found),False,,-0.16364223837420158,
B0C47QZNC6,"CorePerform Premium Vegan Protein Powder, Gut Health & Digestion Support, Plant-Based Blend for Men & Women, No Sugar, Soy, or Artificial Additives, Gluten-Free (20 Servings, Maple Banana Bread)",64.99,4.5,54,4.357382007822686,1 x 24.64 oz,2.6375811688311686,$/oz,False,,False,,0.2589181932198026,-0.5223544272657215
B09YWSB2Q3,"NativePath Collagen Peptides Protein Powder for Skin, Hair, Nails - Collagen Powder for Skin - 15.9 oz (45 Servings)",29.99,4.4,1538,4.392207474644561,1 x 15.9 oz,1.8861635220125785,$/oz,False,,False,,0.5122064731897772,-0.06423169417661176
B08WM26HP8,"Eat Smart MRP-Complete Meal Replacement Shake, Keto Friendly High Protein Nutrition Drink Mix with Whey Protein Powder, Fiber, Probiotics, Greens Blend, Vitamins & Minerals- Vanilla (20 Servings)",34.99,4.1,74,4.221607184693479,,,,True,no pack size (no_size_found),False,,-0.7285824651209142,
B07TVFKWK3,"Extend Shake Powder – Diabetic Protein Drink for Meal Replacement, Blood Sugar Management, Weight Loss, No Sugar Added, Creamy Vanilla, 14.82 Ounce, 15 Servings",23.99,4.4,131,4.349041792852816,1 x 14.82 oz,1.618758434547908,$/oz,False,,False,,0.198259172764942,0.14464589944427733
B0BHZWX9CV,"Clean Simple Eats Mint Chocolate Cookie Whey Protein Powder, Natural Sweetened and Cold-Pressed Whey Protein Powder, 20 Grams of Protein, 30 Servings",59.99,4.4,21,4.310115384615385,,,,True,no pack size (sources_disagree),False,,-0.08485556732735483,
B09CLVXF13,"Bone Broth Protein Powder Chocolate - Grass Fed Collagen Peptides - Protein Powder Without Artificial Sweeteners - No Sugar, Paleo & Keto Friendly -Dairy Free, Gluten Free - 20g Protein, 20 Servings",24.97,3.9,60,4.165336696090795,,,,True,no pack size (no_size_found),False,,-1.1378420263535967,
B07FFCW3KK,"Multi Collagen Peptides Powder Pills, High Bioavailable Hydrolyzed Collagen Protein Supplement with 5 Collagen Types I, II, III, V, and X for Skin, Hair, Nail & Joint Support, 60 Capsules",16.99,4.3,91,4.296993529834651,1 x 60 ct,,,True,non-dominant dimension (count),False,,-0.18029181932154317,
B06Y2BHBKM,"Designer Wellness, Designer Whey Protein Meal Powder with Vitamins, Minerals, and Organic Superfood Complex Carbs, Non GMO, Vanilla Bean, 1.72 Pound",30.49,4.4,989,4.388360265633647,1 x 1.72 lb,1.1079215116279069,$/oz,False,,False,,0.4842254282250829,0.6626867205812176
B001B4P3UQ,"NOW Supplements, L-Citrulline Pure Powder, Supports Protein Metabolism*, 4-Ounce",17.99,4.3,283,4.298415308829101,1 x 4 oz,4.4975,$/oz,False,,False,,-0.16995111210737698,-1.25145919964901
B07T81MSCF,"Active Stacks Beef Protein Isolate Powder, Chocolate - Dairy Free with Natural Collagen for Keto, Paleo, Bone Broth & Low Carb Diets, 2 Pound",84.9,4.4,428,4.376509283819629,1 x 2 lb,2.653125,$/oz,False,,False,,0.39803233237998414,-0.5303823177504257
B09C2JK7LM,Ozkaline Premium Marine Collagen Peptides (Type 1 & 3 Hydrolyzed Protein) Wild Fish Collagen Powder Supplement for Maximum Absorption & Healthy Hair Skin Nails Joints - Natural Unflavored 7.05oz Tub,34.97,4.7,15,4.338816053511706,1 x 7.05 oz,4.960283687943263,$/oz,False,,False,,0.12388658955223926,-1.385270070550389
B008HS4DM8,"Earth Circle Organics | Organic Spirulina Powder, Kosher, Raw and Non-Irradiated | Pure Vegan Protein | Premium Superfood, High in Amino Acids and Antioxidants - 8oz",19.99,4.3,190,4.297944458097813,1 x 8 oz,2.49875,$/oz,False,,False,,-0.17337564543698175,-0.44847976296801584
B087SS1B1Z,"Primal Labs Smash-It Nutrient Infused Low Carb Protein Powder to Help Trim Down, Keto Meal Replacement Shake Powder, Gluten-Free Whey Protein Powder, Delicious Vanilla Flavor, 761 Grams",49.95,4.0,111,4.154942800788955,,,,True,no pack size (sources_disagree),False,,-1.213437620711495,
B01992HDBI,"Thorne MediClear-SGS - Detox, Cleanse, and Metabolism Support with NAC - Rice and Pea Protein-Based Drink Powder with a Complete Multivitamin-Mineral Profile - Vanilla - 34.4 Oz",129.0,4.4,148,4.352238433153563,1 x 34.4 oz,3.75,$/oz,False,,False,,0.22150858181378877,-1.0031241323301783
B00014H9EA,"NaturesPlus SPIRU-TEIN Shake - Strawberry Banana - 1.12 lbs, Spirulina Protein Powder - Plant Based Meal Replacement, Vitamins & Minerals For Energy - Vegetarian, Gluten-Free - 15 Servings",26.36,4.4,159,4.35410147299509,1 x 1.12 lb,1.4709821428571428,$/oz,False,,False,,0.23505861286978735,0.27543452963060716
B005K0MFSA,"Growing Naturals | Vanilla Rice Powder 15g Plant Protein | 2.8G BCAA, Low-Carb, Low-Sugar, Non-GMO, Vegan, Gluten-Free, Keto & Food Allergy Friendly | Vanilla Blast (1 Pound (Pack of 1))",21.95,4.3,306,4.298500268961808,,,,True,no pack size (title_conflicting_weight),False,,-0.16933319057341994,
B08G9PNLTB,"Garden of Life Dr. Formulated Keto Meal Balanced Shake - Chocolate Powder, 14 Servings, Truly Grass Fed Butter & Whey Protein Plus Probiotics, Non-GMO, Gluten Free, Ketogenic, Paleo Meal Replacement",50.39,4.4,1629,4.392612223393046,,,,True,no pack size (no_size_found),False,,0.5151502417499558,
B08BN3PMBK,simplyFUEL Plant Based Protein Powder | Chickpea Protein | Gluten Free | Unflavored | Gluten Free | No Stevia | Nothing Artificial | 1.25 pounds,39.99,4.2,56,4.265120756338634,,,,True,no pack size (sources_disagree),False,,-0.41210493522234454,
B0041U1TF0,100% Pure Pea Protein Now Foods Powder 2 Pound (Pack of 2),46.99,4.5,260,4.434090379594296,2 x 2 lb,0.73421875,$/oz,False,,False,,0.8168240396713489,1.2248027416428966
B0BZQ8FGC5,"No Cow Vegan Protein Powder, Vanilla, 21g Plant Based Protein, Recyclable Bag, Dairy Free, Soy Free, No Sugar Added, Keto Friendly, Gluten Free, Naturally Sweetened, Non GMO, Kosher, 1.74 Pound",39.99,4.5,932,4.476072621217645,,,,True,no pack size (title_conflicting_weight),False,,1.1221640893668947,
B09PTT9XZB,"Irish Sea Moss Powder |100% Organic Atlantic Dulse| Chondrus Crispus |Palmaria Palmata |Loaded with Nutrients & Vitamins| Dulse Powder| Excellent source of Vitamins B6, B12, Iron |Iodine, Protein, Calcium & Fiber|(6oz / 170.10g)",24.99,3.0,1,4.284327543424318,,,,True,no pack size (sources_disagree),False,,-0.27241250584113363,
B007A6PPDE,Herbalife Personalized Protein Powder 2Pack (12.7 OZ),84.99,4.4,48,4.324307692307692,2 x 12.7 oz,3.346062992125985,$/oz,False,,False,,0.01836617044792335,-0.8474122720701294
B0B2BTK73M,KPurity Premium Lactoferrin Goat Milk Colostrum – Whey Protein 3g x 90 Powder Sticks Immune Support Digestive Gut Health Supplement,49.9,4.3,7,4.295050887573964,1 x 3 g,471.5470679791667,$/oz,False,,False,,-0.19442080485167576,-7.607869022136406
B08GKBVKGW,The LIFEbar BanillaMaca Pea Protein Powder with Plant-Based Superfoods,39.99,2.8,15,4.13229431438127,,,,True,no pack size (no_size_found),False,,-1.3781617921193723,
B0B9RSV4WP,"3 Pcs Protein Powder Funnel Funnel and Three Compartment Pill Storage, Supplement Container and Dispenser, for Travel, Work and Gym, Fill with Powder (Blue)",12.99,4.3,11,4.295198622273249,1 x 3 ct,,,True,non-dominant dimension (count),False,,-0.1933463191006281,
B09BQ3748F,Konatu Soy Pulp Powder Japan Okara Powder 3.53ounce 100g Dietary Fiber Protein Iron Calcium Soy Isoflavone,9.99,3.5,7,4.251973964497042,1 x 3.53 oz,2.830028328611898,$/oz,False,,False,,-0.5077225563647132,-0.6185708532602564
B0C91NDW1F,"Thorne VeganPro Complex - All-in-One Vegan Protein Powder with Vitamins, Omega-3’s, B12, and Amino Acids - Foundational, Immune and Sports Performance Support - Chocolate Flavor - 28oz",49.0,4.1,154,4.186485976117745,1 x 28 oz,1.75,$/oz,False,,False,,-0.9840216974538051,0.03813914347641472
B09MC6PHQY,"Mama Bird Prenatal Protein Powder for Women, Certified Organic, Vegan, Non-GMO, Hemp & Pea Plant Complete Protein, 15g, Dairy Free, Includes Bonus Healthy Pregnancy Secrets, Vanilla, 12.6 oz",35.0,4.0,72,4.1859313609467454,,,,True,no pack size (title_is_kit),False,,-0.9880554559508918,
B079G4ZG24,Rootcology AI Paleo Protein - Dairy-Free and Soy-Free 26g Hydrolyzed Beef Protein - Dietary Supplement Powder for Energy and Muscle Support by Izabella Wentz (Unflavored - 810g / 30 Servings),91.97,4.3,117,4.297319230769231,,,,True,no pack size (title_conflicting_weight),False,,-0.1779229715491273,
B09ZFBX616,OnMyWhey - Double Scoop (180cc) - Protein Powder and Supplement Funnel Keychain 3-Pack,24.99,4.9,45,4.456884615384615,,,,True,no pack size (no_size_found),False,,0.9826082574706464,
B08GGFX149,"Flexible Dieting Lifestyle Whey Protein Cookie Butter Powder - Birthday Cake Batter | Keto-Friendly, Low Carb, No Added Sugars, Gluten-Free | Easy to Mix, Bake and Spread | 7.9oz",22.0,4.1,145,4.189390355912743,1 x 7.9 oz,2.7848101265822782,$/oz,False,,False,,-0.9628979213844907,-0.5965648498798501
B09ZBMQR7W,Pure Food Plant Based Protein Powder Sample Pack (Chocolate),5.0,2.7,10,4.174861769809138,1 x 1.1288 oz,4.429482636428065,$/oz,False,,False,,-1.0685654377282006,-1.2306392693888302
B003PWJBIM,"NOW Sports Nutrition, Amino-9 Essentials™ Powder, Enhanced Protein Synthesis, Amino Acids, 330-Grams",26.43,4.3,474,4.298922303826826,1 x 330 g,2.270539079375,$/oz,False,,False,,-0.16626369876748096,-0.3176307878586743
B098FPY7JV,"MET-Rx Meal Replacement, Original Vanilla Protein Powder, 2.54 Oz Packets, 40 Count",89.94,4.6,1347,4.574460282574568,,,,True,no pack size (title_size_count_ambiguous),False,,1.8377450647153766,
B091RYSKYB,"Pink Stork Pregnancy and Nursing Protein Powder, Chocolate Whey Protein with Collagen Peptides and Electrolytes, 20g Protein, Prenatal Support, Breastfeeding and Postpartum Essentials, 21 Servings",39.99,4.1,236,4.166731519177201,,,,True,no pack size (no_size_found),True,False,-1.1276973715173724,
B01L2TGOEI,"Micro Ingredients Organic Chlorella Powder, 20 Ounces | Broken Cell Wall for Complete Absorption | Raw Superfood Supplement, Rich in Protein & Vitamins | Non-GMO, Vegan, Non-Irradiated",26.99,4.6,855,4.561612081170362,1 x 20 oz,1.3495,$/oz,False,,False,,1.7442991146287847,0.3931988221962254
B0BS8NTC96,"eFlow Nutrition Whey Protein Sample Variety - Isolate Protein Powder Samples, Low Calorie, Fast-digesting, Premium Quality, Travel Packs, Low Carb (4 Pack)",16.96,4.0,161,4.127664138678223,1 x 4 oz,4.24,$/oz,False,,False,,-1.4118374136345726,-1.1709080793131879
B09T761MTH,"RAW 100% Vegan Protein Powder | Low Carb Vegan Protein Powder, Zero GMO, Non-Dairy, No Artificial Ingredients, Low Sugar Protein | Rich Taste, Natural Sweetened Flavor | Chocolate (25 Servings)",54.99,4.0,83,4.176002987303958,1 x 29.101 oz,1.8896257860554622,$/oz,False,,False,,-1.060265275728562,-0.06673727442458269
B07K7X6W4Y,"Vegan Pure Keto Protein Powder, Sugar Free, Gluten Free, Very Low Carb, Medium Chain Triglycerides, Plant Based Protein, Get into Ketosis! Vanilla 510g",28.22,4.2,10,4.287643724696356,1 x 510 g,1.5686736129166667,$/oz,False,,False,,-0.2482936661782125,0.18758537200431122
B07YQ68YQR,KOS PowerPlant Bundle (Organic Plant-Based Chocolate Protein Powder + Organic Reds Blend + Organic Greens Blend),98.57,4.2,28,4.2771961283749365,,,,True,no pack size (no_size_found),False,,-0.3242798321529031,
B077MPF9MT,"Herbtonics Multi Collagen Protein Powder Collagen Peptides Type (1,2,3,5 and 10) A Quality Blend of Grass-Fed Chicken, Wild Fish, Egg Hydrolyzed Collagen Bovine…",29.99,4.4,466,4.378024813895782,1 x 16 oz,1.874375,$/oz,False,,False,,0.40905489837156106,-0.055665922351547915
B07ZHNX8NT,"It's Just! - Egg White Protein Powder, Dried Egg Whites Protein, Meringue Ingredient, Non-GMO, USA Farms, Unflavored (8oz)",21.99,4.5,6184,4.495997560707883,1 x 8 oz,2.74875,$/oz,False,,False,,1.267079696034892,-0.5787581055419095
B00GN69TNY,"Nutiva Organic Cold-Pressed Hemp Seed Protein Powder, Vanilla, 16 Ounce",17.69,4.3,1596,4.299625721573365,1 x 16 oz,1.105625,$/oz,False,,False,,-0.16114768777378563,0.6655216086398196
B08CY7ZJZ2,Live Well Collagen Powder - Collagen Peptides with All-Natural Hydrolyzed Protein - Collagen Peptides Powder for Hair Nail and Skin Support - Collagen Peptides Protein Powder for Joint Support,32.95,4.3,29,4.295767206477733,1 x 16 oz,2.059375,$/oz,False,,False,,-0.18921096275613108,-0.18426599703928226
B09699CBTC,BALANCE PICK Goat Milk Protein Powder - Product of Korea,20.9,3.8,29,4.200372469635628,1 x 4.23 oz,4.940898345153664,$/oz,False,,False,,-0.8830241695254953,-1.3799202063666005
B086MNPXFM,"Pure Hydrolyzed Multi Collagen Peptides Protein Powder Supplement - Types I, II, III, V, X - 5 Types of Grass Fed, Wild Caught Food Sourced Collagen - 16 oz Pouch - Flavorless",45.95,4.4,78,4.3356050516647535,1 x 16 oz,2.871875,$/oz,False,,False,,0.10053272788098457,-0.6386250203036992
B08HSKYGXP,RSP NUTRITION TrueFit Protein Powder (Chocolate 2 LB) with AminoLean Pre Workout Energy (Watermelon 30 Servings),56.94,4.1,5,4.287161057692308,1 x 2 lb,1.779375,$/oz,False,,False,,-0.2518041401620635,0.015396242488673882
B09VS2P7S7,"Tone It Up Energy Booster I Caffeine and Electrolytes Pre-Workout Powder for Women I Gluten Free, Kosher, Non-GMO I 14 Servings, 10g of Protein - Very Berry Flavor",19.99,4.2,229,4.233115384615385,1 x 9.87 oz,2.0253292806484295,$/oz,False,,False,,-0.6448824481569156,-0.16149050786724245
B07GH6BN4Q,"Left Coast Performance Keto Collagen Protein Powder Chocolate, 10g Grass-Fed Collagen, 5g MCT Powder, 1lb, 25 Servings, No Carb Protein Powder, Low Carb Meal Replacement Shakes, Ketogenic Shake Mix",29.99,4.3,764,4.299274650940942,,,,True,no pack size (title_conflicting_weight),False,,-0.1637010512962154,
B07R3GSNKL,"True Nutrition 5LBS Unflavored Pea Protein Powder Isolate - Vegan, Low Fat, Lactose-Free, Gluten-Free, Plant Based Protein",81.95,3.8,24,4.2139905808477245,1 x 5 lb,1.024375,$/oz,False,,False,,-0.7839786066047096,0.7698038377139992
B01N02YMK8,"Sustainably US Grown, Organic Sunflower Lecithin Powder, 1 Pound, Sustainable Farmed, Cold Pressed, Rich in Phosphatidyl Choline and Protein, Making Liposomal Vitamin C, Lactation Supplement, Non-GMO",28.95,4.6,2830,4.587286358071323,1 x 1 lb,1.809375,$/oz,False,,False,,1.931030091387217,-0.0074462729808974365
B088P65D9S,"NaturalSlim Metabolic Whey Protein Powder Vanilla – Low Carb, Meal Replacement Shake w/Vitamins, Minerals & Amino Acid L-Glutamine | Great Taste and Very Filling Protein Shake, 10 Servings, 17.6oz",36.95,4.7,2748,4.682639016156258,1 x 17.6 oz,2.0994318181818183,$/oz,False,,False,,2.624537256141942,-0.21058545218316896
B014ZPSLZG,"Bluebonnet Nutrition Super Earth Organic Veggie Protein Powder Chocolate, 16 Ounce",26.99,4.8,53,4.446912587412587,1 x 16 oz,1.686875,$/oz,False,,False,,0.9100809364223374,0.08833204004441518
B098R93352,"FITSVILLE [2 Pack Sports Shaker Bottle - Protein Powder, Creatine Mix, Water Enhancer, Supplements | 100% Leak Free, BPA Free, Stain & Odor Resistant | x4 Shaker Balls – x2Orange 25oz (700ml)",16.49,4.3,55,4.29638547968885,1 x 2 ct,,,True,non-dominant dimension (count),False,,-0.18471421447142497,
B0BT253H57,"Bariatric Fusion Unflavored Multi Collagen Protein Powder | Plus Joint Support Complex of MSM and Glucosamine | Dairy, Gluten & Soy Free | Non-GMO | 30 Servings",31.99,4.5,212,4.424646613088404,,,,True,no pack size (no_size_found),False,,0.7481388046119043,
B099X6S5XD,"LIVING HEALTHY NUTRITION BariSuccess Vanilla Whey Isolate Protein Powder - 30g Protein, 30 Servings/Container - Free of Fat, Sugar, Gluten, Soy & Lactose - Low Carb Bariatric Meal Replacement Protein",54.75,4.5,71,4.36987946074544,,,,True,no pack size (no_size_found),False,,0.3498131228125857,
B08XC7KSRP,"Blue Spirulina Powder - Maximum 35% Phycocyanin Content, Superfood Powder from Blue-Green Algae, Mixes into Smoothies and Protein Drinks, Natural Food Coloring (One Month Supply) by Double Wood",19.95,4.5,1401,4.483436099333737,,,,True,no pack size (no_size_found),False,,1.1757192280865296,
B09544T126,BNLABS Spirulina Powder Organic 1lb -129 Servings 3.5g Serving Size - USDA Certified - RAW Nutrient Dense Over 70% Protein Per Serving - Purest Source Vegan Protein - Superfood,19.99,4.2,90,4.254725893824485,,,,True,no pack size (title_conflicting_weight),False,,-0.487707564189239,
B0BY3QB7ZX,"NAKED nutrition Ella Chocolate Collagen Protein Powder for Women - Daily Beauty Protein Powder with Grass-Fed Collagen Peptides - Non-GMO, Gluten-Free, No Artificial Sweeteners - 20 Servings",39.99,4.4,64,4.330784039489922,,,,True,no pack size (no_size_found),False,,0.06546913813147479,
B089ZJBF72,"Orgain Organic Plant Based Protein Powder, Vanilla Bean, 2.74 lb",34.97,4.6,199,4.48340563784042,1 x 2.74 lb,0.7976733576642335,$/oz,False,,False,,1.1754976793191558,1.1115524521721336
B09Z4S4N9T,"RNB Digital Protein Powder and Supplement Funnel Keychain - Protein Powder Container with Durable Key-Chain Portable to-Go Container for The Gym, Workouts, Fitness, and Travel etc.",9.0,4.4,60,4.329271122320303,,,,True,no pack size (no_size_found),False,,0.054465576008677435,
B01BHF9DX6,"Plant Based Protein, Original Gold Standard Raw Pea Protein Powder - Growing Naturals - Non-GMO, Vegan, Gluten-Free, Keto Friendly, Shelf-Stable (Original Unflavored, 2 Pound (Pack of 1))",43.2,5.0,5,4.322317307692308,1 x 2 lb,1.35,$/oz,False,,False,,0.003889951125784026,0.3926927150851363
B07H5RH5VB,BODYTECH Whey Protein Isolate Powder - Rich Chocolate (3 lbs./43 Servings),64.99,4.6,112,4.4402409165302785,1 x 3 lb,1.3539583333333332,$/oz,False,,False,,0.8615573645503798,0.38869263726286896
B0057AMGZK,"MT. CAPRA SINCE 1928 DEEP-30 | Meal Replacement Shake, Goat Protein Powder with Grass Fed Whey Protein and Casein Protein, Minerals and BC-30 Probiotics, Coconut Dream Flavor - 2 Lbs",62.1,4.2,48,4.268167341430499,1 x 2 lb,1.940625,$/oz,False,,False,,-0.3899468891680714,-0.10312188244496241
B00W1RTPMO,"Future Peptides™ Pure Protein: Best Protein Capsules, Amino Acids Raw Food for Pre Workout and Post Workout Supplements. Takes The Place of Whey Protein Powder. Perfect for Crossfit Training.",49.95,4.3,194,4.297970395535064,1 x 150 ct,,,True,non-dominant dimension (count),False,,-0.17318700047490287,
B0BPDH347F,"Manitoba Harvest Hemp Yeah! Organic Max Fiber Protein Powder, Unsweetened, 32oz; with 13g of Fiber, 13g Protein and 2.5g Omegas 3&6 per Serving, Keto-Friendly, Preservative Free, Non-GMO",25.16,4.4,1698,4.392892155620328,,,,True,no pack size (title_conflicting_weight),False,,0.5171862102186362,
B06XSZ7S1M,"AMANDEAN Marine Collagen Peptides Powder. 500g Wild-Caught Hydrolyzed Fish Collagen for Women & Men. Type 1 & 3 Collagen Protein Supplement. Amino Acids for Skin, Hair, Nails & Graceful Aging.",47.95,4.4,4391,4.39713261306704,1 x 500 g,2.7187192676875003,$/oz,False,,False,,0.5480273810910067,-0.5637495221854967
B01IL9NFKS,"DrFormulas HairOmega Collagen for Hair Growth Protein Powder, Peptides from Bovine Collagen Hydrolysate - Unflavored/Tasteless, 16oz",24.8,4.2,6,4.290361359570662,1 x 16 oz,1.55,$/oz,False,,False,,-0.22852810017962769,0.20394673117577247
B09PZGXG7K,"Designs for Health PaleoMeal Plus Powder - Meal Replacement Shake or Supplement - Bone Broth Protein Shake with Green Powder, Amino Acids, Nutrients - Caramel Flavor Drink (15 Servings / 492g)",67.49,4.2,9,4.288307692307692,1 x 492 g,3.888840072573679,$/oz,False,,False,,-0.24346457903083593,-1.0527937716359488
B0B4MCGC2W,"TumLove Vegan Protein Powder - Low FODMAP Certified, Gluten-Free, Dairy-Free, Soy-Free, 100% Gut-Friendly & Non-Bloating, Vanilla (30 Servings)",59.99,4.2,29,4.276688259109312,,,,True,no pack size (no_size_found),False,,-0.32797360411000653,
B09VK3SKQD,"Nutrasumma 2.11 LB 100% Pea Protein Powder Fermented Chocolate -North American Sourced Peas - Plant Protein Powder (Non-GMO, Gluten Free, Vegan Friendly)",40.98,4.3,982,4.2994177514792895,1 x 2.11 lb,1.213862559241706,$/oz,False,,False,,-0.16266027015159215,0.5379196801606198
B07HZ4LFK2,"Alaya Naturals - Grass Fed Whey Protein Powder - Vanilla Flavor, All Natural, Hormone Free - 20g Protein per Serving - Non-GMO, rBGH Free, Gluten Free - Great Source of BCAA",37.95,4.5,184,4.417773991480832,,,,True,no pack size (no_size_found),False,,0.698153702767613,
B004L0HDNW,"IronMind Just Protein – 5 Pound Classic Milk and Egg Supplement Powder, Vanilla, Non-GMO, No Additives – 18g Protein, 80 Servings",99.95,4.2,62,4.263008731808732,1 x 5 lb,1.2493750000000001,$/oz,False,,False,,-0.4274658509329489,0.49852295904814853
B093T8DK2G,Collagen Powder for Women & Men - Vitamin C & Elderberry - Collagen Peptides Protein for Hair Growth Skin Nails Joint Bone & Immune Support Defense - Easy Mixing Amino Acids Keto Supplement - 30 days,22.97,4.4,166,4.355213202022892,,,,True,no pack size (no_size_found),False,,0.24314430299663645,
B01CIOWQFM,Amazing Muscle 100% Whey Protein Powder * 5 Lbs *Advanced Formula with Whey Protein Isolate as a Primary Ingredient Along with Ultra Filtered Whey Protein Concentrate * Supports Lean Muscle Growth,59.99,3.5,19,4.188426868905742,,,,True,no pack size (sources_disagree),False,,-0.9699054359721638,
B01MZ7DFL7,"NutriBiotic Pea Protein Plain, 21 Oz | Low Carb Vegan Plant Protein Powder | 100% Grown & Processed in the USA | Deliciously Creamy & BCAA-Rich | Made without Chemicals, GMOs & Gluten | Keto Friendly",22.25,4.1,48,4.2400971659919025,1 x 21 oz,1.0595238095238095,$/oz,False,,False,,-0.5941034189760688,0.7237112654846988
B07Y278ZNB,"Nature's Truth Multi Collagen Powder | 9 oz | Type I, II, III, V, X | Hydrolyzed Collagen Peptide Protein Powder | Keto and Paleo Friendly | Unflavored | Gluten Free",20.99,4.5,179,4.416412633723892,1 x 9 oz,2.332222222222222,$/oz,False,,False,,0.6882524438284945,-0.3542517544944881
B004FF8NFU,"Greens First Boost, Plant-Based Protein Powder, French Vanilla, 12.06 Ounces",44.99,4.4,120,4.346735042735043,1 x 12.06 oz,3.730514096185738,$/oz,False,,False,,0.18148200298169892,-0.9960063311458439
B0872JJCFF,"grow vitamin Collagen Peptides Powder - Hair, Skin, Nail, and Joint Support - Type I & III Collagen + 20 Essential Amino Acids - Naturally-Sourced Hydrolyzed Protein - 41 Servings - 16oz",34.95,4.4,90,4.339232936078007,1 x 16 oz,2.184375,$/oz,False,,False,,0.12691860829610896,-0.2647744773266515
B0BXLXTH9D,"Muscle Milk Pro Series Sleeping Giant Protein Powder Supplement, Hot Chocolate, 1.71 Pound, 18 Servings, 30g Protein, Overnight Muscle Recovery, 1g Sugar, Melatonin, Tryptophan, Packaging May Vary",23.95,4.3,610,4.299122258369189,1 x 1.71 lb,0.8753654970760234,$/oz,False,,False,,-0.16480941410946637,0.984571292867556
B01HYL8AM2,"Simply tera's Pure whey Protein Powder, Family Size Dark Chocolate Flavor",38.75,4.4,777,4.385618461538462,,,,True,no pack size (no_size_found),False,,0.4642840776371295,
B0C7S6G185,"NOW Sports Nutrition, MCT Powder With Whey Protein Isolate, 67% MCTs, Unflavored Powder, 1-Pound",24.64,4.1,53,4.2361171328671325,1 x 1 lb,1.54,$/oz,False,,False,,-0.6230505038652016,0.2127897143502222
B09S28XZ52,"EarthChimp Vegan Protein Powder Bundle, Chocolate + Vanilla, (Each 26 Servings, 32 Oz) with Probiotics, Organic Fruits & Plant Based Protein Powder, Dairy Free, Gluten Free",74.99,4.6,3,4.302036630036629,1 x 32 oz,2.3434375,$/oz,False,,False,,-0.1436129663887556,-0.3608060155029882
B019PKXXKO,Nutri-Supreme Research Whey Protein Powder Dairy Cholov Yisroel Creamy Chocolate -2Lbs.,67.99,5.0,9,4.342853146853146,1 x 2 lb,2.1246875,$/oz,False,,False,,0.15324867775515869,-0.2269228866045732
B08SZFDPQT,"Hydrolyzed Marine Collagen Peptides Powder.Canadian Wild-Caught Fish Skin(Not Scales)- Colageno Hidrolizado en Polvo- Vital Protein Supplement for Skin, Hair, Joints and Digestion (1 kg and 5-oz)",100.0,4.5,6,4.304314847942756,,,,True,no pack size (title_conflicting_weight),False,,-0.12704331355994955,
B09SBMT3X3,Sunwarrior Vegan Protein Powder USDA Organic | BCAA Sugar Free Gluten Free Non-GMO Dairy Free | Vanilla 20 Servings | Sport Organic Active Protein,44.37,4.7,604,4.631439636017353,,,,True,no pack size (no_size_found),False,,2.252160254069243,
B0BSMKXNY8,"Orgain Protein Powder + Collagen, Creamy Chocolate Fudge - 25g of Protein, 10g Collagen Peptides, 1B Probiotics, Supports Hair, Skin, Nail, Joint & Gut Health, Gluten Free, Dairy Free, Soy Free- 1.6lb",38.54,4.4,133,4.349439903846154,1 x 1.6 lb,1.5054687499999997,$/oz,False,,False,,0.20115466442497967,0.2437733606757217
B08TPHVTGS,"Nutrex Research IsoFit | Whey Protein Powder Instantized 100% Whey Protein Isolate | Muscle Recovery, Lactose-Free, Gluten-Free | Bananas Foster 2lbs, 30 Servings",34.99,4.5,366,4.448377536573855,1 x 2 lb,1.0934375,$/oz,False,,False,,0.9207356235568684,0.6806654922963505
B0BCGWZGBN,"Orgain Keto Collagen Protein Powder, Vanilla - 10g Grass Fed Hydrolyzed Collagen Peptides Type 1 & 3, 10g Protein, 5g MCT Oil - Hair, Skin, Nail, & Joint Support, Gluten Free, Paleo - 0.88lb",26.99,4.4,14951,4.399141343729907,,,,True,no pack size (title_conflicting_weight),False,,0.5626370326176582,
B0CCJZ48QQ,"BULKSUPPLEMENTS.COM Organic Rice Protein Powder - Unflavored Protein Powder, Plant Protein Powder - Vegan Protein Powder, Dairy Free & Gluten Free - 30g per Serving, 500g (1.1 lbs)",21.96,4.2,30,4.276187028657617,,,,True,no pack size (title_conflicting_weight),False,,-0.33161909146636365,
B004L3VLFK,"Omega Nutrition Pumpkin Seed Protein Powder, 26.50-Ounce",27.41,4.3,465,4.298905808477237,1 x 26.5 oz,1.0343396226415094,$/oz,False,,False,,-0.16638367070486698,0.7565779795507974
B06XDRCDBK,"NaturesPlus Organic Paleo Protein - 1.49 lbs, 20 g Protein, Vegan Protein Powder - Unflavored, Unsweetened - Certified Organic High Protein Energy Protein - Vegetarian, Gluten-Free - 15 Servings",32.09,4.3,114,4.297285296981499,1 x 1.49 lb,1.3460570469798658,$/oz,False,,False,,-0.17816977457897337,0.39668892779491355
B00HV09GVG,"Muscle Milk Powder Pro Series, 50 Grams Protein, Intense Vanilla, 2 Pounds",22.99,4.4,195,4.359297532656024,,,,True,no pack size (title_conflicting_weight),False,,0.2728499516297487,
B07TXNN9SG,"Left Coast Performance Collagen Bone Broth Powder with Grass Fed Collagen Peptides. Unflavoured, Hydrolyzed Beef, Zero Carb, Dairy Free Protein Powder. 1lb, 32 Servings",31.99,4.4,616,4.382485271156449,1 x 1 lb,1.999375,$/oz,False,,False,,0.4414961446931866,-0.14386925420253766
B08C584H9W,Perfect Supplements – Perfect Plant Protein Powder – 600 Grams – Pumpkin Seed – Hemp Seed & Sacha Inchi,39.95,3.9,48,4.18395681511471,1 x 600 g,1.887605748072917,$/oz,False,,False,,-1.002416478592057,-0.06527596652463728
B0B94TQDC5,Ryse Loaded Protein Powder | 25g Whey Protein Isolate & Concentrate | with Prebiotic Fiber & MCTs | Low Carbs & Low Sugar | 20 Servings (Moon Pie Chocolate),31.46,4.2,112,4.2496026186579385,1 x 25 g,35.6750399005,$/oz,False,,False,,-0.5249695357626503,-4.080838036551233
B0025PXLWC,"Bluebonnet Nutrition Whey Protein Isolate Powder From Grass Fed Cows, No Sugar Added, Non GMO, Gluten & Soy free, kosher Dairy, 16 Oz",27.96,4.7,43,4.3997386468952735,1 x 16 oz,1.7475,$/oz,False,,False,,0.5669812641580458,0.04009230482515871
B0736K1YRT,HEARTHY FOODS Collagen Powder - 18g Protein - Pure Halal Collagen Peptides Grass Fed Organic Hydrolyzed Powder | Type I and III Unflavoured Protein Keto Friendly Gluten Free No Sugar Non GMO 16 Oz,26.99,4.5,708,4.469622882532629,1 x 16 oz,1.686875,$/oz,False,,False,,1.0752546473157925,0.08833204004441518
B0813K295R,"Garden of Life Grass Fed Collagen Greens Beauty Powder - Apple, 14 Servings, Collagen Powder for Women Skin Hair Nails Joints, Collagen Peptides Powder, Collagen Protein + Greens, Collagen Supplement",30.75,4.1,134,4.193216402274768,1 x 9.5 oz,3.236842105263158,$/oz,False,,False,,-0.9350707939814531,-0.8020720417202549
B0BC9R4RZS,"3 broth MAKERS Collagen Crumbles, Coco Raspberry, Freeze-Dried Dairy-Free Organic Coconut Ice Cream with Hydrolyzed Protein Collagen Powder for Women and Men, Gluten-Free - Made in Australia - 1 Pack",11.0,4.5,43,4.347931417979611,,,,True,no pack size (no_size_found),False,,0.1901833315078957,
B07NYKNSGH,"Spirulina Capsules 1500mg - Premuim, Natural Spirulina from Blue Green Micro-Algae Powder with Natural Antioxidants, Protein, Fatty Acids, Fiber, & Vitamins - Non-GMO & Vegan - 90 Capsules",44.0,4.5,197,4.421114423076923,1 x 90 ct,,,True,non-dominant dimension (count),False,,0.7224489168894747,
B0C8BY2MFN,"Paleovalley 100% Grass Fed Beef Bone Broth Protein Powder - Rich in Collagen Peptides for Hair, Skin, Gut Health, Bone and Joint Support - 28 Servings, 15g Protein Per Serving - No Gluten or GMOs",64.99,4.4,413,4.375851894374283,,,,True,no pack size (no_size_found),False,,0.3932510887362542,
B0C3W65D73,AGN Roots Grass Fed Whey Protein Powder Isolate - Unflavored - Unsweetened - Certified Entire Life On Pasture - A Greener World - ASPCA Registered Brand List - Informed-Sport - Informed Protein 3lbs,69.99,4.7,383,4.601495287321375,1 x 3 lb,1.458125,$/oz,False,,False,,2.0343727190214316,0.2874286323175437
B01MROPA3W,Foods Alive | Organic Chia Protein Powder | 8 oz,13.92,4.4,98,4.341432648799165,1 x 8 oz,1.74,$/oz,False,,False,,0.14291728691884997,0.04596859831746875
B08JB98ZG9,"Hydra Cup 4 Pack, 20-Ounce Shaker Bottles for Protein Powder Shakes & Mixes, Wire Whisk & Mixing Grid, BPA Free Shaker Cup Blender Set",21.99,4.6,3483,4.589588634327403,1 x 4 ct,,,True,non-dominant dimension (count),False,,1.9477747224326807,
B081TQFYP6,"Momentous Essential Plant-Based Pea and Rice Protein Powder, Vegan, Gluten-Free, Non-GMO, NSF Certified, All Day Essential Use Protein Powder for Men and Women (Vanilla Chai, Bag)",47.5,4.0,52,4.2071806593406595,,,,True,no pack size (no_size_found),False,,-0.8335076858293293,
B09TG9RTW6,"BEAM Be Amazing - Whey Protein Isolate Powder | Soy and Gluten-Free Protein Powder for Muscle Grow Support | Post Workout Shake with Digestive Enzymes & Recovery | Fruity Cereal, 25 Servings",47.99,4.1,50,4.238477545575812,,,,True,no pack size (no_size_found),False,,-0.6058830419598504,
B001ECZKNK,Metagenics BioPure Protein powder 12.3oz (15 servings),50.6,3.9,35,4.20732035053554,1 x 12.3 oz,4.113821138211382,$/oz,False,,False,,-0.8324917011001289,-1.1296327805981476
B0BJW7T4YN,RevSupps Mighty Healthy Protein Powder Supplement – Easy & Fast Absorbing Muscle Recovery Protein Formula – Vegan Plant-Based Protein Powder | Pea Isolate & Brown Rice Protein Blend - Vanilla Flavor,54.99,5.0,1,4.300456575682382,,,,True,no pack size (no_size_found),False,,-0.15510482238291304,
B07FMD848F,Siren Labs Isolate Premium Whey Protein Powder Keto Isolate and Hydrolysate with Amino Acids Including Glutamine for Lean Muscle Growth and Recovery - Vanilla Ice Cream (30 Servings),64.99,4.7,18,4.346500818330606,,,,True,no pack size (no_size_found),False,,0.17977847099947722,
B085M8TKTD,"Vega Protein and Greens, Salted Caramel, Vegan Protein Powder, 20g Plant Based Protein, Low Carb, Keto, Dairy Free, Gluten Free, Non GMO, Pea Protein for Women and Men, 1.7 Pounds (25 Servings)",31.99,4.4,818,4.386245074797679,,,,True,no pack size (title_conflicting_weight),False,,0.4688414837286341,
B074VH9C6J,"Zhou Collagen Peptides Hydrolyzed Protein Powder – Grass Fed, Pasture Raised, Unflavored, Hormone-Free, Non-GMO,18 Ounce",29.99,4.4,3588,4.396512157204154,1 x 18 oz,1.666111111111111,$/oz,False,,False,,0.5435147582132884,0.10525351655292248
B095CRLPX1,"Bulletproof Duo Kit | Collagen Peptides Protein Powder for Skin, Bones and Joints — 18g Protein, 17.6 Oz & Brain Octane C8 MCT Oil for Sustained Energy, Appetite Control, Energy — 14g MCTs, 16 Fl Oz",56.52,4.9,28,4.406997452878248,,,,True,no pack size (title_is_kit),False,,0.6197751144592449,
B09YDP56YQ,"OnMyWhey - Protein Powder & Supplement Funnel Keychain, Portable To-Go Container for The Gym, Workouts, Fitness, & Travel - TSA Approved, Time To Get Wheysted",9.99,4.5,58,4.360533786655334,,,,True,no pack size (no_size_found),False,,0.2818413213849003,
B08C75SLZW,"Z Natural Foods Goat Whey Protein Powder Concentrate - Bulk 5 lb Size - Unflavored & Undenatured - Grass Fed in USA - Good Source of BCAA - 100% Pure, Gluten Free, Non GMO, Kosher",134.99,4.3,29,4.295767206477733,1 x 5 lb,1.687375,$/oz,False,,False,,-0.18921096275613108,0.08792713935811113
B07BHYBYN6,"NOW Supplements, Brewer's Yeast Powder with naturally occurring Protein and B-Vitamins, 1-Pound",8.79,4.4,2780,4.39554137629508,1 x 1 lb,0.549375,$/oz,False,,False,,0.5364541945187743,1.621046386888407
B07B6DTK65,"ProBroth Collagen Bone Broth Protein Powder with Chocolate Flavor and Sugar-Free, Hydrolyzed Workout Protein Muscle Powder, Nutrition Powered for Men and Women, Makes Great Protein Shake, 20 Servings",19.99,4.1,20,4.267528778913395,,,,True,no pack size (no_size_found),False,,-0.3945912031248069,
B000VWOK1C,"Resource Beneprotein Powder, Instant Protein - 7 gm/Pack, 75 Count (Pack of 1)",81.47,4.4,7,4.30043550295858,1 x 75 ct,,,True,non-dominant dimension (count),False,,-0.15525808591254447,
B08FWF178X,"Orgain Bundle - Berry Superfoods Powder and Peanut Butter Protein Powder - Made without Gluten, Non-GMO",42.98,4.7,32,4.378429776674938,,,,True,no pack size (no_size_found),False,,0.41200022359315935,
B09X227CCS,"Multi Collagen Peptides Powder Supplement - 5 Hydrolyzed Protein Collagen For Women, Skin, Hair, Nails & Joint Support (Types I & III) - Keto, Paleo-Friendly, Grass Fed, Berry Flavored - 30 Servings",29.82,4.4,201,4.360051282051282,1 x 10 oz,2.982,$/oz,False,,False,,0.27833202854862754,-0.6900352423296506
B00R60EW6A,"Labrada Nutrition 100% Whey Protein Powder, Strawberry, 4.13 lb",50.49,4.6,77,4.412283076923076,1 x 4.13 lb,0.7640738498789347,$/oz,False,,False,,0.6582178618236963,1.1703480699001851
B01I0DFGO8,"California Medical Weight Management Whey Protein Powder for Muscle Building, Nutrition Shake Body Delicious Natural Chocolate Flavor, 1 Pound",29.99,2.6,2,4.267652923076923,1 x 1 lb,1.874375,$/oz,False,,False,,-0.3936882931420256,-0.055665922351547915
B01BQ0E4IQ,"Orgain Whey Protein Powder, Vanilla Bean - 21g Grass Fed Dairy Protein, Gluten Free, Soy Free, No Sugar Added, Kosher, No Added Hormones or Carrageenan, For Smoothies & Shakes - 1.82lb",31.99,4.5,2777,4.491295384615385,,,,True,no pack size (title_conflicting_weight),False,,1.2328804101882305,
B017XSJ93A,"Natural Force Clean Collagen Peptides Powder – Tested for Toxins – Certified Keto & Paleo – Hydrolyzed Type I and III Protein for Joints, Hair, Skin and Nails - Grass Fed + Pasture Raised, 32 Ounce",49.99,4.5,873,4.4746552363299354,1 x 32 oz,1.5621875,$/oz,False,,False,,1.1118553408266507,0.19324616254901228
B01M1YK7GL,Dr. Schulze's | SuperProtein Plus | 100% Plant Protein Concentrate | Organic Powder Mix | Vitamin B-12 & Spirulina | Dietary Supplement | Build Strong Muscle | Enhance Workout Recovery | 19 Oz.,60.0,4.6,144,4.459388072601556,1 x 19 oz,3.1578947368421053,$/oz,False,,False,,1.0008160930095236,-0.7683361022364035
B094LS5WGS,"Nature Zen Organic Vegan Protein Powder from, Strawberry, Organic Rice and Pea Protein, Low net Carbs, Dairy Free, Soy Free, Gluten Free, Naturally Non GMO, Kosher, Halal, 18 Servings, 1Lb",32.95,4.5,31,4.336081918081918,1 x 1 lb,2.059375,$/oz,False,,False,,0.1040010137534139,-0.18426599703928226
B09TZYQMKD,"Iya Foods Collagen Peptide Powder, Grass Fed Pure Hydrolyzed Protein - Paleo & Keto Friendly | Pasture Raised, Gluten Free, Non-GMO | Type I and III Collagen Powder | Unflavored, 1 Pound Pack",30.75,4.8,24,4.377255886970173,1 x 1 lb,1.921875,$/oz,False,,False,,0.40346243411526633,-0.08985734979786494
B00M0BKM8M,"PaleoPro Paleo Greens Powder, Plant-Based Vegan Protein Powder, Vitamin B12, Keto Ingredients, Gluten-Free, Good Source of Fiber, Calcium, Magnesium, Vitamins A & C, Vitamin K & Iron, No Sugar, 9.4oz",24.99,4.4,194,4.359169133705411,1 x 9.4 oz,2.658510638297872,$/oz,False,,False,,0.2719160962555454,-0.5331528602545895
B09HT7Z76S,"zyy Pure Organic Hydrolyzed Vegan Pea Protein Powder - Easy to Digest, Unsweetened, Natural Unflavored, Dairy Free, Gluten Free, Soy Free, Sugar Free, Non-GMO with BCAA",31.95,4.1,50,4.238477545575812,,,,True,no pack size (no_size_found),False,,-0.6058830419598504,
B087775RX7,"Multi Collagen Protein Powder 32 oz | Type I, II, III, V, X | Hydrolyzed Collagen Peptides | Keto & Paleo Friendly | Unflavored & Gluten Free | by Horbaach",31.83,4.5,2420,4.490073383949907,1 x 32 oz,0.9946875,$/oz,False,,False,,1.2239927060186313,0.80998392970357
B00XK71L3K,"PaleoPro Paleo Greens Powder, Plant-Based Vegan Protein Powder, Vitamin B12, Keto Ingredients, Gluten-Free, Good Source of Fiber, Calcium, Magnesium, Vitamins A & C, Vitamin K & Iron, No Sugar, 9.4oz",24.99,4.4,194,4.359169133705411,1 x 9.4 oz,2.658510638297872,$/oz,False,,False,,0.2719160962555454,-0.5331528602545895
B07TKHZLBX,"Sanki Global Chocolate Hasaki Dietary Supplements Powder is a Japanese-origin Product for Protecting Gut Health and Nutrition. Net Weight 20 ounces (1.2 pounds), 0.49 ounces of protein per dose",94.5,4.4,18,4.30820294599018,,,,True,no pack size (title_conflicting_weight),False,,-0.09876487950983871,
B09XBPPN3P,"Swolverine Plant Protein | 100% Vegan, Plant-Based Protein Powder, Pea Protein Isolate, Pumpkin Seed Protein, 22G Protein, 30 Servings Chocolate Cake Flavor (Chocolate Cake)",52.99,4.4,9,4.301944055944055,,,,True,no pack size (no_size_found),False,,-0.1442862648343373,
B07SLLFBC9,"RoastOne Coffee Protein Powder by NutraOne – Coffee Infused Whey Protein Powder for Energy & Focus, 160mg Caffeine and 20g Protein (Sweet Cream – 1.35 lbs.)",39.99,4.4,106,4.343478669801814,1 x 1.35 lb,1.8513888888888888,$/oz,False,,False,,0.15779815393476565,-0.03880771292219622
B0001TPW4O,"Brewers Yeast Flakes for Lactation Cookies, Breastfeeding Supplement to Boost Mother's Milk (1 Pack) - Non Fortified, Unsweetened - Kosher, Gluten Free, Non GMO, Vegan, Plant Based Protein Powder",28.49,4.5,220,4.426404126485759,,,,True,no pack size (no_size_found),False,,0.760921333779918,
B0813HTKB6,"Garden of Life Grass Fed Collagen Super Beauty Powder - Blueberry Acai, 20 Servings, Collagen Powder for Women Skin Hair Nails Joints, Collagen Peptides Powder, Collagen Protein, Collagen Supplements",33.58,4.4,608,4.382293591497422,1 x 9.52 oz,3.527310924369748,$/oz,False,,False,,0.4401020438936632,-0.9194831056681693
B087SKS4H8,"Primal Labs Smash-It Nutrient Infused Low Carb Protein Powder to Help Trim Down, Keto Meal Replacement Shake Powder, Gluten-Free Whey Protein Powder, Delicious Chocolate Flavor, 761 Grams",49.95,4.3,460,4.298896424330387,,,,True,no pack size (sources_disagree),False,,-0.16645192232161432,
B01DPW5F40,"Micro Ingredients Organic Spirulina Powder, 16 Ounce, Raw Spirulina (Arthrospira Platensis), The Richest Sources of 70% Vegan Protein, Containers Minerals, Vitamins, Non-GMO & Non-Irradiation",21.95,4.5,7938,4.496868454954052,,,,True,no pack size (no_size_found),False,,1.2734137764013167,
B0083UTTUG,Protocol Whey Protein Isolate - Protein Powder - BCAA Amino Acids - Unflavored - 2 Lbs,60.0,4.5,12,4.313011965811966,1 x 2 lb,1.875,$/oz,False,,False,,-0.06378851105993935,-0.056121410314013576
B07W6KS4QQ,"Genius Vegan Protein Powder, Chocolate - Plant-Based Lean Muscle Building Shake for Men & Women - Pea & Pumpkin Protein Sources - Naturally Flavored & Sweetened - Dairy & Lactose Free",34.99,4.2,903,4.21136122357175,,,,True,no pack size (no_size_found),False,,-0.8031021228884846,
B0BF1739HN,"Bad Athletics Milk Chocolate Grass Fed 100% Whey Protein Powder for Women - Five Ingredients, 20g of Protein, Naturally Flavored & Sweetened, 30 Servings",50.0,4.5,289,4.438729648991785,1 x 32 oz,1.5625,$/oz,False,,False,,0.8505658003207508,0.19297288799449364
B0BM558VVG,"Nutricost Meal Replacement Shake Powder (Vanilla), 30 Servings - Protein, Non-GMO, Gluten Free",44.95,4.1,34,4.252589906908378,,,,True,no pack size (no_size_found),False,,-0.5032427601648258,
B08LYTPDDF,"Essential Living Foods Organic MCT Plant Based Coffee Protein Powder 7 Servings, Cold Brew Coffee, 8.4 Oz",29.5,3.6,93,3.995632478632479,1 x 8.4 oz,3.511904761904762,$/oz,False,,False,,-2.3721137609873897,-0.9135027549183198
B0BNM7L24J,"Manitoba Harvest Hemp Yeah! Organic Max Protein Powder, Unsweetened, 16oz; with 20g protein and 4.5g Omegas 3&6 per Serving, Keto-Friendly, Preservative Free, Non-GMO",16.99,4.2,1581,4.206840736728061,,,,True,no pack size (title_conflicting_weight),False,,-0.835979968952145,
B0BSXRFYBH,MI NUEVA SILUETA Lipotransfer Protein Stage 2 My New Silhouette is an Isolated whey Protein Powder with Collagen That Helps to Maintain transferred Fat. (Strawberry),115.0,4.7,11,4.328034443168772,,,,True,no pack size (no_size_found),False,,0.04547111408895185,
B0BKR1FVGD,"Musclegen Research Genepro Unflavored Protein Powder with Collagen Peptides - Lactose-Free, Gluten-Free Protein Supplement Shake for Hair, Skin and Nails (30 Servings)",37.74,4.6,241,4.496858833474218,,,,True,no pack size (no_size_found),False,,1.2733437986436478,
B01N5WMI8U,"swiig Mass Builder Protein Powder, Chocolate, No GMO Ingredients, No Artificial Flavors, Colors or Sweeteners, No Fillers, 3.3 Pound Bag",44.99,4.2,20,4.281514792899408,1 x 3.3 lb,0.8520833333333334,$/oz,False,,False,,-0.2928698552309674,1.0214011647484356
B0B1VRK71G,"Dymatize ISO100 Hydrolyzed 100% Whey Isolate Protein Powder in Dunkin' Cappuccino Flavor + Dunkin' Mocha Latte Flavor, 25g Protein, 95mg Caffeine, 5.5g BCAAs, 20 Servings",65.98,4.4,34,4.317558059774621,,,,True,no pack size (sources_disagree),False,,-0.030724422464306376,
B0B2379WMW,"Organic Blue Spirulina Powder (Phycocyanin Extract), 50 Servings - No Fishy Smell, 100% Vegan Protein from Blue-Green Algae, Natural Luminous Blue Food Coloring for Smoothies, Baking, Drinks & Cooking",23.95,4.7,470,4.615947074847581,,,,True,no pack size (no_size_found),False,,2.139481673446274,
B092RGDDP6,"Dr Amy Myers Spectrum 5 Collagen Peptides Powder - Multi Collagen Protein Powder (Type I, II, III, V, X) - Proprietary Blends, Chicken Bone Broth, Hydrolyzed Bovine Collagen, Fish Collagen, Eggshell",59.97,4.1,46,4.241755120619026,1 x 11.2 oz,5.354464285714286,$/oz,False,,False,,-0.582044988347691,-1.4897430387746091
B084RGWXT4,"NaturesPlus KetoLiving Natural Collagen, Unflavored - 1.36 lb Tub - Ketogenic Protein Powder - Supports Immune & Gut Health, Joint Mobility & Hair, Skin & Nails - Gluten-Free, Non-GMO - 28 Servings",45.01,4.8,26,4.382930304594734,1 x 1.36 lb,2.0684742647058822,$/oz,False,,False,,0.4447329068790001,-0.19028935862227733
B082J8LV3P,Body Fortress Super Advanced Whey Protein Vanilla-2 Lbs Powder (Pack of 6),226.99,3.8,2,4.286852923076924,6 x 2 lb,1.1822395833333335,$/oz,False,,False,,-0.2540452267533518,0.5739840533550171
B09R52VRK8,"Almased Vanilla shakes – Gluten-Free, non-GMO Powder – Boost High Protein, Vanilla Flavor, 17.6 oz (3 Pack)",99.35,4.4,47,4.323862443438914,3 x 17.6 oz,1.8816287878787876,$/oz,False,,False,,0.015127841419680923,-0.06094302001471678
B00EOT5MEW,"Body Nutrition, Trutein Protein Powder, Breakfast Shake, Meal Replacement, and Pre and Post Workout Recovery Drink Mix, 25 Grams of Protein, Cookies and Cream, 2 Pounds",39.95,4.5,60,4.362058007566205,,,,True,no pack size (title_conflicting_weight),False,,0.29292709648113613,
B00553PARU,"NaturesPlus SPIRU-TEIN Gold Shake - Chocolate - 1.03 lbs, Soy-Free Vegetarian Protein Powder - Whole Food Plant Based Meal Replacement - Natural Sustainable Energy - Gluten-Free - 13 Servings",35.4,4.3,67,4.296613765182186,,,,True,no pack size (sources_disagree),False,,-0.1830538766432258,
B07NSNQH8Z,"Country Farms American Superfoods 30 Fruits & Vegetables Plant Supplement Powder, Protein & Fiber, Apple Carrot Flavor, 60 Servings, Packaging May Vary",33.24,4.2,230,4.233021573327522,,,,True,no pack size (no_size_found),False,,-0.6455647448183202,
B07G22M64K,"Collagen Peptides Powder 40 oz | Unflavored | Type 1 and 3 | Hydrolyzed Protein Collagen | Keto and Paleo Supplement | Grass Fed, Non-GMO, Gluten Free | by Horbaach",36.99,4.5,528,4.4612236795462605,1 x 40 oz,0.9247500000000001,$/oz,False,,False,,1.01416660251176,0.9095896299802236
B09Y9FBPBV,"BetterBody Foods Organic Superfood Powder with Protein, Vitamins C, E, and B12 (12.7 oz.)",14.24,4.5,2577,4.490650598290598,1 x 12.7 oz,1.1212598425196854,$/oz,False,,False,,1.22819083000288,0.6463367479434318
B09WZHVBV4,"Grow Daily 3+ Shake Mix 7-serving Canister by Healthy Heights - Protein Powder (Plain) - Developed by Pediatricians - High in Protein Nutritional Shake - Contains Key Vitamins & Minerals, No Added Sugar",24.95,4.4,58,4.3284895877603065,,,,True,no pack size (no_size_found),False,,0.04878141546458433,
B09QGSCXBC,Your Healthy Fix - 100% Natural and Vegan Protein Powder with Chocolate Flavor - with probiotics – Low Carb Soy Free Protein Powder Made from Natural Ingredients and enzymes – Made in Europe,33.0,3.7,35,4.1630165530671865,1 x 14 oz,2.357142857142857,$/oz,False,,False,,-1.1547166037638532,-0.3687730347864814
B00OA98B0I,"Resource Beneprotein Unflavored Instant Protein Powder, 7g, 75 packettes",86.74,3.8,10,4.257568536726431,,,,True,no pack size (sources_disagree),False,,-0.4670328052582106,
B09TPZJ5YG,Judee's Maltodextrin Powder 2 lb - Just One Ingredient - Vegan and Made in USA - Add to Sports Energy Drinks or Protein Shakes - Gluten-Free and Nut-Free,14.99,4.0,32,4.23391364764268,1 x 2 lb,0.4684375,$/oz,False,,False,,-0.6390766201925272,1.838795161548523
B00NXX7YCS,"True Athlete Natural Whey Protein - Unflavored, 20g of Protein per Serving - Probiotics for Digestive Health, Enzymes for Protein Digestion - NSF Certified for Sport (1.4 Pound Powder)",29.49,4.7,53,4.416798951048952,1 x 1.4 lb,1.316517857142857,$/oz,False,,False,,0.6910621592384089,0.42700481805998053
B07CXB8BL9,"Vega Organic Protein and Greens Powder, Vanilla, 26 Servings, 2.2 Pounds, Packaging May Vary",38.99,3.9,446,3.985336758145194,1 x 2.2 lb,1.1076704545454545,$/oz,False,,False,,-2.446995322420991,0.6629963473208291
B092HDJLJ1,"Orgian Organic Protein and Superfoods Plant Based Powder, Creamy Chocolate Fudge, 2.64 lb",36.5,4.7,141,4.5111993006993005,1 x 2.64 lb,0.8641098484848484,$/oz,False,,False,,1.3776431120163941,1.0022525879197304
B07DFQBH8D,"Warrior Strong Wellness Pure Hydrolyzed Multi Collagen Protein Powder, Collagen Powder, Boost Energy, for Aging Skin Elasticity, Hair & Nails Growth Support, Joint Health (Unflavored)",45.99,4.5,222,4.426830769230769,1 x 16.19 oz,2.8406423718344658,$/oz,False,,False,,0.7640243390489582,-0.6236853474867519
B00P6RTBLQ,"Body Fortress Super Advanced Mass Gainer Whey Protein Powder, Gluten Free, Chocolate, 4 Lb",40.59,4.3,1157,4.299497355769231,1 x 4 lb,0.63421875,$/oz,False,,False,,-0.1620813020711196,1.4248375846479542
B0848WDYL7,"Titan Vegan Protein Powder (2 lbs) - 100% Plant-Based with 9 Essential Amino Acids + Antioxidant-Rich Superfoods - Clean, Non-Dairy High-Fiber Shake - Build Lean Muscle & Burn Fat - Vanilla Chai",49.99,3.9,10,4.265087333718912,1 x 2 lb,1.5621875,$/oz,False,,False,,-0.41234802048821273,0.19324616254901228
B09DY5J444,"nbpure Earthy Andy Plant Powered Protein, Gluten-Free, Non-GMO, Cruelty Free Pea Protein Powder, Vanilla, 30 Servings",54.99,4.4,84,4.337471571906354,,,,True,no pack size (no_size_found),False,,0.11410807215252779,
B09XRXV848,"Manitoba Harvest Organic Hemp & Supergreens Powder, 7.5 oz – Green Superfood Powder with 6g of Protein, 3g of Fiber per serving – Vegan, Non-GMO Project Verified - 8 Essential Vitamins & Minerals",15.79,4.7,58,4.424622184445389,1 x 7.5 oz,2.1053333333333333,$/oz,False,,False,,0.7479611332255323,-0.21442056222144143
B07P5GLNV1,"Pea Protein Powder (5 lbs) by Pure, Eco-Friendly Packaging, & Allergen-Free",36.99,4.0,44,4.217105481345003,1 x 5 lb,0.46237500000000004,$/oz,False,,False,,-0.7613236973893152,1.856592351996388
B09TQ7TXBD,"NAOMI Collagen Beauty Peptides Powder Collagen Protein Powder for Radiant, Skin and Nails, with Hyaluronic Acid, Biotin, & Vitamin C, Peptides Powder Collagen Supplements Keto Protein Powder",28.99,4.0,50,4.209575811471765,1 x 2.7514 oz,10.536454168786799,$/oz,False,,False,,-0.8160875614514659,-2.414562499584027
B0BY3TCG1V,"Multi Collagen Protein Powder 600g - 5 Types (I, II, III, V, X) Grass-Fed & Pasture-Raised | with Biotin 5000mcg, Vitamin C & Hyaluronic Acid | Keto, Paleo, Unflavored (54 Servings)",19.95,4.5,280,4.437361328497805,1 x 600 g,0.94262164390625,$/oz,False,,False,,0.8406139008633636,0.8834377590097809
B09GHBM6H8,"HIMS & HERS unflavored Collagen Protein Powder with 18 Amino acids, Soy-Free and Gluten-Free, no GMOs and Artificial sweeteners, 30 Servings, 10.5oz",19.79,4.5,147,4.4065059829059825,1 x 10.5 oz,1.8847619047619046,$/oz,False,,False,,0.6162006158152268,-0.06321606008108845
B07L48J4HW,"Wholesome Wellness Multi Collagen Protein Powder Hydrolyzed (Type I II III V X) Grass-Fed All-in-One Super Bone Broth + Collagen Peptides - Premium Beef, Chicken, Wild Fish, Eggshell Collagen",33.99,4.5,17618,4.498577116024159,,,,True,no pack size (no_size_found),False,,1.2858409988621853,
B0BZTGSPH6,"Sweetkick Protein Powder with Prebiotic Fiber Powder & MCT Oil Powder - Fight Sugar Cravings, Support Gut Health - High Protein Shakes, Low Sugar Protein Shake & Whey Protein Powder Chocolate - 1 Pack",20.95,4.2,60,4.263697351828499,,,,True,no pack size (no_size_found),False,,-0.42245746493623354,
B09YDPZLJD,"OnMyWhey - Protein Powder & Supplement Funnel Keychain, Portable To-Go Container for The Gym, Workouts, Fitness, & Travel - TSA Approved, No Pain No Champagne",9.99,4.6,17,4.331832967032967,,,,True,no pack size (no_size_found),False,,0.07309806826326301,
B09L3H81ZC,"Pure Therapro Rx TriActive Collagen Plus, Collagen Powder for Hair, Skin, Nails, Bones & Joints, Hydrolyzed Collagen Powder w/Patented Peptides, Unflavored Multi Collagen Protein Powder, 30 Servings",64.97,4.5,49,4.353236135957067,1 x 13.3 oz,4.884962406015037,$/oz,False,,False,,0.22876495050263765,-1.3643648207272567
B0BQ1XH3ZW,"GNC Total Lean Shake + Slimvance | Caffeine Free Protein Powder, Helps Reduce Body Weight | Vanilla Carmel | 20 Servings",59.99,4.4,608,4.382293591497422,,,,True,no pack size (no_size_found),False,,0.4401020438936632,
B0B6C2JRJH,"simply tera's organic whey protein powder, dark chocolate flavor",27.38,3.9,136,4.087477279477279,,,,True,no pack size (no_size_found),False,,-1.7041195098506918,
B07NF7J6DH,"Ultimate Nutrition Protein, Whey Protein Powder, Meal Replacement Shakes Keto Friendly, Lean Muscle Mass Gainer, 24 Servings, Vanilla",44.99,3.9,109,4.109295755968169,,,,True,no pack size (no_size_found),False,,-1.5454320639591825,
B0984TCB68,"NAKED nutrition Naked Bone Broth - Beef Bone Broth Protein Powder - 20G Protein, Only 1 Ingredient - Gut Health And Joint Supplement - Unflavored - No Gmo, Gluten, Or Soy - 1 Pound",39.99,4.0,135,4.140529516994634,1 x 1 lb,2.499375,$/oz,False,,False,,-1.3182665345536404,-0.44882145013517427
B084DCCVSD,Organic Paleo Grain Free Plant Based Protein Powder. Complete Raw Organic Vegan Protein Powder. Amazing Amino Acid Profile and Less Than 1g of Sugar. Hemp Protein Pea Protein Powder Chocolate Flavored,45.95,4.3,571,4.299072932830858,,,,True,no pack size (no_size_found),False,,-0.16516816251695768,
B07S953RSN,Swanson 100% Certified Organic Pea Protein Powder Non-GMO 1.1 lb (503 g) Pwdr,19.01,4.7,29,4.372082995951417,1 x 1.1 lb,1.0801136363636363,$/oz,False,,False,,0.3658396026593578,0.6974157509975842
B00HCNF4LI,Wholistic Botanicals Live Plant Pea Protein Vanilla Powder,38.99,4.2,16,4.283860542335363,1 x 16 oz,2.436875,$/oz,False,,False,,-0.275809040428037,-0.4142225859733383
B0BHFGSKJQ,"VIVL Nutrients Plant Protein-L Powder Vanilla, Vegan, Organic, No Dairy, No Sugar, No Gluten, Keto, Low Carb, Clean Ingredients, Low Fodmap, for Men & Women, 25g, 27 Servings, 33oz",66.99,4.3,16,4.295371333702269,,,,True,no pack size (title_conflicting_weight),False,,-0.19209017568663395,
B006FNJFNE,"True Athlete Natural Whey Protein - Vanilla, 20g of Protein per Serving - Probiotics for Digestive Health, Hormone Free 2.5 Pound Powder",31.49,4.3,83,4.296876773711725,1 x 2.5 lb,0.78725,$/oz,False,,False,,-0.18114099552076598,1.1295230033556483
B08B2LVXCB,"Nubeleaf 80% Pea Protein Powder - Non-GMO, Gluten-Free, Raw, Organic, Vegan Source of Fiber & Essential Amino Acids - Single-Ingredient Nutrient Rich Superfood for Cooking, Baking, Smoothies (16oz)",16.12,4.0,19,4.255328277356446,1 x 16 oz,1.0075,$/oz,False,,False,,-0.4833263827546026,0.7924979156558979
B0B4ZD277V,"It's Just! - Total Milk Protein, 1lb Bag, 80% Casein / 20% Whey, Natural/Unflavored Protein Powder 16oz",14.99,4.1,56,4.233835840137516,1 x 1 lb,0.936875,$/oz,False,,False,,-0.6396425201200886,0.8917924395323585
B09TTWS2G1,"RNB Digital Protein Powder and Supplement Funnel Keychain - Protein Powder Container with Durable Key-Chain Portable to-Go Container for The Gym, Workouts, Fitness, and Travel (2)",11.98,4.4,79,4.3359238385377,,,,True,no pack size (no_size_found),False,,0.102851289155083,
B00UU6K71G,"Purium Power Shake - Unflavored - 1065 Grams - Vegan Meal Replacement Powder, Protein, Vitamins & Minerals - Certified USDA Organic, Gluten Free, Kosher - 30 Servings",99.95,4.0,40,4.222433223218499,1 x 1065 g,2.6605960904636152,$/oz,False,,False,,-0.7225746238402352,-0.5342241755671391
B0146QYPMC,"Body Nutrition, Trutein Protein Powder, Breakfast Shake, Meal Replacement, and Pre and Post Workout Recovery Drink Mix, 25 Grams of Protein, Banana Cream, 34 Gram Sample",2.49,4.5,63,4.3642828784119105,,,,True,no pack size (title_conflicting_weight),False,,0.30910875206515215,
B0013OXDBU,"NOW Sports Nutrition, Pea Protein 24 g, Easily Digested, Creamy Chocolate Powder, 2-Pound",25.64,4.4,6028,4.397895726773633,,,,True,no pack size (title_conflicting_weight),False,,0.5535775653614206,
B0BN2HT37J,LUV&LIFE During Pregnancy Multivitamin Supplement Powder Vanilla Flavored Contains Protein Iron and Fiber with DHA Pregnancy Essential Ingredients Formulated for Pregnant Women and Baby 29.6 oz,56.0,4.3,37,4.295978846153846,1 x 29.6 oz,1.8918918918918919,$/oz,False,,False,,-0.18767169122790475,-0.06837473128933319
B07YG6JCDP,Get Chia Organic Hemp Heart Protein Powder-74% | 22 Grams Protein Per Serving I Cold Processed & Stored | Made from The Hemp Heart | 3 LB,38.95,4.6,263,4.502737345555998,,,,True,no pack size (title_conflicting_weight),False,,1.3160986659823228,
B07DF1MJ16,"XPIWHTOW Garden of Life Organic Protein Shake Powder, Vanilla Flavor",19.97,4.4,161,4.354424702058505,,,,True,no pack size (no_size_found),False,,0.23740948253443508,
B079XBZ8P4,"Vega Protein and Greens, Vanilla, Plant Based Protein Powder Plus Veggies - Vegan Protein Powder, Keto-Friendly, Vegetarian, Gluten Free, Soy Free, Dairy Free, Lactose Free (25 Servings, 26.8oz)",29.99,4.6,133,4.453346153846153,1 x 26.8 oz,1.1190298507462686,$/oz,False,,False,,0.9568727564535041,0.6490566607721616
B07KNCG2F7,"AlcheVita Multi-Collagen Capsule Hydrolyzed Protein Powder Supplement - 3,000mg, 120 Count Pills - Collagen Peptides with Aloe Vera Extract - Supports Healthy Skin, Nails, Hair, Joints",11.99,4.4,38,4.319606306736741,1 x 120 ct,,,True,non-dominant dimension (count),False,,-0.015827365875151975,
B07GKLVXVY,"FEBICO Organic Chlorella Powder 100% Vegetarian Superfood-100 Grams -Cracked Cell Wall Patent Tech with Rich Vitamins, Minerals and Protein -USDA, Naturland, Halal Certified",22.59,5.0,8,4.337836758661186,1 x 100 g,6.4041572739375,$/oz,False,,False,,0.11676410331134054,-1.7343221150245385
B0BS8CMLL5,"Cheesecake Keto Meal Replacement Shake [2lbs] - Low Carb Keto Protein Powder Shake Mix, High Fat Protein Shake with MCTs, Collagen Peptides and Real USA Cream Cheese",45.99,4.3,1882,4.2996791099175145,1 x 2 lb,1.4371875,$/oz,False,,False,,-0.16075939026928565,0.3071888949106706
B001E0Y5YM,Hemp Protein Powder 16 Oz ( 2-Pack),98.41,4.0,2,4.2900529230769235,,,,True,no pack size (sources_disagree),False,,-0.23077138235524272,
B00CLOMQE6,"Collagen Powder, 90% Chicken Protein 16oz (1 Pound)",59.95,5.0,1,4.300456575682382,1 x 16 oz,3.746875,$/oz,False,,False,,-0.15510482238291304,-1.001985127569952
B0BF46NLRG,"Tone It Up Plant Based Organic Protein Powder I Dairy Free, Gluten Free, Kosher, Non-GMO Pea & Pumpkin Seed Protein I for Women I 28 Servings, 15g of Protein – Vanilla",37.49,4.7,33,4.380491124260355,1 x 23.7 oz,1.5818565400843883,$/oz,False,,False,,0.42699256201610086,0.17615167948329877
B09JR45ZGN,"Just Hemp Foods Hemp Protein Powder Plus Fiber, Non-GMO Verified with 11g of Protein & 11g of Fiber per Serving, 16 oz - Packaging May Vary",7.82,4.3,3051,4.299797295332266,1 x 16 oz,0.48875,$/oz,False,,False,,-0.15989981872145584,1.7808005923484616
B0913HFDXB,"MCM Nutrition – Vegan Protein Powder (Strawberry Flavor) - Non-Dairy & Non-Gluten Plant Based Protein Powder – Delicious, Vegan Protein Shake with Pea Protein (1.8 LB) – (20 Servings)",44.77,3.3,29,4.104977732793523,1 x 1.8 lb,1.554513888888889,$/oz,False,,False,,-1.5768373762948598,0.19997377910870656
B077V2C511,"G6 Sports Nutrition Mass Pro High Protein Mass Gainer (64g Protein, Avocado Powder, Coconut Oil Powder, MCT Oil Powder) – 7lb Bag – Chocolate",69.99,4.3,58,4.296445388865278,1 x 7 lb,0.6249107142857142,$/oz,False,,False,,-0.1842784904557381,1.44503758269509
B07S257854,"Judee’s Unflavored Pea Protein Powder (80% Protein) 3 lb - 100% Non-GMO, Keto-Friendly, Vegan - Dairy-Free, Soy-Free, Gluten-Free and Nut-Free - Easily Dissolve in Liquids",29.99,4.4,136,4.350025542025542,1 x 3 lb,0.6247916666666666,$/oz,False,,False,,0.2054140556314426,1.4452978801249343
B005OZEABG,"Body Nutrition, Trutein Protein Powder, Breakfast Shake, Meal Replacement, and Pre and Post Workout Recovery Drink Mix, 25 Grams of Protein, Chocolate, 2 Pounds",39.95,4.5,90,4.381486457204767,,,,True,no pack size (title_conflicting_weight),False,,0.43423169453877647,
B086BQT62S,"DOL-Spirulina Powder 16 Ounce ,Substitute protein powder,Fitness food,Spirulina on Earth - 100% Vegetarian,1LB",29.99,4.4,26,4.313131646876614,1 x 16 oz,1.874375,$/oz,False,,False,,-0.06291806153618382,-0.055665922351547915
B08KNWF4L8,The LIFEbar ChocoMaca Pea Protein Powder with Plant Based Superfoods,39.99,3.7,11,4.245944890929966,1 x 16 fl oz,,,True,non-dominant dimension (volume),False,,-0.5515724688849916,
B09R2DYL64,"EVR-FIT Edge Organic Plant Based Pea Protein Powder - Low Calorie, Low Carb, Dairy Free Protein Powder - Gluten Free, Keto Friendly Vegan Protein Powder - Pre or Post Workout Recovery Drink – Berry",54.99,4.2,38,4.272401337792642,,,,True,no pack size (no_size_found),False,,-0.35915271025723056,
B08PYYFK3G,"ICONIC Chocolate Lover's Bundle | 12 Low Carb Protein Shakes + 1 lb. (17 Servings) Low Carb Protein Powder | Zero Sugar, 20g Protein, 4g Net Carbs | Lactose Free, Gluten Free, Soy Free | Keto Friendly",59.99,4.6,13,4.3239457013574665,1 x 1 lb,3.749375,$/oz,False,,False,,0.015733382620086552,-1.0028964073307742
B0BF8WTDD3,"NUTRITOTS Protein Powder for Kids | Vegan Plant-Based Nutritional Shakes with an Entire Serving of Fruits and Vegetables, Dairy and Gluten Free, Non GMO (Vanilla Ice Cream Shake Flavor) 15 Servings",32.0,3.8,32,4.192623325062035,,,,True,no pack size (no_size_found),False,,-0.9393842898455786,
B072W95C2P,"100% Organic Hemp Protein Powder 10.6 oz - Cold-Pressed from 100% Hemp Seeds - High in Vitamin D and Minerals - Straight from Farm - Raw, Vegan and Gluten-Free - Non-GMO - Recyclable Glass Jar",19.99,4.1,88,4.2135384615384615,,,,True,no pack size (no_size_found),False,,-0.7872669048713251,
B0C35QYV5S,MRE Lite Whole Food Low-Carb Meal Replacement Protein Powder - Rocket Bomb Cake Pop (2.11 Lbs. / 30 Servings),44.99,2.0,2,4.2580529230769235,1 x 2.11 lb,1.332642180094787,$/oz,False,,False,,-0.46350982633635923,0.41037320325584686
B09WPM74L5,"Unico Apollo Birthday Cake Protein Powder - 20g 100% Grass-Fed Whey Protein, Egg Albumen and Casein | Easy to Digest | Low-Carb and Low-Fat | 16 Servings | Non-Chalky Texture | with Sprinkles",34.99,4.8,32,4.399074937965261,1 x 20 g,49.597490707187504,$/oz,False,,False,,0.5621540584196851,-4.530997758477117
B08BQ5QDTS,"Collagen For Her - Marine Collagen Beauty Blend - Hydrolyzed Collagen Protein Powder, Hyaluronic Acid, Biotin, Vitamin C | Hair, Skin, Nail Supplement for Women (30 Servings)",36.99,4.4,365,4.373476670870113,1 x 5.8 oz,6.377586206896552,$/oz,False,,False,,0.375975906784135,-1.728641762547942
B0BSPJYB4P,"Evolution Advance Nutrition Grass Fed 100% Whey Protein Powder + Fit & Slim with Glucomannan, Inulin Fiber – High Fiber, High Protein, Pure, Keto Approved, Non GMO, Stevia Sweetened – 2 Pack",129.99,4.6,4,4.304382798304058,1 x 2 ct,,,True,non-dominant dimension (count),False,,-0.12654910539253034,
B00TU0H3J2,"Juven Therapeutic Nutrition Drink Mix Powder for Wound Healing Support, Includes Collagen Protein, Orange, 48 Count",142.04,4.3,61,4.296503344481605,,,,True,no pack size (title_is_kit),False,,-0.18385697483186308,
B07QC4ZRM8,"Pumpkin Seed Protein Powder Organic | 16 oz | Vegetarian, Gluten Free, and Non-GMO Formula | Keto and Paleo Supplement | 15g of Protein Per Serving | by Horbaach",24.89,4.5,358,4.447518950903566,1 x 16 oz,1.555625,$/oz,False,,False,,0.9144910644028813,0.19899759105787948
B0031CC2K0,"Source Naturals Pea Protein Power Plant-Based Protein Powder - Easy To Digest, Bioavailable, Non-Dairy, Vegan, Non-GMO, Gluten Free, Sugar Free, Unflavored - 32oz",26.43,3.6,63,4.059444168734491,1 x 32 oz,0.8259375,$/oz,False,,False,,-1.9080064652952793,1.0639802229761686
B00883D39Q,"Raw Warrior Brown Rice Protein Powder, Raw Power (16 oz, Premium)",22.95,4.0,41,4.221076923076923,1 x 16 oz,1.434375,$/oz,False,,False,,-0.73243909835654,0.3098651663457973
B08HVRFH9S,"Primal Harvest Keto Collagen Peptides Powder & MCT Oil Powder, Keto Coffee Creamer Powder 30 Servings of Grass Fed Protein Powder",33.95,4.3,160,4.297726556129383,1 x 7 fl oz,,,True,non-dominant dimension (volume),False,,-0.17496046309550634,
B094LXL5FC,"Nature Zen Organic Vegan Protein Powder from, Banana, Organic Rice and Pea Protein, Flaxseed Protein, Dairy Free, Soy Free, Gluten Free, Naturally Non GMO, Kosher, Halal, 18 Servings, 1lb",32.95,4.2,28,4.2771961283749365,1 x 1 lb,2.059375,$/oz,False,,False,,-0.3242798321529031,-0.18426599703928226
B097FTFW9Z,"BSN SYNTHA-6 Whey Protein Powder, Micellar Casein, Milk Protein Isolate, Banana, 28 Servings (Packaging May Vary), 2.91 Pound (Pack of 1)",41.99,4.6,1341,4.574355611601513,1 x 2.91 lb,0.9018470790378007,$/oz,False,,False,,1.8369837847341621,0.9438527287611322
B075LWZHPT,Siren Labs Isolate Premium Whey Protein Powder Keto Isolate and Hydrolysate with Amino Acids including Glutamine for Lean Muscle Growth and Recovery - Vanilla Ice Cream (30 Servings),64.99,4.6,11,4.319825487944891,,,,True,no pack size (no_size_found),False,,-0.014233244208439905,
B08FRWJCLH,"Orgain Bundle - Berry Superfoods Powder and Vanilla Protein & Superfoods Powder - Made without Gluten, Non-GMO",44.11,4.5,78,4.374411021814007,,,,True,no pack size (no_size_found),False,,0.38277151255957437,
B08ZNWFLTV,"Centenarius Nutrition Grass Fed Whey Protein Powder Isolate with Natural Amino Acids for Optimized Muscle Growth, Recovery & Efficiency - Cold-Filtered, No Additives or Hormones - Unflavored",57.96,4.1,72,4.222854437869822,,,,True,no pack size (no_size_found),False,,-0.7195110975111446,
B00NI9WBRA,"Body Nutrition, Trutein Protein Powder, Breakfast Shake, Meal Replacement, and Pre and Post Workout Recovery Drink Mix, 25 Grams of Protein, Chocolate Mint, 4 Pounds",62.95,5.0,10,4.3477941006362055,,,,True,no pack size (title_conflicting_weight),False,,0.18918461198177727,
B0B9CJ4T8X,"B.rad Grassfed Whey Protein Isolate Superfuel, 17g Whey, 3g Creatine Monohydrate | 100% USA Sourced, Farm Fresh, Highest Bioavailability, Vanilla Whey Protein Powder",71.95,4.7,62,4.430576299376299,1 x 17 g,119.98518757904414,$/oz,False,,False,,0.7912658658600559,-5.737969088129261
B09G84M868,"Thriv THriV Nutrition - Organic Plant Based Protein Powder, Chocolate or Vanilla, Vegan, Gluten-Free, Non-GMO, Dairy Free, (2.5lb/1,140g) Powder (Chocolate)",24.95,4.2,28,4.2771961283749365,,,,True,no pack size (title_conflicting_weight),False,,-0.3242798321529031,
B0BHZTH6W6,"Clean Simple Eats Simply Vanilla Whey Protein Powder, Natural Sweetened and Cold-Pressed Whey Protein Powder, 20 Grams of Protein, 30 Servings",59.99,4.6,194,4.481566610046105,1 x 20 g,85.0343946134375,$/oz,False,,False,,1.162122289716442,-5.267556936088076
B00MC65N8E,Designer Whey Protein Powder Double Chocolate - 2.1 lbs,45.68,5.0,2,4.3060529230769236,1 x 2.1 lb,1.3595238095238094,$/oz,False,,False,,-0.11440216036468447,0.3830882036100989
B00HZTI7SG,"Seeking Health Optimal Prenatal Powder, Vanilla Flavor, Vegetarian Protein Powder, Prenatal Multivitamin for Women, Vitamin B6 and Trace Minerals to Support Healthy Pregnancy (15 Servings)*",54.95,4.2,96,4.25322655426765,,,,True,no pack size (no_size_found),False,,-0.4986123752972739,
B08LZP3MH2,"VADE Nutrition Dissolvable Protein Packs - 100% Whey Isolate Protein Powder Vanilla Milkshake - Low Carb, Low Calorie, Lactose Free, Sugar Free, Fat Free, Gluten Free - 16 Packets To Go",28.99,3.8,12,4.250789743589744,,,,True,no pack size (sources_disagree),False,,-0.5163354854676652,
B004M7N8SS,"Source Naturals Glycine, for Protein Systhesis and Energy Generation*, 454 grams - 16 oz Powder",26.48,4.4,29,4.314846153846155,1 x 454 g,1.6535140360132161,$/oz,False,,False,,-0.05044832140225564,0.11562255582040679
B085PZK289,Gable Gold Vanilla Whey Protein Powder - Silver Star Nutrition,44.99,4.4,14,4.305522740033689,1 x 39.84 oz,1.1292670682730923,$/oz,False,,False,,-0.11825822213054435,0.6366147515157446
B0BNP3GNJC,Foods Alive | Organic Pea Protein Powder | 8 oz,8.89,3.3,12,4.206345299145299,1 x 8 oz,1.11125,$/oz,False,,False,,-0.8395833243303256,0.6585883402072596
B07TCBM5TH,"HEALTHFORCE SUPERFOODS Warrior Food, Natural - 500 Grams - Plant-Based Protein Powder with Minerals & Pea Protein - Certified Organic, Vegan, Non-GMO, Soy Free, Gluten Free, Sugar Free - 25 Servings",34.95,4.5,10,4.3102001156737995,1 x 500 g,1.9816316664375002,$/oz,False,,False,,-0.08423931186821876,-0.13169055371567526
B0BN2H583M,"LUV&LIFE Prenatal Vitamin Supplement Powder Vanilla Flavored Contains Protein and Fiber with Omega-3 DHA Pregnancy Non GMO, Non Toxic & Gluten Free Ingredients Formulated for Moms 29.6 oz",56.0,4.7,37,4.388478846153847,1 x 29.6 oz,1.8918918918918919,$/oz,False,,False,,0.4850878734050113,-0.06837473128933319
B002YZAP2W,"Ultimate Nutrition Muscle Juice Revolution 2600, Lean Muscle Mass Gainer Protein Powder with Glutamine, Whey Protein Isolate for Weight Gain, Time Release Carbohydrates, 11.1 Pounds, Chocolate",79.99,4.3,184,4.297904284640441,1 x 11.1 lb,0.45039414414414414,$/oz,False,,False,,-0.17366783006067446,1.8924603880479927
B06Y6429K8,Pinnacle of Wellness Bone Broth Hydrolyzed Protein Powder - Natural Flavor - 20 Servings 15.7oz (445g) 2 Bottles,69.98,3.5,9,4.240580419580419,,,,True,no pack size (sources_disagree),False,,-0.5905886787185812,
B0911TQSQK,Clean Simple Eats Protein Powder (Chocolate Brownie Batter),59.98,4.4,174,4.356419580419581,,,,True,no pack size (no_size_found),False,,0.25191838521219306,
B09FTKBPKS,BulkSupplements.com Hydrolyzed Whey Protein Isolate - Whey Isolate - Whey Protein Powder Unflavored - Plain Protein Powder - Whey Powder - Isolate Protein Powder (100 Grams - 3.5 oz),13.96,1.5,2,4.2500529230769235,1 x 100 g,3.9575934282500005,$/oz,False,,False,,-0.5216944373316383,-1.0767373181597377
B00TDEQ0BC,"Pure Protein Powder, Natural Whey, High Protein, French Vanilla, 1.6 lbs",33.39,4.2,24,4.279296703296704,1 x 1.6 lb,1.3042968749999997,$/oz,False,,False,,-0.30900219031671794,0.4397465568573259
B09GGCC17P,"Optimum Nutrition Gold Standard 100% Micellar Casein Protein Powder, Slow Digesting, Helps Keep You Full, Overnight Muscle Recovery, Cookies and Cream, 1.81 Pound (Packaging May Vary)",76.0,4.5,53,4.356571678321679,1 x 1.81 lb,2.6243093922651934,$/oz,False,,False,,0.2530246048705387,-0.5154624484590659
B01N7ZAEP6,"swiig Lo-Carb Whey Protein Powder, Chocolate, Isolate, No Artificial Flavors, Colors or Sweeteners, No Fillers, 2.2 Pound Bag",61.99,4.5,29,4.333925101214575,1 x 2.2 lb,1.7610795454545454,$/oz,False,,False,,0.08831431995161333,0.029516538741149338
B074GC5J8F,"NutraBio Grass Fed Whey Isolate Protein Powder - 25G of Protein Per Scoop - Sugar Free Natural Lean Muscle Protein Supplement - Cookies & Cream - 2 Pounds, 29 Servings",67.99,4.4,31,4.315952047952048,1 x 2 lb,2.1246875,$/oz,False,,False,,-0.04240506910808441,-0.2269228866045732
B09F25H9WS,Black Magic Protein Powder Whey Egg Casein Complex + Enzymes & MCT's Recovery 2lbs Cinnamon Toast Cereal Flavor,41.67,4.4,83,4.337168035847648,1 x 2 lb,1.3021875,$/oz,False,,False,,0.11190043121516823,0.4419578917842624
B09KV1ZZ1Y,"VADE Nutrition Dissolvable Protein Packs | Chocolate, Strawberry, Vanilla, Cappuccino & Shaker Bottle Bundle, Whey Isolate Protein Powder (8 Pack), On-The-Go, Low Carb, Low Calorie, Lactose Free",39.99,4.2,328,4.225846153846154,,,,True,no pack size (no_size_found),False,,-0.6977521187247383,
B071J5P4C2,"NOW Sports Nutrition, Certified Organic Whey Protein Powder, Creamy Vanilla, 1.2-Pound",29.99,4.2,89,4.254984034833091,1 x 1.2 lb,1.5619791666666667,$/oz,False,,False,,-0.4858300849182788,0.19342837595695922
B000GE0D8O,NOW Sports Whey Protein Isolate Powder with BCAAs - Unflavored - 1.2 lb,26.99,4.4,286,4.368353582847471,1 x 1.2 lb,1.4057291666666667,$/oz,False,,False,,0.33871529632263,0.3374263383529223
B00170NWFW,"NaturesPlus SPIRU-TEIN, Exotic Red Fruit - 1.1 lb - Plant-Based Protein Powder - Vitamins & Minerals for Energy - Vegetarian, Gluten Free - 14 Servings",26.15,4.0,83,4.176002987303958,1 x 1.1 lb,1.4857954545454544,$/oz,False,,False,,-1.060265275728562,0.2617448622094687
B07JG7QKR7,"TRUVANI - Wild Caught Hydrolyzed Marine Collagen Protein Powder | Collagen Protein Supplement with Type 1,2 & 3 | Anti-Skin Aging | Non-GMO | Gluten Free Fish Collagen | 6.35 OZ",44.99,4.5,670,4.4681672325152775,1 x 6.35 oz,7.085039370078742,$/oz,False,,False,,1.0646675935651808,-1.8723639856012488
B07VTH54Q4,Douglas Laboratories Muscle Protect with HMB | Supports Increased Protein Synthesis and Lean Muscle Preservation | 9.7 Ounces Powder,76.2,3.8,5,4.275442307692308,1 x 9.7 oz,7.855670103092784,$/oz,False,,False,,-0.3370355039246793,-2.013428067259809
B0BRZ4T5JL,Berry Beautiful Cranberry Seed Powder - Certified Organic Complete Protein Source - 1 lb. (454 g),32.0,4.3,20,4.295500806885422,1 x 1 lb,2.0,$/oz,False,,False,,-0.1911485073371215,-0.14429626971805037
B09K1LY1JD,SASZ Hydrolyzed Bovine Collagen Peptides Powder 1lb Jar Clean Collagen Unflavored Grass-Fed Non-GMO Kosher Highly Soluble Protein,29.95,4.7,22,4.3562525198939,1 x 1 lb,1.871875,$/oz,False,,False,,0.2507033412497681,-0.05384245043486884
B083KNN1DB,Flow Supplements Collagen Peptides Protein Powder Collagen Supplements with Hyaluronic Acid + Biotin Hydrolyzed Collagen Peptides Multi Collagen Powder Type I and III - 348 Gram (Pack of 1),29.99,4.4,300,4.369400981996727,1 x 348 g,2.443109765858477,$/oz,False,,False,,0.34633311032966485,-0.41771364892790086
B00JDTXR0Y,"Philosophie Plant Based Superfood Powder - Vegan Protein Powder with Rice Protein, Maca Root Powder & Acai Berry - Organic Dairy Free Superfood Blend - Protein Powder Without Artificial Sweeteners",22.99,4.0,44,4.217105481345003,,,,True,no pack size (no_size_found),False,,-0.7613236973893152,
B09FC4XQM2,"Lone Star Botanicals Organic Spirulina Powder 1lb – 100% Pure Superfood Supplement from Blue Green Algae Non GMO for Smoothie & Protein Drink, Vegan & USDA Certified Organic 100 Servings",21.99,4.6,59,4.393717666948437,1 x 1 lb,1.374375,$/oz,False,,False,,0.5231902171559105,0.368244616474255
B08RB2DSN8,BNLABS Blue Spirulina Powder Organic - USDA Certified - RAW Nutrient Dense Over 70% Protein Per Serving - Purest Source Vegan Protein - Superfood - Rich in Vitamins and Minerals,29.99,3.7,15,4.230120401337793,,,,True,no pack size (no_size_found),False,,-0.6666651902749223,
B074BDFXLS,Hydrolyzed Collagen Protein Powder for Women and Men Collagen Peptides Types I and III Non-GMO Grass-Fed Gluten-Free Kosher and Pareve Unflavored Easy to Mix Healthy Hair Skin Joints Nails 2Pack,48.99,4.5,1388,4.483293590592068,1 x 32 oz,1.5309375,$/oz,False,,False,,1.1746827511243525,0.22085340882630458
B08NQ3VLRD,"BIG BOLD HEALTH HTB Rejuvenate Superfood Advanced Protein Shake Mix- Superfood Protein Powder, Plant-Based Protein Shake for Immune Rejuvenation, French Vanilla Flavor",66.0,4.0,42,4.219737062937063,1 x 21.23 oz,3.1088082901554404,$/oz,False,,False,,-0.7421840034847723,-0.7469324875114839
B003B0SKF8,"Bob's Red Mill Hemp Protein Powder, 16-ounce (Pack of 4)",47.57,4.6,203,4.48483624351109,4 x 16 oz,0.74328125,$/oz,False,,False,,1.1859025836236035,1.2080424435573658
B07198FFWM,"Betancourt Nutrition Lean Gainz Protein Blend, Natural Protein, Carbohydrates, Saturated Fatty Acids, Powder 5.3 lb. (16 Servings), Chocolate Brownie",84.99,4.5,36,4.341236574746009,,,,True,no pack size (sources_disagree),False,,0.14149122535521014,
B09QV5N1JY,"Primal Kitchen Primal Fuel Chocolate Coconut Whey Protein Powder, Gluten and Soy Free, 1.94 Pounds",70.97,4.4,60,4.329271122320303,1 x 1.94 lb,2.2864046391752577,$/oz,False,,False,,0.054465576008677435,-0.32714426441533223
B07P5GH9QM,"PURE ORIGINAL INGREDIENTS Pea Protein Powder (2 lb) Organic, High in Iron, Unflavored, Eco-Friendly Packaging, Gluten-Free",21.99,4.0,25,4.244977130977131,1 x 2 lb,0.6871875,$/oz,False,,False,,-0.5586110609340561,1.3152473384904195
B01N6ILF1H,"Designs for Health Organic PurePea Plus with Greens - Vanilla-Strawberry Pea Protein Powder with 18g Vegan Protein + Alkalizing Vegetables, Non-GMO Shake Smoothie Drink Powder (15 Servings / 510g)",70.49,4.2,26,4.278232318017553,,,,True,no pack size (title_conflicting_weight),False,,-0.3167435457437822,
B07J2WDXSG,"Barley Grass Powder - USDA Certified Organic Barley Grass Powder - Non-GMO, Vegan, and Non-Irradiated - Rich In Antioxidants, Protein, Fiber, Minerals, Chlorophyll, Amino Acids and Protein - 200 Grams",16.95,4.5,674,4.468326995463759,1 x 200 g,2.40262208484375,$/oz,False,,False,,1.065829561691286,-0.39488241449880324
B07G9Q7W4T,"OnMyWhey - Protein Powder and Supplement Funnel Keychain, Portable to-Go Container for The Gym, Workouts, Fitness, and Travel - TSA Approved, Punny Variety 3-Pack",16.49,4.5,570,4.46357375957376,,,,True,no pack size (no_size_found),False,,1.0312589140377366,
B08994FN8C,HLTH Code Complete Meal Replacement Powder | High Protein | Chocolate Macadamia Flavor | 15 Servings,69.95,4.2,343,4.225014196104325,,,,True,no pack size (no_size_found),False,,-0.7038030109213469,
B071XM1VTM,"USN Supplements Zero Carb IsoPro 100% Whey Protein Isolate Powder - Keto Friendly, Sugar Free and Low Calorie, WheyTella, 1.7 Pounds",45.99,4.0,16,4.26083895960155,1 x 1.7 lb,1.6908088235294119,$/oz,False,,False,,-0.443246769910856,0.08514966149819946
B0C3WK7WS1,"PEScience Select Low Carb Protein Powder, White Chocolate Macadamia, 27 Serving, Keto Friendly and Gluten Free",39.99,4.3,24,4.295623233908948,1 x 29.89 oz,1.3379056540649046,$/oz,False,,False,,-0.19025808624472484,0.4049876733425709
B0BP5QSHSD,"Tone It Up Protein Vanilla Protein Powder, Chocolate Peanut Butter Bars & Snickerdoodle Cookies Variety Pack, Set I Plant Based Pea Protein, Healthy Snacks, Non-GMO, Gluten-Free, Dairy Free Nutrition",29.99,2.7,3,4.256798534798534,,,,True,no pack size (no_size_found),False,,-0.47263308808824916,
B0B5YM6JHC,"BARE PERFORMANCE NUTRITION, BPN Whey Protein Powder, Strawberry, 27 Servings",52.9,4.6,1816,4.58063775935256,,,,True,no pack size (no_size_found),False,,1.8826743251228515,
B09YDNRB1Z,"OnMyWhey - Protein Powder & Supplement Funnel Keychain, Portable To-Go Container for The Gym, Workouts, Fitness, & Travel - TSA Approved, Where There's A Will There's A Whey",9.99,4.2,32,4.275203970223325,,,,True,no pack size (no_size_found),False,,-0.33876895053947575,
B09M7PK7SR,"PlantFusion Complete Meal Bundle, Plant Based Pea Protein Powder, Vegan, Gluten Free, Non-Dairy, No Sugar, Non-GMO, Vanilla 1 LB and Chocolate Caramel 1 LB",59.45,4.6,3,4.302036630036629,1 x 1 lb,3.715625,$/oz,False,,False,,-0.1436129663887556,-0.9905425470258502
B00IQU9R0K,Nutri-Supreme Research Whey Protein Powder Sweet Vanilla Bean Dairy Cholov Yisroel - 1.2 LB,55.33,5.0,7,4.332743195266272,,,,True,no pack size (sources_disagree),False,,0.07971822772223687,
B00HCNG7U0,"Wholistic Botanicals Live Plant Pea Protein — Natural Pea Protein Powder Vegan, Natural Pure Protein Plant-Based Blend for Weight Loss, Probiotic Meal Replacement — Chocolate Powder",38.99,3.9,4,4.28233555420957,1 x 17.28 oz,2.256365740740741,$/oz,False,,False,,-0.28690039553700125,-0.3090756309121707
B0C2W3SWQS,"Labrada Hydro 100% Pure Hydrolyzed Whey Protein Isolate Powder, Lactose Free, 6g BCAA’s, 4.5g Glutamine, Fastest Digesting Whey Available, Instant Mixing, Delicious Taste (Chocolate Peanut Butter)",39.99,4.8,168,4.586448850118953,,,,True,no pack size (title_conflicting_weight),False,,1.9249388320854566,
B09FQCMW82,"Vitron Whey Protein Powder with Variable Flavor (Cookie Flavor, 400gr (1.05 lbs))",29.9,3.4,26,4.138635002581312,,,,True,no pack size (title_conflicting_weight),False,,-1.33204548257415,
B0BT1BMFVZ,PRAVI - 100% Pure Goat Whey Protein Powder - Undenatured - Clean & Easily Digestible - 2 Ingredients,49.99,5.0,3,4.311560439560439,,,,True,no pack size (no_size_found),False,,-0.07434557234675694,
B0BJ4PYH6V,"Forzagen Protein Powder and Supplement Funnel Keychain, Portable to-Go Container for The Gym, Workouts, Fitness, and Travel - TSA Approved",10.9,4.8,20,4.365430876815492,,,,True,no pack size (no_size_found),False,,0.3174582321321017,
B07C71PFCN,MUSCLE FOOD LABS MFL Slim WHEY Protein Powder | 28g Protein | Low Carbs | Slimming Nutritional Shake | Sweetened with Stevia | 2 lbs. (Chocolate Berries),47.95,4.0,13,4.266592760180996,1 x 2 lb,1.4984375,$/oz,False,,False,,-0.40139893885342326,0.2501692762196916
B07SMSMJF6,"BodyTech Elite Ultimate BCAA Powder, Supports Muscle Protein Synthesis, Nitric Oxide Production, Fruit Punch (30 Servings)",32.99,4.6,18,4.333734860883797,,,,True,no pack size (no_size_found),False,,0.08693068749636974,
B08FWFXQDQ,"Orgain Organic Plant Based Protein Powder, Natural Unsweetened - Vegan, Low Net Carbs, 1.59 Pound & Grass Fed Hydrolyzed Collagen Peptides Protein Powder - Paleo & Keto Friendly, 1 Pound",51.83,5.0,3,4.311560439560439,,,,True,no pack size (title_conflicting_weight),False,,-0.07434557234675694,
B0BRNZFF8N,"Nutricost Egg White Protein Powder 1lb (Unflavored) - Non-GMO, Gluten Free",29.95,4.7,61,4.429112040133779,1 x 1 lb,1.871875,$/oz,False,,False,,0.7806161965572705,-0.05384245043486884
B0BW12G6JH,"Bovine Collagen Peptides Powder, High Protein, Dairy & Gluten Free Hydrolyzed Collagen, Quality Collagen Protein, Collagen Peptides for Diet & Everyday, Carb Free Bovine Collagen, 15.6oz Tub",32.9,4.4,4250,4.397040159017749,1 x 15.6 oz,2.108974358974359,$/oz,False,,False,,0.5473549557293895,-0.21678133053012463
B0B5LT11CL,"RAW EAA Essential Amino Acids Powder Supplement | Maximize Protein Synthesis, Build Lean Muscle Mass Increase Strength, Endurance, Recovery BCAA Energy Lemon Lime (25 Servings), 11 Ounce",44.99,4.1,16,4.2723497509684565,1 x 11 oz,4.09,$/oz,False,,False,,-0.3595279051694465,-1.1216985775924009
B09ZV9TQYW,"BareOrganics Pumpkin Protein Powder, 12 oz",20.8,5.0,2,4.3060529230769236,1 x 12 oz,1.7333333333333334,$/oz,False,,False,,-0.11440216036468447,0.051213273206228045
B0C6B6YGGG,Glaxon Protos - Humanized Whey Protein Powder for Muscle Recovery - Maple Pancake Shake,29.99,4.3,24,4.295623233908948,1 x 18.24 oz,1.6441885964912282,$/oz,False,,False,,-0.19025808624472484,0.12334962389892365
B0B6Q89TR2,"Magician Black Magic Multi-Source Whey Protein Powder - Whey, Egg, Casein Complex with Enzymes & MCT's Keto, Low Sugar Pre/Post Workout Honey Graham Crackers Flavor 24g 2 LB, Pack of 1",42.99,4.4,28,4.314282221090169,,,,True,no pack size (title_conflicting_weight),False,,-0.05454984740657236,
B01H8J7XPA,Herbalife Formula 1 Shake Mix Dutch Chocolate 500 Grams and Formula 2 Personalized Protein Powder (PPP) - 200 Grams Unflavored,82.65,3.6,10,4.242530942741469,,,,True,no pack size (title_conflicting_weight),False,,-0.5764023747982064,
B0BN29TDVD,100% Whey Protein Powder - Low Carb Protein Powder for Women & Men - Stevia Sweetened Whey Protein Isolate Powder - ISO Protein Powder for Muscle Gain & Repair - Keto Powder Pumpkin Pie,34.95,4.3,39,4.29602849002849,,,,True,no pack size (no_size_found),False,,-0.18731062753609723,
B09QH7R6PS,Sunwarrior Vegan Active Protein Powder - High Performance & Sugar Free & Vegan Active Creatine Monohydrate,67.46,4.7,4,4.30753240460327,,,,True,no pack size (no_size_found),False,,-0.10364177822903727,
B0BS73CYPL,"Flexible Dieting Lifestyle Whey Protein Powder, Chocolate Fudge Brownie | Low Net Carbs, Gluten Free, No Sugar Added | 2 Lb - 27 Servings",42.0,4.3,17,4.295404395604396,1 x 2 lb,1.3125,$/oz,False,,False,,-0.1918497139473799,0.43118078503226176
B0BY5LST8X,"Allo Hazelnut High Protein Powder Coffee Creamer for Hot & Cold Coffee, Tea, Chocolate, Drinks | Low Carb, Gluten-Free, Clump-Free, Sugar-Free | 20 Grams of Hydrolyzed Whey Protein Powder | 500g",69.99,4.2,10,4.287643724696356,,,,True,no pack size (title_conflicting_weight),False,,-0.2482936661782125,
B0C5JV4ZJ6,"VADE Nutrition Dissolvable Protein Packs - 100% Whey Isolate Protein Powder Chocolate Milkshake - Low Carb, Low Calorie, Lactose Free, Sugar Free, Fat Free - 20 Single Serving Travel Packets to Go",48.99,1.0,1,4.268198511166253,1 x 26.55 oz,1.8451977401129944,$/oz,False,,False,,-0.3897201892993607,-0.03423128612288813
B073B7QHSR,Herbalife Personalized Protein Powder (400Gms),42.46,4.1,3804,4.106100487747546,1 x 14 oz,3.032857142857143,$/oz,False,,False,,-1.5686714937645008,-0.7131395390092125
B0915D8JJQ,"AKI Dried MANGO Powder (6.34oz / 180g)-Vitamin C and Other Nutrients | Mango Ideal As Booster Supplement for Protein Smoothies, Sorbet Seasoning, Juice, Popsicles & Ice Cream",17.95,2.9,6,4.229896243291592,1 x 6.34 oz,2.831230283911672,$/oz,False,,False,,-0.668295508864876,-0.6191509909629054
B01MSWZKVW,"Wild Alaskan Salmon Bone Broth Collagen Powder 450g(Approx.1lb) Pure Protein Non-Gelling Type - Unflavored, No Taste",48.95,5.0,2,4.3060529230769236,1 x 450 g,3.0837981265972227,$/oz,False,,False,,-0.11440216036468447,-0.7358967547116846
B0C23SNQTS,Nepro LP Powder Vanilla Toffe - Complete Renal Nutrition Carb Steady Lower Protein (400 GMS),25.27,4.4,19,4.30884940411701,1 x 1 oz,25.27,$/oz,False,,False,,-0.09406314018054975,-3.6097142404721723
B07GRDR12X,"DaVinci Labs Vegan Protein - Protein Powder Supplement for Muscle and Tissue Repair* - With Pea, Flax Seed, and More - Creamy Chocolate Flavor - Soy and Gluten-Free - 447g, 15 Servings",46.31,4.5,9,4.308762237762237,1 x 447 g,2.9370613331515663,$/oz,False,,False,,-0.09469710773608796,-0.6692893819411591
B0C5Z8FTKW,"Very Thin Products Sunshine in a Bag - Non-GMO Multi-Collagen & Whey Vanilla Protein Powder - Boost Energy, Hair & Nails, Replenish Your Skin, Bone Density, Joint Flexibility, and Cognitive Function.",29.95,5.0,8,4.337836758661186,,,,True,no pack size (no_size_found),False,,0.11676410331134054,
B0C2VT8HYG,"SHIFTED Recovery - Post Workout Recovery Drink - Essential Amino Acids Powder with Whey Protein Isolate, & Tart Cherry Juice - Premium Muscle Recovery Powder (20 Servings, Tropical Berry)",39.95,4.4,19,4.30884940411701,,,,True,no pack size (no_size_found),False,,-0.09406314018054975,
B0BVZQZWBW,"Collagen Protein Peptides Powder – Organic Protein Coffee for Men & Women, Promotes Glowing Skin, Lose Weight, Hair, Nails, Bone & Joint, Muscles, Superboost Supplement (30 Servings)",49.99,4.4,19,4.30884940411701,1 x 30 ct,,,True,non-dominant dimension (count),False,,-0.09406314018054975,
B08TB1ZLWP,ImmunoG PRP Powder Natural bovine colostrum collected within 24 hours after birthing. This formula is a whole food providing IgG and colostrum polypeptides‚ including essential PRPs. It also supplies protein‚ i??un? factors‚ growth factors‚ vitamins and minerals to ensure health and vitality naturally. Numerous scientific studies have shown that colostrum supports the human i??un? and cytokine systems. Bovine colostrum is richer in immune factors than human colostrum and is biologically transferable to humans. UPC 812527011717,81.24,4.3,22,4.295562864721486,1 x 10.5 oz,7.737142857142857,$/oz,False,,False,,-0.19069715595579945,-1.9926570459719892
B0B7C8PGLJ,"Multi Collagen Powder 8oz | Vanilla Flavored | Hydrolyzed Collagen Peptides | Collagen Protein Supplement | Non-GMO, Gluten Free by Horbaach",15.99,4.0,54,4.20483963494133,1 x 8 oz,1.99875,$/oz,False,,False,,-0.8505341350800073,-0.14344210518209372
B076CJN3LK,"Icon Muscle Isolean Whey Protein Powder, Chocolate, 1 Pound",15.99,3.1,2,4.275652923076923,1 x 1 lb,0.999375,$/oz,False,,False,,-0.3355036821467464,0.8035606168340709
B07MG7JCHS,"Previnex Nourify Plus Plant Based Protein Shake - All Natural Vegan Protein Powder, High Protein & Low Sugar, Gluten Free, Soy Free & Dairy Free, Vanilla (27.7 oz)",72.95,3.3,8,4.2340199647680565,1 x 27.7 oz,2.6335740072202167,$/oz,False,,False,,-0.6383033676197574,-0.5202771861880185
B0BHFBY1F5,"Cobra Kai Shaker Bottle with Blender Mixer Ball, 25oz - Blend Protein Powder, Sports Drinks, Shakes, Smoothies & More - Official Merchandise - Season 6 Karate Kid Gift for Kids, Teens, Adults",19.99,4.5,6,4.304314847942756,,,,True,no pack size (no_size_found),False,,-0.12704331355994955,
B0BQNGCQ8D,Nordic Supplements Blue Raspberry Protein Powder Ultra Filtered Cold Processed Whey Protein Shake | Advanced Formula 25g of Protein 30 Servings,34.95,3.9,6,4.276407871198569,1 x 31.84 oz,1.097675879396985,$/oz,False,,False,,-0.33001288679929935,0.675379928943236
B01MSKL92Z,BodyMe Organic Vegan Protein Powder Blend | Raw Cacao | 2.2lb 1kg | UNSWEETENED with 3 Plant Proteins,44.99,3.7,677,3.7914457692307693,1 x 2.2 lb,1.278125,$/oz,False,,False,,-3.857179293105462,0.4674400842881181
B09V9S3CQV,Skinny Jane GO! Pro Shakes | Great Tasting Protein Powder Smoothie Drink for Kids Teens | Healthy Snack | No Added Sugar | Rich Delicious Flavor | Growth and Strength | Nutrition Shakes (Vanilla),49.99,4.1,74,4.221607184693479,1 x 16 oz,3.124375,$/oz,False,,False,,-0.7285824651209142,-0.7537565594671523
B0BWM6167M,HEARTHY FOODS Collagen+ Powder - 18g Protein - Hydrolyzed Collagen + Biotin + Hyaluronic Acid & Vitamin C | Gluten Free No Sugar Non GMO 16 Oz,29.99,4.3,26,4.295681982447083,1 x 16 oz,1.874375,$/oz,False,,False,,-0.18983080363998625,-0.055665922351547915
B08W7BSWX1,"Enhanced Labs - Protein Tech - Smart Collagen Protein Powder for Men & Women - Keto Friendly, Fat, Dairy, Carb & Sugar Free Protein Supplement (20 Servings) (Vanilla)",27.99,3.1,6,4.239198568872988,,,,True,no pack size (no_size_found),False,,-0.6006389844517593,
B019BGB2BO,Nutri- Supreme Research Whey Protein Powder Dairy Cholov Yisroel Sweet Vanilla Bean Sweetened with Erythritol and Stevia - 2 Lb - 25 G,71.99,5.0,2,4.3060529230769236,,,,True,no pack size (title_conflicting_weight),False,,-0.11440216036468447,
B0BS769NKP,GENESIX NUTRITION Grow Protein Powder Dietary Supplement Supporting Muscle Growth & Recovery | Pure Micronized Creatine Ultra-Premium Lean Mass Gainer | Chocolate | 20 Servings 5.3kg,69.95,4.5,3,4.299655677655677,1 x 5.3 kg,0.3741602155837264,$/oz,False,,False,,-0.16092981489925526,2.1458138303449177
B089B7YMKT,"Primal Labs Smash-It Nutrient Infused Low Carb Protein Powder to Help Trim Down, Keto Meal Replacement Shake Powder, Gluten-Free Whey Protein Powder, Delicious Chocolate Flavor, 761 Grams",49.95,4.3,464,4.298903944437164,1 x 761 g,1.8607867018314719,$/oz,False,,False,,-0.16639722801067935,-0.04572530542758522
B09YDQB233,"ONMYWHEY - Protein Powder & Supplement Funnel Keychain, Portable To-Go Container for The Gym, Workouts, Fitness, & Travel - TSA Approved, Straight Outta The Gym",9.99,4.4,22,4.310735278514589,,,,True,no pack size (no_size_found),False,,-0.08034703165440754,
B07S5C3RPF,Nutri-Supreme Research Whey Protein Powder Ice Cream Smoothie Flavor Dairy Cholov Yisroel - 1 LB,40.99,5.0,3,4.311560439560439,1 x 1 lb,2.561875,$/oz,False,,False,,-0.07434557234675694,-0.48256572238492657
B08GL5SHND,"Mdrive Boost & Burn for Men Start Everyday Nutrition & Protein Powder - Natural Energy, Strength, Stress Relief, Lean Muscle, Digestion, Immune Health, Nitric Oxide and Recovery",99.99,4.2,12,4.2863452991452995,,,,True,no pack size (no_size_found),False,,-0.2577372143775343,
B087V57MG3,LIV Organic Hemp Heart Protein Powder - Highly Digestible Vegan Protein | 9g Plant-Based Protein per Serving | Premium Smooth Texture | 8oz | Pack of 1,17.0,3.7,12,4.241900854700855,,,,True,no pack size (title_conflicting_weight),False,,-0.5809850532401947,
B00354U576,Metagenics Vasotensin Fish Protein Powder Supplement to Help Support Healthy Blood Pressure Levels - 120 Tablets,78.38,4.6,96,4.428569020021074,1 x 120 ct,,,True,non-dominant dimension (count),False,,0.7766667698047279,
B0C79T2CBF,"One Sol Lean Plant Protein Powder Horchata, Low Carb, Gluten Free, Lactose-Free, No Sugar Added, Soy Free, Non-GMO, 100% Plant-Based & Vegan Friendly",44.99,4.3,47,4.296215384615385,,,,True,no pack size (no_size_found),False,,-0.18595132893164917,
B07ZVRYQWV,Elevation by Millville Whey Protein Powder Blend Vanilla 32oz 907g (Pack of Two),64.97,5.0,4,4.316981223500908,1 x 32 oz,2.0303125,$/oz,False,,False,,-0.03491979673855159,-0.16484793345859167
